entry_id,evidence_status,cohort_id,model,fit_period,chronology,market_quote_timing,n,log_loss,brier,baseline_entry_id,log_loss_delta_vs_baseline,market_reference_entry_id,incremental_log_loss_delta_vs_market,conditional_event_interval_2_5,conditional_event_interval_97_5,metric_source_path,metric_source_sha256,detail_source_path,detail_source_sha256,notes
MULTI01-pinnacle_calibration_logistic,independently_reviewed_developmental_benchmark,MULTI01-PRIMARY-PINNACLE-2012-2024-31021,pinnacle calibration logistic,Annual refit on preceding five years; fixed settings,reported calendar match dates without clocks; result eligibility D-2; same-date batches frozen,annual latest preplay proxy; exact quote time and historical availability unknown,31021,0.5752360908345159,0.19685900233509432,,,,,,,experiments/runs/MULTI01/attempt_001/metrics.csv,f8fab8fed6e58e92b3f9838095dde88717bddb9025d23e0dc5c148dcd5f80aeb,,,
MULTI01-pinnacle_raw_normalized,independently_reviewed_developmental_benchmark,MULTI01-PRIMARY-PINNACLE-2012-2024-31021,pinnacle raw normalized,No fit,reported calendar match dates without clocks; result eligibility D-2; same-date batches frozen,annual latest preplay proxy; exact quote time and historical availability unknown,31021,0.5752993765093148,0.19686835851995463,,,,,,,experiments/runs/MULTI01/attempt_001/metrics.csv,f8fab8fed6e58e92b3f9838095dde88717bddb9025d23e0dc5c148dcd5f80aeb,,,
MULTI01-pinnacle_calibration_plus_joint,independently_reviewed_developmental_benchmark,MULTI01-PRIMARY-PINNACLE-2012-2024-31021,pinnacle calibration plus joint,Annual refit on preceding five years; fixed settings,reported calendar match dates without clocks; result eligibility D-2; same-date batches frozen,annual latest preplay proxy; exact quote time and historical availability unknown,31021,0.5813982188334074,0.19859716068354152,,,MULTI01-pinnacle_calibration_logistic,0.006162127998891487,,,experiments/runs/MULTI01/attempt_001/metrics.csv,f8fab8fed6e58e92b3f9838095dde88717bddb9025d23e0dc5c148dcd5f80aeb,,,"The primary augmentation is worse in 13/13 seasons. Equal-season delta +0.00628350, approximate t95% [+0.00421969, +0.00834730]; this is not an event-bootstrap interval."
MULTI01-shallow_hist_gradient_boosting,independently_reviewed_developmental_benchmark,MULTI01-PRIMARY-PINNACLE-2012-2024-31021,shallow hist gradient boosting,Annual refit on preceding five years; fixed settings,reported calendar match dates without clocks; result eligibility D-2; same-date batches frozen,,31021,0.5989139842635569,0.20682912715702026,,,,,,,experiments/runs/MULTI01/attempt_001/metrics.csv,f8fab8fed6e58e92b3f9838095dde88717bddb9025d23e0dc5c148dcd5f80aeb,,,
MULTI01-joint_ridge_logistic,independently_reviewed_developmental_benchmark,MULTI01-PRIMARY-PINNACLE-2012-2024-31021,joint ridge logistic,Annual refit on preceding five years; fixed settings,reported calendar match dates without clocks; result eligibility D-2; same-date batches frozen,,31021,0.6036946917699281,0.20788840049422644,,,,,,,experiments/runs/MULTI01/attempt_001/metrics.csv,f8fab8fed6e58e92b3f9838095dde88717bddb9025d23e0dc5c148dcd5f80aeb,,,
MULTI01-joint_player_surface_deviations,independently_reviewed_developmental_benchmark,MULTI01-PRIMARY-PINNACLE-2012-2024-31021,joint player surface deviations,Annual refit on preceding five years; fixed settings,reported calendar match dates without clocks; result eligibility D-2; same-date batches frozen,,31021,0.6042284000448928,0.2080198489049739,,,,,,,experiments/runs/MULTI01/attempt_001/metrics.csv,f8fab8fed6e58e92b3f9838095dde88717bddb9025d23e0dc5c148dcd5f80aeb,,,
MULTI01-elo_probability_pool,independently_reviewed_developmental_benchmark,MULTI01-PRIMARY-PINNACLE-2012-2024-31021,elo probability pool,Fixed K32; prequential states initialized from 2005,reported calendar match dates without clocks; result eligibility D-2; same-date batches frozen,,31021,0.6088278717455992,0.2109702745237239,,,,,,,experiments/runs/MULTI01/attempt_001/metrics.csv,f8fab8fed6e58e92b3f9838095dde88717bddb9025d23e0dc5c148dcd5f80aeb,,,
MULTI01-lagged_market_elo,independently_reviewed_developmental_benchmark,MULTI01-PRIMARY-PINNACLE-2012-2024-31021,lagged market elo,Fixed K32; prequential states initialized from 2005,reported calendar match dates without clocks; result eligibility D-2; same-date batches frozen,annual latest preplay proxy; exact quote time and historical availability unknown,31021,0.6094913354933595,0.21130749728178913,,,,,,,experiments/runs/MULTI01/attempt_001/metrics.csv,f8fab8fed6e58e92b3f9838095dde88717bddb9025d23e0dc5c148dcd5f80aeb,,,
MULTI01-market_memory_ridge,independently_reviewed_developmental_benchmark,MULTI01-PRIMARY-PINNACLE-2012-2024-31021,market memory ridge,"Weekly past-price ridge; five-year window, 365-day half-life",reported calendar match dates without clocks; result eligibility D-2; same-date batches frozen,annual latest preplay proxy; exact quote time and historical availability unknown,31021,0.6117170261966913,0.21223696742967926,,,,,,,experiments/runs/MULTI01/attempt_001/metrics.csv,f8fab8fed6e58e92b3f9838095dde88717bddb9025d23e0dc5c148dcd5f80aeb,,,
MULTI01-elo_overall_fixed,independently_reviewed_developmental_benchmark,MULTI01-PRIMARY-PINNACLE-2012-2024-31021,elo overall fixed,Fixed K32; prequential states initialized from 2005,reported calendar match dates without clocks; result eligibility D-2; same-date batches frozen,,31021,0.614175914990956,0.2130435214501816,,,,,,,experiments/runs/MULTI01/attempt_001/metrics.csv,f8fab8fed6e58e92b3f9838095dde88717bddb9025d23e0dc5c148dcd5f80aeb,,,
MULTI01-rank_points_logistic,independently_reviewed_developmental_benchmark,MULTI01-PRIMARY-PINNACLE-2012-2024-31021,rank points logistic,Annual refit on preceding five years; fixed settings,reported calendar match dates without clocks; result eligibility D-2; same-date batches frozen,,31021,0.6218176868859027,0.21645569758903693,,,,,,,experiments/runs/MULTI01/attempt_001/metrics.csv,f8fab8fed6e58e92b3f9838095dde88717bddb9025d23e0dc5c148dcd5f80aeb,,,
MULTI01-serve_return_logistic,independently_reviewed_developmental_benchmark,MULTI01-PRIMARY-PINNACLE-2012-2024-31021,serve return logistic,Annual refit on preceding five years; fixed settings,reported calendar match dates without clocks; result eligibility D-2; same-date batches frozen,,31021,0.6235085013437464,0.21762232458361663,,,,,,,experiments/runs/MULTI01/attempt_001/metrics.csv,f8fab8fed6e58e92b3f9838095dde88717bddb9025d23e0dc5c148dcd5f80aeb,,,
MULTI01-constant_0_5,independently_reviewed_developmental_benchmark,MULTI01-PRIMARY-PINNACLE-2012-2024-31021,constant 0 5,No fit,reported calendar match dates without clocks; result eligibility D-2; same-date batches frozen,,31021,0.6931471805599453,0.25,,,,,,,experiments/runs/MULTI01/attempt_001/metrics.csv,f8fab8fed6e58e92b3f9838095dde88717bddb9025d23e0dc5c148dcd5f80aeb,,,
MULTI02-SELECTED-CAL,exposed_developmental_past_selected_followup,MULTI02-PRIMARY-PINNACLE-2017-2024-18903,Past-selected market calibration control,Annual three-year fit; lambda selected from three earlier year-ahead validations,reported calendar match dates without clocks; result eligibility D-2; same-date batches frozen,annual latest preplay proxy; exact quote time and historical availability unknown,18903,0.5872795009095364,0.2020800122119655,MULTI02-PS-CAL,-2.140813393891605e-06,,,,,experiments/runs/MULTI02/attempt_001/metrics.csv,4ef3e65fc2b26525f8bb34e981adbb768953d0bd4dd97fdadfed0511acad8498,experiments/runs/MULTI02/attempt_001/primary_summary.json,468627bc82ea54b9453aa39ee42c4b2863104a25f48b6cbe5c82ae7882f364a2,Selection is past-only within each evaluation year. The displayed baseline delta is pooled and is not the registered equal-season primary estimand.
MULTI02-SELECTED-FULL,exposed_developmental_past_selected_followup,MULTI02-PRIMARY-PINNACLE-2017-2024-18903,Past-selected 11-residual market-anchored ensemble,Annual three-year fit; lambda selected from three earlier year-ahead validations,reported calendar match dates without clocks; result eligibility D-2; same-date batches frozen,annual latest preplay proxy; exact quote time and historical availability unknown,18903,0.5869302478589153,0.20197905368007227,MULTI02-SELECTED-CAL,-0.0003492530506210567,MULTI02-PS-CAL,-0.0003513938640149483,,,experiments/runs/MULTI02/attempt_001/metrics.csv,4ef3e65fc2b26525f8bb34e981adbb768953d0bd4dd97fdadfed0511acad8498,experiments/runs/MULTI02/attempt_001/primary_summary.json,468627bc82ea54b9453aa39ee42c4b2863104a25f48b6cbe5c82ae7882f364a2,"Primary equal-season delta -0.000418665; 6/8 seasons improve; approximate t7 95% interval [-0.000925844, +0.000088514] crosses zero. Secondary equal-season deltas are -0.000420559 versus unchanged calibrated Pinnacle and -0.000417435 versus raw normalized Pinnacle. Exposed development; no holdout or economic-value claim."
MULTI02-PS-CAL,exposed_developmental_past_selected_followup,MULTI02-PRIMARY-PINNACLE-2017-2024-18903,Unchanged MULTI01 calibrated Pinnacle,Frozen MULTI01 year-ahead calibration; no MULTI02 refit,reported calendar match dates without clocks; result eligibility D-2; same-date batches frozen,annual latest preplay proxy; exact quote time and historical availability unknown,18903,0.5872816417229303,0.20208062949490513,,,,,,,experiments/runs/MULTI02/attempt_001/metrics.csv,4ef3e65fc2b26525f8bb34e981adbb768953d0bd4dd97fdadfed0511acad8498,experiments/runs/MULTI02/attempt_001/primary_summary.json,468627bc82ea54b9453aa39ee42c4b2863104a25f48b6cbe5c82ae7882f364a2,
MULTI02-PS-RAW,exposed_developmental_past_selected_followup,MULTI02-PRIMARY-PINNACLE-2017-2024-18903,Unchanged raw normalized Pinnacle,No fit; frozen MULTI01 annual proxy,reported calendar match dates without clocks; result eligibility D-2; same-date batches frozen,annual latest preplay proxy; exact quote time and historical availability unknown,18903,0.587278103678432,0.20205984645708122,,,,,,,experiments/runs/MULTI02/attempt_001/metrics.csv,4ef3e65fc2b26525f8bb34e981adbb768953d0bd4dd97fdadfed0511acad8498,experiments/runs/MULTI02/attempt_001/primary_summary.json,468627bc82ea54b9453aa39ee42c4b2863104a25f48b6cbe5c82ae7882f364a2,
MULTI03-FULL,exposed_developmental_past_selected_regularization,MULTI03-PRIMARY-PINNACLE-2017-2024-18903,Selected original joint features (exact market fallback in 8/8 years),Original five-year fits; penalty selected on three prior validation seasons,reported calendar match dates without clocks; result eligibility D-2; same-date batches frozen,annual latest preplay proxy; exact quote time and historical availability unknown,18903,0.5872816417229303,0.2020806294949051,MULTI03-CONTROL,-9.659500686176603e-05,MULTI03-PS-CAL,0.0,,,experiments/runs/MULTI03/attempt_001/metrics.csv,89a79435518f625dc0f38133dbfa9b64f1e032407ee882cd2e6d4c9d94f8604f,experiments/runs/MULTI03/attempt_001/primary_summary.json,abbe39dbf7425f7021b824d811a23df1261bb0b6eaf28e01ee9271e2654ad89d,"Primary equal-season full-minus-control delta -0.000145754, approximate t7 interval [-0.000401628,+0.000110120]. Full equals unchanged calibrated market; no new sports information. Final manifest recovered after a path-formatting error; no refits or rescoring."
MULTI03-CONTROL,exposed_developmental_past_selected_regularization,MULTI03-PRIMARY-PINNACLE-2017-2024-18903,Selected calibration-only control,Original five-year fits; penalty selected on three prior validation seasons,reported calendar match dates without clocks; result eligibility D-2; same-date batches frozen,annual latest preplay proxy; exact quote time and historical availability unknown,18903,0.5873782367297921,0.20210529118293877,,,MULTI03-PS-CAL,9.659500686176603e-05,,,experiments/runs/MULTI03/attempt_001/metrics.csv,89a79435518f625dc0f38133dbfa9b64f1e032407ee882cd2e6d4c9d94f8604f,experiments/runs/MULTI03/attempt_001/primary_summary.json,abbe39dbf7425f7021b824d811a23df1261bb0b6eaf28e01ee9271e2654ad89d,
MULTI03-PS-CAL,exposed_developmental_past_selected_regularization,MULTI03-PRIMARY-PINNACLE-2017-2024-18903,Unchanged calibrated Pinnacle,Frozen prior procedure; matched cohort,reported calendar match dates without clocks; result eligibility D-2; same-date batches frozen,annual latest preplay proxy; exact quote time and historical availability unknown,18903,0.5872816417229303,0.2020806294949051,,,,,,,experiments/runs/MULTI03/attempt_001/metrics.csv,89a79435518f625dc0f38133dbfa9b64f1e032407ee882cd2e6d4c9d94f8604f,experiments/runs/MULTI03/attempt_001/primary_summary.json,abbe39dbf7425f7021b824d811a23df1261bb0b6eaf28e01ee9271e2654ad89d,
MULTI03-PS-RAW,exposed_developmental_past_selected_regularization,MULTI03-PRIMARY-PINNACLE-2017-2024-18903,Unchanged raw normalized Pinnacle,Frozen prior procedure; matched cohort,reported calendar match dates without clocks; result eligibility D-2; same-date batches frozen,annual latest preplay proxy; exact quote time and historical availability unknown,18903,0.587278103678432,0.20205984645708122,,,,,,,experiments/runs/MULTI03/attempt_001/metrics.csv,89a79435518f625dc0f38133dbfa9b64f1e032407ee882cd2e6d4c9d94f8604f,experiments/runs/MULTI03/attempt_001/primary_summary.json,abbe39dbf7425f7021b824d811a23df1261bb0b6eaf28e01ee9271e2654ad89d,
MULTI03-C1-FULL,exposed_developmental_past_selected_regularization,MULTI03-PRIMARY-PINNACLE-2017-2024-18903,Original fixed C1 joint augmentation,Frozen prior procedure; matched cohort,reported calendar match dates without clocks; result eligibility D-2; same-date batches frozen,annual latest preplay proxy; exact quote time and historical availability unknown,18903,0.593931408446577,0.20395667104972237,,,MULTI03-PS-CAL,0.0066497667236466995,,,experiments/runs/MULTI03/attempt_001/metrics.csv,89a79435518f625dc0f38133dbfa9b64f1e032407ee882cd2e6d4c9d94f8604f,experiments/runs/MULTI03/attempt_001/primary_summary.json,abbe39dbf7425f7021b824d811a23df1261bb0b6eaf28e01ee9271e2654ad89d,
MULTI03-M2-FULL,exposed_developmental_past_selected_regularization,MULTI03-PRIMARY-PINNACLE-2017-2024-18903,Unchanged MULTI02 selected compact ensemble,Frozen prior procedure; matched cohort,reported calendar match dates without clocks; result eligibility D-2; same-date batches frozen,annual latest preplay proxy; exact quote time and historical availability unknown,18903,0.5869302478589155,0.20197905368007224,,,MULTI03-PS-CAL,-0.0003513938640148373,,,experiments/runs/MULTI03/attempt_001/metrics.csv,89a79435518f625dc0f38133dbfa9b64f1e032407ee882cd2e6d4c9d94f8604f,experiments/runs/MULTI03/attempt_001/primary_summary.json,abbe39dbf7425f7021b824d811a23df1261bb0b6eaf28e01ee9271e2654ad89d,
SR02-MKT-CAL,developmental result; independently recomputed with limits,SR02-C1-PRIMARY-PINNACLE-2017-2024-18882,Past-selected market calibration,Annual past-only market calibration/augmentation,reported calendar match dates without clocks; result eligibility D-2; same-date batches frozen,annual latest preplay proxy; exact quote time and historical availability unknown,18882,0.5873039968174438,0.202089904108087,,,,,,,experiments/runs/SR02/market_attempt_002/metrics.csv,7ad34db163f6794cce0acaf8d236f03be294d0e34c7fa51fe13651c1160f919f,,,
SR02-MKT-LEGACY-CAL,developmental result; independently recomputed with limits,SR02-C1-PRIMARY-PINNACLE-2017-2024-18882,Unchanged MULTI01 calibrated Pinnacle,Frozen prior procedure; matched cohort,reported calendar match dates without clocks; result eligibility D-2; same-date batches frozen,annual latest preplay proxy; exact quote time and historical availability unknown,18882,0.5872569823567267,0.20207014746840457,,,,,,,experiments/runs/SR02/market_attempt_002/metrics.csv,7ad34db163f6794cce0acaf8d236f03be294d0e34c7fa51fe13651c1160f919f,,,
SR02-MKT-DYNAMIC-AUG,developmental result; independently recomputed with limits,SR02-C1-PRIMARY-PINNACLE-2017-2024-18882,Market calibration plus dynamic serve/return,Annual past-only market calibration/augmentation,reported calendar match dates without clocks; result eligibility D-2; same-date batches frozen,annual latest preplay proxy; exact quote time and historical availability unknown,18882,0.5873100465871596,0.2020916721236441,,,SR02-MKT-CAL,6.049769715743558e-06,,,experiments/runs/SR02/market_attempt_002/metrics.csv,7ad34db163f6794cce0acaf8d236f03be294d0e34c7fa51fe13651c1160f919f,experiments/runs/SR02/market_attempt_002/comparisons.json,10cf22cebf773a66495a3a34dc19f5053381efd63f133001ca7620ed7a9b63e6,"The table delta is the match-weighted dynamic-augmentation-minus-market-calibration log-loss delta. The registered equal-season delta is +0.00000558494; its approximate across-year t95 interval [-0.00000250212, +0.00001367201] spans zero. The equal-season fixed-fit event-bootstrap interval is [-1.0217413975455226e-05, 2.2603415812298998e-05]; it does not describe the table's match-weighted delta. No measured market-information gain or economic-value claim."
SR02-MKT-UNADJUSTED-AUG,developmental result; independently recomputed with limits,SR02-C1-PRIMARY-PINNACLE-2017-2024-18882,Market calibration plus unadjusted serve/return,Annual past-only market calibration/augmentation,reported calendar match dates without clocks; result eligibility D-2; same-date batches frozen,annual latest preplay proxy; exact quote time and historical availability unknown,18882,0.5873075632641332,0.20209160167609083,,,SR02-MKT-CAL,3.566446689418079e-06,,,experiments/runs/SR02/market_attempt_002/metrics.csv,7ad34db163f6794cce0acaf8d236f03be294d0e34c7fa51fe13651c1160f919f,,,
SR02-MKT-PS-RAW,developmental result; independently recomputed with limits,SR02-C1-PRIMARY-PINNACLE-2017-2024-18882,Raw normalized Pinnacle,No fit,reported calendar match dates without clocks; result eligibility D-2; same-date batches frozen,annual latest preplay proxy; exact quote time and historical availability unknown,18882,0.5872532499356297,0.20204938850286966,,,,,,,experiments/runs/SR02/market_attempt_002/metrics.csv,7ad34db163f6794cce0acaf8d236f03be294d0e34c7fa51fe13651c1160f919f,,,
SR02-MKT-DYNAMIC,developmental result; independently recomputed with limits,SR02-C1-PRIMARY-PINNACLE-2017-2024-18882,Dynamic serve/return,Selected point-history procedure; no market fit,reported calendar match dates without clocks; result eligibility D-2; same-date batches frozen,,18882,0.6306286348368404,0.2171299252825219,SR02-MKT-UNADJUSTED,-0.006509233105461143,,,,,experiments/runs/SR02/market_attempt_002/metrics.csv,7ad34db163f6794cce0acaf8d236f03be294d0e34c7fa51fe13651c1160f919f,,,
SR02-MKT-UNADJUSTED,developmental result; independently recomputed with limits,SR02-C1-PRIMARY-PINNACLE-2017-2024-18882,Unadjusted serve/return,Selected point-history procedure; no market fit,reported calendar match dates without clocks; result eligibility D-2; same-date batches frozen,,18882,0.6371378679423015,0.22340296336303062,,,,,,,experiments/runs/SR02/market_attempt_002/metrics.csv,7ad34db163f6794cce0acaf8d236f03be294d0e34c7fa51fe13651c1160f919f,,,
SR02-SPORTS-DYNAMIC,developmental result; independently recomputed with limits,SR02-C1-PRIMARY-SPORTS-2012-2024-31097,Dynamic serve/return,Selected point-history procedure; rule-aware match conversion,reported calendar match dates without clocks; result eligibility D-2; same-date batches frozen,,31097,0.6160866535116507,0.21121909415238196,SR02-SPORTS-UNADJUSTED,-0.009892926884219388,,,,,experiments/runs/SR02/market_attempt_002/metrics.csv,7ad34db163f6794cce0acaf8d236f03be294d0e34c7fa51fe13651c1160f919f,experiments/runs/SR02/market_attempt_002/comparisons.json,10cf22cebf773a66495a3a34dc19f5053381efd63f133001ca7620ed7a9b63e6,"Dynamic-minus-unadjusted match-weighted log-loss delta -0.009892927; equal-season delta -0.009434665. The equal-season fixed-fit event-bootstrap interval is [-0.013273226270632871, -0.005280600598389325]; it does not describe the table's match-weighted delta. This establishes improvement over the named unadjusted control on this cohort, not best overall performance or incremental information beyond market prices."
SR02-SPORTS-UNADJUSTED,developmental result; independently recomputed with limits,SR02-C1-PRIMARY-SPORTS-2012-2024-31097,Unadjusted serve/return,Selected point-history procedure; rule-aware match conversion,reported calendar match dates without clocks; result eligibility D-2; same-date batches frozen,,31097,0.6259795803958701,0.21864207282338094,,,,,,,experiments/runs/SR02/market_attempt_002/metrics.csv,7ad34db163f6794cce0acaf8d236f03be294d0e34c7fa51fe13651c1160f919f,,,
SR02-SPORTS-SIMPLE,developmental result; independently recomputed with limits,SR02-C1-PRIMARY-SPORTS-2012-2024-31097,Simple unadjusted serve/return,Selected point-history procedure; rule-aware match conversion,reported calendar match dates without clocks; result eligibility D-2; same-date batches frozen,,31097,0.6336107382996383,0.22161568055719172,,,,,,,experiments/runs/SR02/market_attempt_002/metrics.csv,7ad34db163f6794cce0acaf8d236f03be294d0e34c7fa51fe13651c1160f919f,,,
SR03-SPORTS-raw_dynamic,independently_reviewed_exposed_calibration,SR03-PRIMARY-SPORTS-2014-2024-26149,raw dynamic,Frozen SR02 forecast,reported calendar match dates without clocks; result eligibility D-2; same-date batches frozen,,26149,0.62145833978285,0.21335470288218397,,,,,,,experiments/runs/SR03/attempt_001/metrics.csv,a80d6398c32c2b40fac43bbdacb0b52fcd2034b513dcd152a676b351f335ee8d,,,
SR03-SPORTS-calibrated_dynamic,independently_reviewed_exposed_calibration,SR03-PRIMARY-SPORTS-2014-2024-26149,calibrated dynamic,Preceding three-year scalar slope,reported calendar match dates without clocks; result eligibility D-2; same-date batches frozen,,26149,0.6048006441006439,0.2092868812552889,SR03-SPORTS-raw_dynamic,-0.016657695682206097,,,,,experiments/runs/SR03/attempt_001/metrics.csv,a80d6398c32c2b40fac43bbdacb0b52fcd2034b513dcd152a676b351f335ee8d,experiments/runs/SR03/attempt_001/comparisons.json,a5323a515742c166f6143428a984ad011562d82f9d22bd89c833d2cb273acd2c,"Equal-year difference -0.016845856; equal-year fixed-fit event bootstrap [-0.01978269737590025, -0.013990247078076177]. This interval does not describe the table's match-weighted delta. Future labels are excluded by fit-local indexing, not physical inaccessibility."
SR03-SPORTS-raw_unadjusted,independently_reviewed_exposed_calibration,SR03-PRIMARY-SPORTS-2014-2024-26149,raw unadjusted,Frozen SR02 forecast,reported calendar match dates without clocks; result eligibility D-2; same-date batches frozen,,26149,0.6300302207785053,0.22026487896158956,,,,,,,experiments/runs/SR03/attempt_001/metrics.csv,a80d6398c32c2b40fac43bbdacb0b52fcd2034b513dcd152a676b351f335ee8d,,,
SR03-SPORTS-calibrated_unadjusted,independently_reviewed_exposed_calibration,SR03-PRIMARY-SPORTS-2014-2024-26149,calibrated unadjusted,Preceding three-year scalar slope,reported calendar match dates without clocks; result eligibility D-2; same-date batches frozen,,26149,0.627422782060001,0.21936699185338285,SR03-SPORTS-raw_unadjusted,-0.002607438718504329,,,,,experiments/runs/SR03/attempt_001/metrics.csv,a80d6398c32c2b40fac43bbdacb0b52fcd2034b513dcd152a676b351f335ee8d,,,
SR03-SPORTS-raw_simple_unadjusted,independently_reviewed_exposed_calibration,SR03-PRIMARY-SPORTS-2014-2024-26149,raw simple unadjusted,Frozen SR02 forecast,reported calendar match dates without clocks; result eligibility D-2; same-date batches frozen,,26149,0.6364674280447133,0.22291334311874147,,,,,,,experiments/runs/SR03/attempt_001/metrics.csv,a80d6398c32c2b40fac43bbdacb0b52fcd2034b513dcd152a676b351f335ee8d,,,
SR03-SPORTS-calibrated_simple_unadjusted,independently_reviewed_exposed_calibration,SR03-PRIMARY-SPORTS-2014-2024-26149,calibrated simple unadjusted,Preceding three-year scalar slope,reported calendar match dates without clocks; result eligibility D-2; same-date batches frozen,,26149,0.6274067619299311,0.21936960105731446,SR03-SPORTS-raw_simple_unadjusted,-0.00906066611478229,,,,,experiments/runs/SR03/attempt_001/metrics.csv,a80d6398c32c2b40fac43bbdacb0b52fcd2034b513dcd152a676b351f335ee8d,,,
SR03-MKT-raw_dynamic,independently_reviewed_exposed_calibration,SR03-PRIMARY-PINNACLE-2014-2024-26035,raw dynamic,Frozen SR02 forecast,reported calendar match dates without clocks; result eligibility D-2; same-date batches frozen,,26035,0.6213706144215356,0.21331619741981034,,,,,,,experiments/runs/SR03/attempt_001/metrics.csv,a80d6398c32c2b40fac43bbdacb0b52fcd2034b513dcd152a676b351f335ee8d,,,
SR03-MKT-calibrated_dynamic,independently_reviewed_exposed_calibration,SR03-PRIMARY-PINNACLE-2014-2024-26035,calibrated dynamic,Preceding three-year scalar slope,reported calendar match dates without clocks; result eligibility D-2; same-date batches frozen,,26035,0.6047727343385146,0.20926089446268673,SR03-MKT-raw_dynamic,-0.01659788008302099,,,,,experiments/runs/SR03/attempt_001/metrics.csv,a80d6398c32c2b40fac43bbdacb0b52fcd2034b513dcd152a676b351f335ee8d,,,
SR03-MKT-raw_unadjusted,independently_reviewed_exposed_calibration,SR03-PRIMARY-PINNACLE-2014-2024-26035,raw unadjusted,Frozen SR02 forecast,reported calendar match dates without clocks; result eligibility D-2; same-date batches frozen,,26035,0.629897987983592,0.22019557985694177,,,,,,,experiments/runs/SR03/attempt_001/metrics.csv,a80d6398c32c2b40fac43bbdacb0b52fcd2034b513dcd152a676b351f335ee8d,,,
SR03-MKT-calibrated_unadjusted,independently_reviewed_exposed_calibration,SR03-PRIMARY-PINNACLE-2014-2024-26035,calibrated unadjusted,Preceding three-year scalar slope,reported calendar match dates without clocks; result eligibility D-2; same-date batches frozen,,26035,0.6273348676081671,0.21931453725758218,SR03-MKT-raw_unadjusted,-0.002563120375424832,,,,,experiments/runs/SR03/attempt_001/metrics.csv,a80d6398c32c2b40fac43bbdacb0b52fcd2034b513dcd152a676b351f335ee8d,,,
SR03-MKT-raw_simple_unadjusted,independently_reviewed_exposed_calibration,SR03-PRIMARY-PINNACLE-2014-2024-26035,raw simple unadjusted,Frozen SR02 forecast,reported calendar match dates without clocks; result eligibility D-2; same-date batches frozen,,26035,0.636430745163235,0.22288925372014584,,,,,,,experiments/runs/SR03/attempt_001/metrics.csv,a80d6398c32c2b40fac43bbdacb0b52fcd2034b513dcd152a676b351f335ee8d,,,
SR03-MKT-calibrated_simple_unadjusted,independently_reviewed_exposed_calibration,SR03-PRIMARY-PINNACLE-2014-2024-26035,calibrated simple unadjusted,Preceding three-year scalar slope,reported calendar match dates without clocks; result eligibility D-2; same-date batches frozen,,26035,0.627319694465003,0.21931817035871312,SR03-MKT-raw_simple_unadjusted,-0.009111050698231926,,,,,experiments/runs/SR03/attempt_001/metrics.csv,a80d6398c32c2b40fac43bbdacb0b52fcd2034b513dcd152a676b351f335ee8d,,,
SR03-MKT-pinnacle_raw_normalized,independently_reviewed_exposed_calibration,SR03-PRIMARY-PINNACLE-2014-2024-26035,pinnacle raw normalized,No fit,reported calendar match dates without clocks; result eligibility D-2; same-date batches frozen,annual latest preplay proxy; exact quote time and historical availability unknown,26035,0.5793395762968683,0.1985598273116031,,,,,,,experiments/runs/SR03/attempt_001/metrics.csv,a80d6398c32c2b40fac43bbdacb0b52fcd2034b513dcd152a676b351f335ee8d,,,
JOINT04-SPORTS-selected_hgb_base,independently_reviewed_exposed_joint_benchmark,JOINT04-PRIMARY-SPORTS-2017-2024-18972,selected hgb base,Earlier annual fits; three past years for selection/calibration,reported calendar match dates without clocks; result eligibility D-2; same-date batches frozen,,18972,0.6122077823099868,0.212683301070924,,,,,,,experiments/runs/JOINT04/report_attempt_001/pooled_metrics.csv,5142e81fab8bce1c2d74820e838ca7c27a3707a2a56373b109cd74c094550e14,experiments/runs/JOINT04/report_attempt_001/primary.json,d4e6c52feafe6797c881c056cc813e87225b603068602a78b23c5be0581bfed9,All displayed metrics and deltas are match-weighted; the registered primary uses equal-year weighting.
JOINT04-SPORTS-selected_hgb_dynamic,independently_reviewed_exposed_joint_benchmark,JOINT04-PRIMARY-SPORTS-2017-2024-18972,selected hgb dynamic,Earlier annual fits; three past years for selection/calibration,reported calendar match dates without clocks; result eligibility D-2; same-date batches frozen,,18972,0.608563890071534,0.21100501848684383,JOINT04-SPORTS-selected_hgb_base,-0.0036438922384528505,,,,,experiments/runs/JOINT04/report_attempt_001/pooled_metrics.csv,5142e81fab8bce1c2d74820e838ca7c27a3707a2a56373b109cd74c094550e14,experiments/runs/JOINT04/report_attempt_001/primary.json,d4e6c52feafe6797c881c056cc813e87225b603068602a78b23c5be0581bfed9,All displayed metrics and deltas are match-weighted; the registered primary uses equal-year weighting.
JOINT04-SPORTS-selected_hgb_full,independently_reviewed_exposed_joint_benchmark,JOINT04-PRIMARY-SPORTS-2017-2024-18972,selected hgb full,Earlier annual fits; three past years for selection/calibration,reported calendar match dates without clocks; result eligibility D-2; same-date batches frozen,,18972,0.6054150775881298,0.20954307214082754,JOINT04-SPORTS-selected_hgb_base,-0.006792704721857001,,,,,experiments/runs/JOINT04/report_attempt_001/pooled_metrics.csv,5142e81fab8bce1c2d74820e838ca7c27a3707a2a56373b109cd74c094550e14,experiments/runs/JOINT04/report_attempt_001/primary.json,d4e6c52feafe6797c881c056cc813e87225b603068602a78b23c5be0581bfed9,"All displayed metrics and deltas are match-weighted; the registered primary uses equal-year weighting. Primary equal-year delta -0.006879503; fixed-prediction event-bootstrap interval [-0.008547713, -0.005155113]. This interval does not describe the table's match-weighted delta."
JOINT04-SPORTS-selected_hgb_traits,independently_reviewed_exposed_joint_benchmark,JOINT04-PRIMARY-SPORTS-2017-2024-18972,selected hgb traits,Earlier annual fits; three past years for selection/calibration,reported calendar match dates without clocks; result eligibility D-2; same-date batches frozen,,18972,0.6089559915596284,0.2111062964036539,JOINT04-SPORTS-selected_hgb_base,-0.0032517907503584187,,,,,experiments/runs/JOINT04/report_attempt_001/pooled_metrics.csv,5142e81fab8bce1c2d74820e838ca7c27a3707a2a56373b109cd74c094550e14,experiments/runs/JOINT04/report_attempt_001/primary.json,d4e6c52feafe6797c881c056cc813e87225b603068602a78b23c5be0581bfed9,All displayed metrics and deltas are match-weighted; the registered primary uses equal-year weighting.
JOINT04-SPORTS-selected_ridge_base,independently_reviewed_exposed_joint_benchmark,JOINT04-PRIMARY-SPORTS-2017-2024-18972,selected ridge base,Earlier annual fits; three past years for selection/calibration,reported calendar match dates without clocks; result eligibility D-2; same-date batches frozen,,18972,0.6133320171307752,0.21312945725559732,,,,,,,experiments/runs/JOINT04/report_attempt_001/pooled_metrics.csv,5142e81fab8bce1c2d74820e838ca7c27a3707a2a56373b109cd74c094550e14,experiments/runs/JOINT04/report_attempt_001/primary.json,d4e6c52feafe6797c881c056cc813e87225b603068602a78b23c5be0581bfed9,All displayed metrics and deltas are match-weighted; the registered primary uses equal-year weighting.
JOINT04-SPORTS-selected_ridge_dynamic,independently_reviewed_exposed_joint_benchmark,JOINT04-PRIMARY-SPORTS-2017-2024-18972,selected ridge dynamic,Earlier annual fits; three past years for selection/calibration,reported calendar match dates without clocks; result eligibility D-2; same-date batches frozen,,18972,0.6104671860171228,0.21186310910892137,JOINT04-SPORTS-selected_ridge_base,-0.002864831113652433,,,,,experiments/runs/JOINT04/report_attempt_001/pooled_metrics.csv,5142e81fab8bce1c2d74820e838ca7c27a3707a2a56373b109cd74c094550e14,experiments/runs/JOINT04/report_attempt_001/primary.json,d4e6c52feafe6797c881c056cc813e87225b603068602a78b23c5be0581bfed9,All displayed metrics and deltas are match-weighted; the registered primary uses equal-year weighting.
JOINT04-SPORTS-selected_ridge_full,independently_reviewed_exposed_joint_benchmark,JOINT04-PRIMARY-SPORTS-2017-2024-18972,selected ridge full,Earlier annual fits; three past years for selection/calibration,reported calendar match dates without clocks; result eligibility D-2; same-date batches frozen,,18972,0.6078884425412026,0.2106419799331643,JOINT04-SPORTS-selected_ridge_base,-0.005443574589572675,,,,,experiments/runs/JOINT04/report_attempt_001/pooled_metrics.csv,5142e81fab8bce1c2d74820e838ca7c27a3707a2a56373b109cd74c094550e14,experiments/runs/JOINT04/report_attempt_001/primary.json,d4e6c52feafe6797c881c056cc813e87225b603068602a78b23c5be0581bfed9,All displayed metrics and deltas are match-weighted; the registered primary uses equal-year weighting.
JOINT04-SPORTS-selected_ridge_traits,independently_reviewed_exposed_joint_benchmark,JOINT04-PRIMARY-SPORTS-2017-2024-18972,selected ridge traits,Earlier annual fits; three past years for selection/calibration,reported calendar match dates without clocks; result eligibility D-2; same-date batches frozen,,18972,0.6103047171906493,0.21169640247853755,JOINT04-SPORTS-selected_ridge_base,-0.0030272999401259604,,,,,experiments/runs/JOINT04/report_attempt_001/pooled_metrics.csv,5142e81fab8bce1c2d74820e838ca7c27a3707a2a56373b109cd74c094550e14,experiments/runs/JOINT04/report_attempt_001/primary.json,d4e6c52feafe6797c881c056cc813e87225b603068602a78b23c5be0581bfed9,All displayed metrics and deltas are match-weighted; the registered primary uses equal-year weighting.
JOINT04-MKT-market_calibrated_ps,independently_reviewed_exposed_joint_benchmark,JOINT04-PRIMARY-PINNACLE-2017-2024-18882,market calibrated_ps,Earlier three-year scalar calibration,reported calendar match dates without clocks; result eligibility D-2; same-date batches frozen,annual latest preplay proxy; exact quote time and historical availability unknown,18882,0.5873031520789905,0.2020914255927841,,,,,,,experiments/runs/JOINT04/report_attempt_001/pooled_metrics.csv,5142e81fab8bce1c2d74820e838ca7c27a3707a2a56373b109cd74c094550e14,experiments/runs/JOINT04/report_attempt_001/primary.json,d4e6c52feafe6797c881c056cc813e87225b603068602a78b23c5be0581bfed9,All displayed metrics and deltas are match-weighted; the registered primary uses equal-year weighting.
JOINT04-MKT-market_raw_ps,independently_reviewed_exposed_joint_benchmark,JOINT04-PRIMARY-PINNACLE-2017-2024-18882,market raw_ps,No fit,reported calendar match dates without clocks; result eligibility D-2; same-date batches frozen,annual latest preplay proxy; exact quote time and historical availability unknown,18882,0.5872532499356297,0.20204938850286966,,,,,,,experiments/runs/JOINT04/report_attempt_001/pooled_metrics.csv,5142e81fab8bce1c2d74820e838ca7c27a3707a2a56373b109cd74c094550e14,experiments/runs/JOINT04/report_attempt_001/primary.json,d4e6c52feafe6797c881c056cc813e87225b603068602a78b23c5be0581bfed9,All displayed metrics and deltas are match-weighted; the registered primary uses equal-year weighting.
JOINT04-MKT-selected_hgb_base,independently_reviewed_exposed_joint_benchmark,JOINT04-PRIMARY-PINNACLE-2017-2024-18882,selected hgb base,Earlier annual fits; three past years for selection/calibration,reported calendar match dates without clocks; result eligibility D-2; same-date batches frozen,,18882,0.6120977123390238,0.21263406403490434,,,JOINT04-MKT-market_calibrated_ps,0.024794560260033238,,,experiments/runs/JOINT04/report_attempt_001/pooled_metrics.csv,5142e81fab8bce1c2d74820e838ca7c27a3707a2a56373b109cd74c094550e14,experiments/runs/JOINT04/report_attempt_001/primary.json,d4e6c52feafe6797c881c056cc813e87225b603068602a78b23c5be0581bfed9,All displayed metrics and deltas are match-weighted; the registered primary uses equal-year weighting.
JOINT04-MKT-selected_hgb_dynamic,independently_reviewed_exposed_joint_benchmark,JOINT04-PRIMARY-PINNACLE-2017-2024-18882,selected hgb dynamic,Earlier annual fits; three past years for selection/calibration,reported calendar match dates without clocks; result eligibility D-2; same-date batches frozen,,18882,0.6084829464364484,0.21097064478522054,JOINT04-MKT-selected_hgb_base,-0.0036147659025753676,JOINT04-MKT-market_calibrated_ps,0.02117979435745787,,,experiments/runs/JOINT04/report_attempt_001/pooled_metrics.csv,5142e81fab8bce1c2d74820e838ca7c27a3707a2a56373b109cd74c094550e14,experiments/runs/JOINT04/report_attempt_001/primary.json,d4e6c52feafe6797c881c056cc813e87225b603068602a78b23c5be0581bfed9,All displayed metrics and deltas are match-weighted; the registered primary uses equal-year weighting.
JOINT04-MKT-selected_hgb_full,independently_reviewed_exposed_joint_benchmark,JOINT04-PRIMARY-PINNACLE-2017-2024-18882,selected hgb full,Earlier annual fits; three past years for selection/calibration,reported calendar match dates without clocks; result eligibility D-2; same-date batches frozen,,18882,0.6053372859922209,0.20950896678592112,JOINT04-MKT-selected_hgb_base,-0.00676042634680285,JOINT04-MKT-market_calibrated_ps,0.018034133913230388,,,experiments/runs/JOINT04/report_attempt_001/pooled_metrics.csv,5142e81fab8bce1c2d74820e838ca7c27a3707a2a56373b109cd74c094550e14,experiments/runs/JOINT04/report_attempt_001/primary.json,d4e6c52feafe6797c881c056cc813e87225b603068602a78b23c5be0581bfed9,All displayed metrics and deltas are match-weighted; the registered primary uses equal-year weighting.
JOINT04-MKT-selected_hgb_traits,independently_reviewed_exposed_joint_benchmark,JOINT04-PRIMARY-PINNACLE-2017-2024-18882,selected hgb traits,Earlier annual fits; three past years for selection/calibration,reported calendar match dates without clocks; result eligibility D-2; same-date batches frozen,,18882,0.6089107243956439,0.21108451329959202,JOINT04-MKT-selected_hgb_base,-0.003186987943379904,JOINT04-MKT-market_calibrated_ps,0.021607572316653334,,,experiments/runs/JOINT04/report_attempt_001/pooled_metrics.csv,5142e81fab8bce1c2d74820e838ca7c27a3707a2a56373b109cd74c094550e14,experiments/runs/JOINT04/report_attempt_001/primary.json,d4e6c52feafe6797c881c056cc813e87225b603068602a78b23c5be0581bfed9,All displayed metrics and deltas are match-weighted; the registered primary uses equal-year weighting.
JOINT04-MKT-selected_ridge_base,independently_reviewed_exposed_joint_benchmark,JOINT04-PRIMARY-PINNACLE-2017-2024-18882,selected ridge base,Earlier annual fits; three past years for selection/calibration,reported calendar match dates without clocks; result eligibility D-2; same-date batches frozen,,18882,0.6132331749000307,0.21308195034667965,,,JOINT04-MKT-market_calibrated_ps,0.025930022821040177,,,experiments/runs/JOINT04/report_attempt_001/pooled_metrics.csv,5142e81fab8bce1c2d74820e838ca7c27a3707a2a56373b109cd74c094550e14,experiments/runs/JOINT04/report_attempt_001/primary.json,d4e6c52feafe6797c881c056cc813e87225b603068602a78b23c5be0581bfed9,All displayed metrics and deltas are match-weighted; the registered primary uses equal-year weighting.
JOINT04-MKT-selected_ridge_dynamic,independently_reviewed_exposed_joint_benchmark,JOINT04-PRIMARY-PINNACLE-2017-2024-18882,selected ridge dynamic,Earlier annual fits; three past years for selection/calibration,reported calendar match dates without clocks; result eligibility D-2; same-date batches frozen,,18882,0.6103531181129411,0.21180850225169046,JOINT04-MKT-selected_ridge_base,-0.00288005678708958,JOINT04-MKT-market_calibrated_ps,0.023049966033950597,,,experiments/runs/JOINT04/report_attempt_001/pooled_metrics.csv,5142e81fab8bce1c2d74820e838ca7c27a3707a2a56373b109cd74c094550e14,experiments/runs/JOINT04/report_attempt_001/primary.json,d4e6c52feafe6797c881c056cc813e87225b603068602a78b23c5be0581bfed9,All displayed metrics and deltas are match-weighted; the registered primary uses equal-year weighting.
JOINT04-MKT-selected_ridge_full,independently_reviewed_exposed_joint_benchmark,JOINT04-PRIMARY-PINNACLE-2017-2024-18882,selected ridge full,Earlier annual fits; three past years for selection/calibration,reported calendar match dates without clocks; result eligibility D-2; same-date batches frozen,,18882,0.6078057980440091,0.21060183530199886,JOINT04-MKT-selected_ridge_base,-0.005427376856021571,JOINT04-MKT-market_calibrated_ps,0.020502645965018607,,,experiments/runs/JOINT04/report_attempt_001/pooled_metrics.csv,5142e81fab8bce1c2d74820e838ca7c27a3707a2a56373b109cd74c094550e14,experiments/runs/JOINT04/report_attempt_001/primary.json,d4e6c52feafe6797c881c056cc813e87225b603068602a78b23c5be0581bfed9,All displayed metrics and deltas are match-weighted; the registered primary uses equal-year weighting.
JOINT04-MKT-selected_ridge_traits,independently_reviewed_exposed_joint_benchmark,JOINT04-PRIMARY-PINNACLE-2017-2024-18882,selected ridge traits,Earlier annual fits; three past years for selection/calibration,reported calendar match dates without clocks; result eligibility D-2; same-date batches frozen,,18882,0.6102354994044784,0.2116621228122008,JOINT04-MKT-selected_ridge_base,-0.002997675495552299,JOINT04-MKT-market_calibrated_ps,0.02293234732548788,,,experiments/runs/JOINT04/report_attempt_001/pooled_metrics.csv,5142e81fab8bce1c2d74820e838ca7c27a3707a2a56373b109cd74c094550e14,experiments/runs/JOINT04/report_attempt_001/primary.json,d4e6c52feafe6797c881c056cc813e87225b603068602a78b23c5be0581bfed9,All displayed metrics and deltas are match-weighted; the registered primary uses equal-year weighting.
JOINT05-MARKET-PLUS-FULL-HGB7,independently_reviewed_exposed_joint_benchmark,JOINT04-PRIMARY-PINNACLE-2017-2024-18882,Calibrated market plus fixed raw full HGB7 residual,Three prior annual forecast years; equal-year weights; fixed lambda=0.1,reported calendar match dates without clocks; result eligibility D-2; same-date batches frozen,annual latest preplay proxy; exact quote time and historical availability unknown,18882,0.5873853771335628,0.2021251557780476,JOINT04-MKT-market_calibrated_ps,8.222505457222695e-05,JOINT04-MKT-market_calibrated_ps,8.222505457222695e-05,,,experiments/runs/JOINT05/attempt_001/report/primary.json,119d205fda6292ee09a439baa2341d877132168b7603e0c2b03afaae4b25f60c,,,"Eight normal fits, no fallbacks. Primary equal-year delta +0.000074343; t7 95% [-0.000030393, +0.000179078]; conditional fixed-prediction event bootstrap [+0.000001714, +0.000150271]. These intervals do not describe the displayed match-weighted delta. Exposed development; no demonstrated market improvement."
MKT03-CONST-0.5,accepted_limited_retrospective_comparator,MKT03-PRIMARY-2024-2595,Constant p(A wins)=0.5,No learned state or fitted parameters,same selected evaluation rows; no history used,,2595,0.6931471805599453,0.25,,,,,,,experiments/runs/MARKET-003/attempt_001/metrics.json,f25b376d15f504a96f43bfc1d09fce328f679ebd791b02c1c43542e27043b235,,,
MKT03-ELO-O,accepted_limited_retrospective_comparator,MKT03-PRIMARY-2024-2595,"Fixed K32 overall Elo, daily lag 2",Fixed hyperparameters; rating states learned from 2023 history,reported calendar match dates without clocks; result eligibility D-2; same-date batches frozen,,2595,0.6241402174338075,0.21832718763445663,,,,,,,experiments/runs/MARKET-003/attempt_001/metrics.json,f25b376d15f504a96f43bfc1d09fce328f679ebd791b02c1c43542e27043b235,,,
MKT03-ELO-PM,accepted_limited_retrospective_comparator,MKT03-PRIMARY-2024-2595,"Equal probability-mean overall/surface Elo, daily lag 2",Fixed hyperparameters; rating states learned from 2023 history,reported calendar match dates without clocks; result eligibility D-2; same-date batches frozen,,2595,0.6249258460810069,0.21824929926018138,MKT03-ELO-O,0.0007856286471993323,,,,,experiments/runs/MARKET-003/attempt_001/metrics.json,f25b376d15f504a96f43bfc1d09fce328f679ebd791b02c1c43542e27043b235,,,
MKT03-PS-RAW,accepted_limited_retrospective_comparator,MKT03-PRIMARY-2024-2595,Pinnacle proportional-normalized annual proxy,No fit,source match dates; quote observation time unresolved,annual latest preplay proxy; exact quote time and historical availability unknown,2595,0.5795913619335381,0.19862959862133672,MKT03-ELO-O,-0.044548855500269435,,,-0.05411528256604531,-0.03492586991306626,experiments/runs/MARKET-003/attempt_001/metrics.json,f25b376d15f504a96f43bfc1d09fce328f679ebd791b02c1c43542e27043b235,,,Conditional event interval applies to the displayed quote-minus-overall delta on this exposed cohort and procedure.
C1-ELO-O,accepted_exposed_correction,C1-FULL-2024-2607,"Fixed K32 overall Elo, daily lag 2",Fixed hyperparameters; rating states learned from 2023 history,reported calendar match dates without clocks; result eligibility D-2; same-date batches frozen,,2607,0.6239381615399675,0.21821962727445493,,,,,,,experiments/runs/ELO-DATE-002-C1/attempt_001/metrics.json,e746f16bfbcba263ac0f2ccfd171a750896b1bc952ff1c40d020228fe2a5127f,,,
C1-ELO-PM,accepted_exposed_correction,C1-FULL-2024-2607,"Equal probability-mean overall/surface Elo, daily lag 2",Fixed hyperparameters; rating states learned from 2023 history,reported calendar match dates without clocks; result eligibility D-2; same-date batches frozen,,2607,0.6247330179346577,0.2181492168294332,C1-ELO-O,0.0007948563946902354,,,-0.0037401900162273515,0.005491958280304156,experiments/runs/ELO-DATE-002-C1/attempt_001/metrics.json,e746f16bfbcba263ac0f2ccfd171a750896b1bc952ff1c40d020228fe2a5127f,experiments/ELO-DATE-002-C1.result.json,46c3334329d4a7dd416f2b2ff78af87ed4a5923a6a99fb90a824caed8607b6b9,Conditional event interval applies to the displayed probability-mean-minus-overall delta on this exposed cohort and procedure.
FBL-A23-O,post_review_exploratory_reproduction,FABLE-ANCHOR-FULL-2024-2607,"K32 overall Elo, initialized 2023, anchor batches",Fixed hyperparameters; rating states learned from history starting in named year,archive tourney_date event anchors; same-anchor batches,,2607,0.6248711309562408,0.21863533069733862,,,,,,,data/raw/FABLE01/reproduction/independent_checks.json,38f34fb77d55b24abdcaadc04927be8b8f316e32fd156e61fbfec937b3d47f8d,,,Approximate event-anchor chronology; not the reviewed reported-date panel.
FBL-A23-P,post_review_exploratory_reproduction,FABLE-ANCHOR-FULL-2024-2607,"K32 probability-mean overall/surface Elo, initialized 2023, anchor batches",Fixed hyperparameters; rating states learned from history starting in named year,archive tourney_date event anchors; same-anchor batches,,2607,0.6251795926489889,0.21835193444237666,FBL-A23-O,0.00030846169274811874,,,,,data/raw/FABLE01/reproduction/independent_checks.json,38f34fb77d55b24abdcaadc04927be8b8f316e32fd156e61fbfec937b3d47f8d,,,Equal probability-space mean of reproduced overall and surface probabilities; approximate event-anchor chronology.
FBL-A05-O,post_review_exploratory_reproduction,FABLE-ANCHOR-FULL-2024-2607,"K32 overall Elo, initialized 2005, anchor batches",Fixed hyperparameters; rating states learned from history starting in named year,archive tourney_date event anchors; same-anchor batches,,2607,0.6230631986645938,0.21750601730678676,,,,,,,data/raw/FABLE01/reproduction/independent_checks.json,38f34fb77d55b24abdcaadc04927be8b8f316e32fd156e61fbfec937b3d47f8d,,,Approximate event-anchor chronology; not the reviewed reported-date panel.
FBL-A05-P,post_review_exploratory_reproduction,FABLE-ANCHOR-FULL-2024-2607,"K32 probability-mean pooled Elo, initialized 2005, anchor batches",Fixed hyperparameters; rating states learned from history starting in named year,archive tourney_date event anchors; same-anchor batches,,2607,0.6189707355370019,0.21562574356252212,FBL-A05-O,-0.004092463127591928,,,,,data/raw/FABLE01/reproduction/independent_checks.json,38f34fb77d55b24abdcaadc04927be8b8f316e32fd156e61fbfec937b3d47f8d,,,Approximate event-anchor chronology; not the reviewed reported-date panel.
FBL-MKT-RAW,post_review_exploratory_reproduction,FABLE-MARKET-2024-2595,Pinnacle proportional-normalized annual proxy,No fit,archive tourney_date plus round-order surrogate,annual latest preplay proxy; exact quote time and historical availability unknown,2595,0.579591361933538,0.19862959862133672,,,,,,,data/raw/FABLE01/reproduction/reproduction_prediction_metrics.json,84663c7fc27502cbb98e5c5fd986f261dea660455254d41dec4bee2c76390f36,,,Same numerical market score as accepted MARKET-003; retained here as the Fable-fit reference.
FBL-MKT-CAL,post_review_exploratory_reproduction,FABLE-MARKET-2024-2595,Market-logit recalibration,Fit 2023; evaluate 2024,archive tourney_date plus round-order surrogate,annual latest preplay proxy; exact quote time and historical availability unknown,2595,0.5790466297231613,0.1984668743843451,FBL-MKT-RAW,-0.0005447322103766528,,,,,data/raw/FABLE01/reproduction/reproduction_prediction_metrics.json,84663c7fc27502cbb98e5c5fd986f261dea660455254d41dec4bee2c76390f36,data/raw/FABLE01/reproduction/independent_checks.json,38f34fb77d55b24abdcaadc04927be8b8f316e32fd156e61fbfec937b3d47f8d,No intercept; coefficient 1.0402270131950304.
FBL-MKT-VKRES,post_review_exploratory_reproduction,FABLE-MARKET-2024-2595,Market plus long-history variable-K overall-Elo residual,Fit 2023; evaluate 2024,archive tourney_date plus round-order surrogate,annual latest preplay proxy; exact quote time and historical availability unknown,2595,0.5785152266843079,0.1982689848803484,,,FBL-MKT-CAL,-0.0005314030388534626,-0.0021838358758244423,0.0012022360653096164,data/raw/FABLE01/reproduction/reproduction_prediction_metrics.json,84663c7fc27502cbb98e5c5fd986f261dea660455254d41dec4bee2c76390f36,data/raw/FABLE01/reproduction/independent_checks.json,38f34fb77d55b24abdcaadc04927be8b8f316e32fd156e61fbfec937b3d47f8d,"No intercept; coefficients [1.1942972548013553, -0.36592497099462945]. Conditional event interval on this exposed cohort and procedure spans zero."
FBL-VK-ELO-CAL,post_review_exploratory_reproduction,FABLE-MARKET-2024-2595,"Long-history variable-K overall Elo, recalibrated",Fit calibration on 2023; evaluate 2024,archive tourney_date plus round-order surrogate,,2595,0.6218038549179176,,,,,,,,data/raw/FABLE01/reproduction/independent_checks.json,38f34fb77d55b24abdcaadc04927be8b8f316e32fd156e61fbfec937b3d47f8d,,,No intercept; coefficient 1.507956691878465. Brier unmeasured.
FBL-K32-ROUND-O,post_review_exploratory_reproduction,FABLE-MARKET-2024-2595,"K32 overall Elo, initialized 2005, round ordered",Fixed hyperparameters; rating states learned from 2005-2023 history,archive tourney_date plus round-order surrogate,,2595,0.6221380318150623,0.21724127977056282,,,,,,,data/raw/FABLE01/reproduction/independent_checks.json,38f34fb77d55b24abdcaadc04927be8b8f316e32fd156e61fbfec937b3d47f8d,,,
FBL-DOM-C0.01,historical_reproduction_known_input_defect,FABLE-MARKET-2024-2595,"Serve/return dominance logistic, C=0.01",Train 2012-2023; evaluate 2024,archive tourney_date plus round-order surrogate,,2595,0.6023821583477112,,,,,,,,data/raw/FABLE01/reproduction/independent_checks2.json,8c46bd33c3ad8927fc482d26b431409732e05b25a27e861430a6ebc55689a032,,,All three C settings remain visible; none is designated a holdout-selected winner. Brier unmeasured. Official RG reconciliation found an incorrect prior service-point count; 51 later cohort predictions are potentially affected. Original metrics preserved; corrected refit not run. See data/raw/MULTI01/source_cases/propagation_assessment.json.
FBL-DOM-C0.1,historical_reproduction_known_input_defect,FABLE-MARKET-2024-2595,"Serve/return dominance logistic, C=0.1",Train 2012-2023; evaluate 2024,archive tourney_date plus round-order surrogate,,2595,0.6023798974631831,,,,,,,,data/raw/FABLE01/reproduction/independent_checks2.json,8c46bd33c3ad8927fc482d26b431409732e05b25a27e861430a6ebc55689a032,,,All three C settings remain visible; none is designated a holdout-selected winner. Brier unmeasured. Official RG reconciliation found an incorrect prior service-point count; 51 later cohort predictions are potentially affected. Original metrics preserved; corrected refit not run. See data/raw/MULTI01/source_cases/propagation_assessment.json.
FBL-DOM-C1.0,historical_reproduction_known_input_defect,FABLE-MARKET-2024-2595,"Serve/return dominance logistic, C=1.0",Train 2012-2023; evaluate 2024,archive tourney_date plus round-order surrogate,,2595,0.602431495861105,,,,,,,,data/raw/FABLE01/reproduction/independent_checks2.json,8c46bd33c3ad8927fc482d26b431409732e05b25a27e861430a6ebc55689a032,,,All three C settings remain visible; none is designated a holdout-selected winner. Brier unmeasured. Official RG reconciliation found an incorrect prior service-point count; 51 later cohort predictions are potentially affected. Original metrics preserved; corrected refit not run. See data/raw/MULTI01/source_cases/propagation_assessment.json.
FBL-RANK-LOGIT,post_review_exploratory_reproduction,FABLE-MARKET-2024-2595,Ranking-points logistic,Train 2012-2023; evaluate 2024,archive tourney_date plus round-order surrogate,,2595,0.6389372941856717,,,,,,,,data/raw/FABLE01/reproduction/independent_checks2.json,8c46bd33c3ad8927fc482d26b431409732e05b25a27e861430a6ebc55689a032,,,Brier unmeasured.
FBL-MARKET-MEM,post_review_exploratory_reproduction,FABLE-MARKET-2024-2595,Past-price market-memory rating,Weekly prequential 2024 refits using prior 2023/2024 prices,weekly price-state fits; two-day anchor-date gap in reproduced script,annual latest preplay proxy; exact quote time and historical availability unknown,2595,0.6166088293674648,,,,,,,,data/raw/FABLE01/reproduction/independent_checks2.json,8c46bd33c3ad8927fc482d26b431409732e05b25a27e861430a6ebc55689a032,,,Past annual price proxies are treated as lagged features; historical quote availability remains unproved. Brier unmeasured.
FBL-BLEND-MM-DOM,historical_reproduction_known_input_defect,FABLE-MARKET-2024-2595,Equal-logit blend of market-memory and dominance C=0.1,Dominance trained 2012-2023; market-memory fit prequentially in 2024,archive tourney_date plus round-order surrogate,annual latest preplay proxy; exact quote time and historical availability unknown,2595,0.6042304313520912,,,,,,,,data/raw/FABLE01/reproduction/independent_checks2.json,8c46bd33c3ad8927fc482d26b431409732e05b25a27e861430a6ebc55689a032,,,Fixed equal-logit blend of two exposed component predictions; C=0.1 was not selected on an untouched 2024 holdout. Brier unmeasured. Official RG reconciliation found an incorrect prior service-point count; 51 later cohort predictions are potentially affected. Original metrics preserved; corrected refit not run. See data/raw/MULTI01/source_cases/propagation_assessment.json.
RVW-MKT-RAW,post_review_exploratory_diagnostic,REVIEWED-LAG2-MARKET-2024-2595,Pinnacle proportional-normalized annual proxy,No fit,reported calendar match dates without clocks; result eligibility D-2; same-date batches frozen,annual latest preplay proxy; exact quote time and historical availability unknown,2595,0.579591361933538,0.19862959862133672,,,,,,,data/raw/FABLE01/reviewed_features/trials.csv,3cad2d7ddc93d122bc4eaeb92e4853fd167d7731369ccd289aea8b6542df45b8,,,
RVW-MKT-CAL,post_review_exploratory_diagnostic,REVIEWED-LAG2-MARKET-2024-2595,Market-logit recalibration,Fit 2023 source season; evaluate 2024 source season,reported calendar match dates without clocks; result eligibility D-2; same-date batches frozen,annual latest preplay proxy; exact quote time and historical availability unknown,2595,0.5790435815365835,0.19846599458084216,RVW-MKT-RAW,-0.000547780396954467,,,,,data/raw/FABLE01/reviewed_features/trials.csv,3cad2d7ddc93d122bc4eaeb92e4853fd167d7731369ccd289aea8b6542df45b8,,,
RVW-MKT-ORES,post_review_exploratory_diagnostic,REVIEWED-LAG2-MARKET-2024-2595,Market plus reviewed overall-Elo residual,Fit 2023 source season; evaluate 2024 source season,reported calendar match dates without clocks; result eligibility D-2; same-date batches frozen,annual latest preplay proxy; exact quote time and historical availability unknown,2595,0.5790782511516778,0.1984820376740686,,,RVW-MKT-CAL,3.466961509424049e-05,-4.375764157966714e-05,0.00011839868621564002,data/raw/FABLE01/reviewed_features/trials.csv,3cad2d7ddc93d122bc4eaeb92e4853fd167d7731369ccd289aea8b6542df45b8,data/raw/FABLE01/reviewed_features/uncertainty.json,0383534a81c6dff95e2f2a8796caf7e5fc5064d3664f8aab4f6389c151732c3e,"Coefficients [1.0368416681504034, 0.02540551199422446]. Conditional event interval on this exposed cohort and procedure spans zero."
RVW-MKT-OSRES,post_review_exploratory_diagnostic,REVIEWED-LAG2-MARKET-2024-2595,Market plus reviewed overall/surface-Elo residual,Fit 2023 source season; evaluate 2024 source season,reported calendar match dates without clocks; result eligibility D-2; same-date batches frozen,annual latest preplay proxy; exact quote time and historical availability unknown,2595,0.5792303953111684,0.19856709753123727,,,RVW-MKT-CAL,0.0001868137745848486,,,data/raw/FABLE01/reviewed_features/trials.csv,3cad2d7ddc93d122bc4eaeb92e4853fd167d7731369ccd289aea8b6542df45b8,,,"Coefficients [1.0318988773581195, -0.11804350993000948, 0.3107195410760713]."
RVW-MKT-PMRES,post_review_exploratory_diagnostic,REVIEWED-LAG2-MARKET-2024-2595,Market plus reviewed probability-mean-Elo residual,Fit 2023 source season; evaluate 2024 source season,reported calendar match dates without clocks; result eligibility D-2; same-date batches frozen,annual latest preplay proxy; exact quote time and historical availability unknown,2595,0.5792186537898492,0.19854667940975146,,,RVW-MKT-CAL,0.00017507225326562903,,,data/raw/FABLE01/reviewed_features/trials.csv,3cad2d7ddc93d122bc4eaeb92e4853fd167d7731369ccd289aea8b6542df45b8,,,"Coefficients [1.025745610610436, 0.05745444899804118]."
RVW-ELO-CAL,post_review_exploratory_diagnostic,REVIEWED-LAG2-MARKET-2024-2595,"Reviewed reported-date overall Elo, recalibrated",Fit 2023 source season; evaluate 2024 source season,reported calendar match dates without clocks; result eligibility D-2; same-date batches frozen,,2595,0.6266137514576988,0.21933598276871666,,,,,,,data/raw/FABLE01/reviewed_features/trials.csv,3cad2d7ddc93d122bc4eaeb92e4853fd167d7731369ccd289aea8b6542df45b8,,,Coefficients [2.771906906114346].
WX11-PRIMARY-CONTROL,independently_reviewed_exposed_weather_benchmark,WX11-PRIMARY-SPORTS-2023-2024-1687,Fixed selected/calibrated full-HGB offset plus shared control head,Past-only annual residual fit: 2022 for 2023; 2022-2023 for 2024; fixed lambda=0.1,reported calendar match dates without clocks; past-only sports forecasts; weather uses regional civil-day forecast proxies under the frozen WX11 acquisition timing contract,,1687,0.556596482595949,0.18888975676744335,,,,,,,experiments/runs/WX11/report_001/annual_metrics.csv,020a88305d9d346700a2171e929c12695e66b129600391b244399a03a9d09cf5,references/WX11.md,c09d8639e7e101f120bb33d08076c6da6c384d052f19786326c66ed6c39b8b08,"Paired control for the weather test. Only two target years, 188 event days and 16 editions; exposed retrospective development. See references/WX11.md."
WX11-PRIMARY-WEATHER,independently_reviewed_exposed_weather_benchmark,WX11-PRIMARY-SPORTS-2023-2024-1687,Control plus fixed five-field regional civil-day weather interaction block,Past-only annual residual fit: 2022 for 2023; 2022-2023 for 2024; fixed lambda=0.1,reported calendar match dates without clocks; past-only sports forecasts; weather uses regional civil-day forecast proxies under the frozen WX11 acquisition timing contract,,1687,0.5829301891290178,0.20030512703914158,WX11-PRIMARY-CONTROL,0.02633370653306888,,,,,experiments/runs/WX11/report_001/annual_metrics.csv,020a88305d9d346700a2171e929c12695e66b129600391b244399a03a9d09cf5,references/WX11.md,c09d8639e7e101f120bb33d08076c6da6c384d052f19786326c66ed6c39b8b08,"Registered equal-year weather-minus-control delta: log loss +0.026328009216250, Brier +0.011412408402169; weather is worse in both years. The conditional edition bootstrap interval [+0.014829244956, +0.044520934109] applies to that equal-year contrast, not the displayed match-weighted delta. Only two target years, 188 event days and 16 editions; exposed retrospective development. Actual match time, roof state and court exposure are unknown; this retires the exact block, not weather generally."
WX11-PRICED-CONTROL,independently_reviewed_exposed_weather_benchmark,WX11-PRIMARY-PINNACLE-2023-2024-1685,WX11 shared control head on the priced intersection,Past-only annual residual fit: 2022 for 2023; 2022-2023 for 2024; fixed lambda=0.1,reported calendar match dates without clocks; past-only sports forecasts; weather uses regional civil-day forecast proxies under the frozen WX11 acquisition timing contract,annual latest preplay proxy; exact quote time and historical availability unknown,1685,0.5568241283656953,0.18900270174120604,,,,,,,experiments/runs/WX11/report_001/priced_metrics.csv,706ae81b73441b64e2101fd79b9df8e2612ee5b05ab21bc0227095c898c0f11c,references/WX11.md,c09d8639e7e101f120bb33d08076c6da6c384d052f19786326c66ed6c39b8b08,"Same procedure restricted to the fixed priced cohort. Descriptive market comparison only. Only two target years, 188 event days and 16 editions; exposed retrospective development."
WX11-PRICED-WEATHER,independently_reviewed_exposed_weather_benchmark,WX11-PRIMARY-PINNACLE-2023-2024-1685,WX11 regional civil-day weather block on the priced intersection,Past-only annual residual fit: 2022 for 2023; 2022-2023 for 2024; fixed lambda=0.1,reported calendar match dates without clocks; past-only sports forecasts; weather uses regional civil-day forecast proxies under the frozen WX11 acquisition timing contract,annual latest preplay proxy; exact quote time and historical availability unknown,1685,0.582942702855343,0.200315465327124,WX11-PRICED-CONTROL,0.026118574489647717,,,,,experiments/runs/WX11/report_001/priced_metrics.csv,706ae81b73441b64e2101fd79b9df8e2612ee5b05ab21bc0227095c898c0f11c,references/WX11.md,c09d8639e7e101f120bb33d08076c6da6c384d052f19786326c66ed6c39b8b08,"Within-priced-cohort weather-minus-control comparison. Quote clocks and actual court exposure are unknown. Only two target years, 188 event days and 16 editions; exposed retrospective development."
WX11-PRICED-PS-RAW,independently_reviewed_exposed_weather_benchmark,WX11-PRIMARY-PINNACLE-2023-2024-1685,Pinnacle proportional-normalized annual proxy,No fit,reported calendar match dates without clocks; past-only sports forecasts; weather uses regional civil-day forecast proxies under the frozen WX11 acquisition timing contract,annual latest preplay proxy; exact quote time and historical availability unknown,1685,0.5377893488005984,0.18156571847856434,,,,,,,experiments/runs/WX11/report_001/priced_metrics.csv,706ae81b73441b64e2101fd79b9df8e2612ee5b05ab21bc0227095c898c0f11c,references/WX11.md,c09d8639e7e101f120bb33d08076c6da6c384d052f19786326c66ed6c39b8b08,"Descriptive reference on the exact 1,685-match cohort; unknown quote clocks preclude a same-cutoff or edge claim."
WX11-PRICED-PS-CAL,independently_reviewed_exposed_weather_benchmark,WX11-PRIMARY-PINNACLE-2023-2024-1685,Saved past-calibrated Pinnacle control,Saved outer-year slope fit on three earlier primary priced years,reported calendar match dates without clocks; past-only sports forecasts; weather uses regional civil-day forecast proxies under the frozen WX11 acquisition timing contract,annual latest preplay proxy; exact quote time and historical availability unknown,1685,0.5374224688132503,0.1815119760896877,WX11-PRICED-PS-RAW,-0.0003668799873480788,,,,,experiments/runs/WX11/report_001/priced_metrics.csv,706ae81b73441b64e2101fd79b9df8e2612ee5b05ab21bc0227095c898c0f11c,references/WX11.md,c09d8639e7e101f120bb33d08076c6da6c384d052f19786326c66ed6c39b8b08,Exact saved JOINT05 market control; descriptive reference on the same cohort. Quote clocks remain unknown.
PP10-constant,independently_reviewed_exposed_point_state_benchmark,PP10-USO-MEN-2017-2024-995,Constant points plus player ability residuals,Rolling prior point histories and past three-year match calibration,reported calendar match dates without clocks; result eligibility D-2; same-date batches frozen,,995,0.5707866928930305,0.19518421543206765,,,,,,,experiments/runs/PP10/report_001/match_predictions.csv,657cc69d55c6684301066cc402ebc4885a4faea50ff87a48a46527290bba5493,references/PP10.md,1eb62c4fe5b51b12867f3355d1e44dff7571adfe32d11114ea3bc58a436c0f37,Matched source membership and official winners; play-to-completion model omits retirement/default hazard. No causal pressure or market-edge claim.
PP10-shared,independently_reviewed_exposed_point_state_benchmark,PP10-USO-MEN-2017-2024-995,Shared score-state responses,Same rolling history and past calibration as constant control,reported calendar match dates without clocks; result eligibility D-2; same-date batches frozen,,995,0.5742186015042868,0.19643637301859326,PP10-constant,0.003431908611256307,,,,,experiments/runs/PP10/report_001/match_predictions.csv,657cc69d55c6684301066cc402ebc4885a4faea50ff87a48a46527290bba5493,references/PP10.md,1eb62c4fe5b51b12867f3355d1e44dff7571adfe32d11114ea3bc58a436c0f37,Matched source membership and official winners; play-to-completion model omits retirement/default hazard. No causal pressure or market-edge claim.
PP10-selected,independently_reviewed_exposed_point_state_benchmark,PP10-USO-MEN-2017-2024-995,Past-selected player-specific score-state responses,Same history; two personal SDs plus shared alternative; past-only selection/calibration,reported calendar match dates without clocks; result eligibility D-2; same-date batches frozen,,995,0.573543364037669,0.19653083713680009,PP10-constant,0.0027566711446385117,,,,,experiments/runs/PP10/report_001/match_predictions.csv,657cc69d55c6684301066cc402ebc4885a4faea50ff87a48a46527290bba5493,references/PP10.md,1eb62c4fe5b51b12867f3355d1e44dff7571adfe32d11114ea3bc58a436c0f37,"Matched source membership and official winners; play-to-completion model omits retirement/default hazard. No causal pressure or market-edge claim. Primary equal-year log-loss difference +0.002676110; descriptive t7 [-0.002717247, +0.008069467], a different basis from the displayed match-weighted delta. Three years improve, five worsen."
PP10-sr03_calibrated,independently_reviewed_exposed_point_state_benchmark,PP10-USO-MEN-2017-2024-995,Saved calibrated dynamic serve/return,Saved SR03 past-only procedure,reported calendar match dates without clocks; result eligibility D-2; same-date batches frozen,,995,0.5572718402411462,0.18811847867608184,,,,,,,experiments/runs/PP10/report_001/match_predictions.csv,657cc69d55c6684301066cc402ebc4885a4faea50ff87a48a46527290bba5493,references/PP10.md,1eb62c4fe5b51b12867f3355d1e44dff7571adfe32d11114ea3bc58a436c0f37,Matched source membership and official winners; play-to-completion model omits retirement/default hazard. No causal pressure or market-edge claim.
PP10-joint04_full,independently_reviewed_exposed_point_state_benchmark,PP10-USO-MEN-2017-2024-995,Saved full joint sports HGB,Saved JOINT04 past-only procedure,reported calendar match dates without clocks; result eligibility D-2; same-date batches frozen,,995,0.5475638147773056,0.18476050983293033,,,,,,,experiments/runs/PP10/report_001/match_predictions.csv,657cc69d55c6684301066cc402ebc4885a4faea50ff87a48a46527290bba5493,references/PP10.md,1eb62c4fe5b51b12867f3355d1e44dff7571adfe32d11114ea3bc58a436c0f37,Matched source membership and official winners; play-to-completion model omits retirement/default hazard. No causal pressure or market-edge claim.
PP10-pinnacle_raw,independently_reviewed_exposed_point_state_benchmark,PP10-USO-MEN-2017-2024-995,Raw normalized Pinnacle,No fit; unknown quote clocks,reported calendar match dates without clocks; result eligibility D-2; same-date batches frozen,annual latest preplay proxy; exact quote time and historical availability unknown,995,0.5326862108501945,0.17914878463280204,,,,,,,experiments/runs/PP10/report_001/match_predictions.csv,657cc69d55c6684301066cc402ebc4885a4faea50ff87a48a46527290bba5493,references/PP10.md,1eb62c4fe5b51b12867f3355d1e44dff7571adfe32d11114ea3bc58a436c0f37,Matched source membership and official winners; play-to-completion model omits retirement/default hazard. No causal pressure or market-edge claim.
PP10-pinnacle_calibrated,independently_reviewed_exposed_point_state_benchmark,PP10-USO-MEN-2017-2024-995,Saved calibrated Pinnacle,Saved earlier-year calibration; unknown quote clocks,reported calendar match dates without clocks; result eligibility D-2; same-date batches frozen,annual latest preplay proxy; exact quote time and historical availability unknown,995,0.5331328138198862,0.17934387148905734,PP10-pinnacle_raw,0.00044660296969167845,,,,,experiments/runs/PP10/report_001/match_predictions.csv,657cc69d55c6684301066cc402ebc4885a4faea50ff87a48a46527290bba5493,references/PP10.md,1eb62c4fe5b51b12867f3355d1e44dff7571adfe32d11114ea3bc58a436c0f37,Matched source membership and official winners; play-to-completion model omits retirement/default hazard. No causal pressure or market-edge claim.
UNC01-SPORTS-raw_point_marginal,independently_reviewed_exposed_calibration,SR03-PRIMARY-SPORTS-2014-2024-26149,raw point marginal,Saved Gaussian integration; no new fit,reported calendar match dates without clocks; result eligibility D-2; same-date batches frozen,,26149,0.621283959801371,0.21331792758708432,SR03-SPORTS-raw_dynamic,-0.00017437998147906697,,,,,experiments/runs/UNC01/report_001/metrics.csv,e6ffb3fc2414e9075fb6c73b12986d6b2f3eb1288486296bad8b9f6ce6e6866d,experiments/runs/UNC01/report_001/summary.json,c3b91a42f23f628dd99e164a50cef262abdb1d03a035bd6718281cfd7264ca62,Three fixed mappings of the saved SR02 Gaussian; no new latent fit. Exact SR03 membership and plug-in bridge. See [UNC01](../references/UNC01.md).
UNC01-SPORTS-raw_shared_draw,independently_reviewed_exposed_calibration,SR03-PRIMARY-SPORTS-2014-2024-26149,raw shared draw,Saved Gaussian integration; no new fit,reported calendar match dates without clocks; result eligibility D-2; same-date batches frozen,,26149,0.614466068667324,0.2118074258343524,SR03-SPORTS-raw_dynamic,-0.0069922711155260275,,,,,experiments/runs/UNC01/report_001/metrics.csv,e6ffb3fc2414e9075fb6c73b12986d6b2f3eb1288486296bad8b9f6ce6e6866d,experiments/runs/UNC01/report_001/summary.json,c3b91a42f23f628dd99e164a50cef262abdb1d03a035bd6718281cfd7264ca62,Three fixed mappings of the saved SR02 Gaussian; no new latent fit. Exact SR03 membership and plug-in bridge. See [UNC01](../references/UNC01.md).
UNC01-SPORTS-calibrated_point_marginal,independently_reviewed_exposed_calibration,SR03-PRIMARY-SPORTS-2014-2024-26149,calibrated point marginal,Same SR03 prior-three-year slope calibration,reported calendar match dates without clocks; result eligibility D-2; same-date batches frozen,,26149,0.6047810104639829,0.20928113321549902,SR03-SPORTS-calibrated_dynamic,-1.963363666102058e-05,,,,,experiments/runs/UNC01/report_001/metrics.csv,e6ffb3fc2414e9075fb6c73b12986d6b2f3eb1288486296bad8b9f6ce6e6866d,experiments/runs/UNC01/report_001/summary.json,c3b91a42f23f628dd99e164a50cef262abdb1d03a035bd6718281cfd7264ca62,Three fixed mappings of the saved SR02 Gaussian; no new latent fit. Exact SR03 membership and plug-in bridge. See [UNC01](../references/UNC01.md).
UNC01-SPORTS-calibrated_shared_draw,independently_reviewed_exposed_calibration,SR03-PRIMARY-SPORTS-2014-2024-26149,calibrated shared draw,Same SR03 prior-three-year slope calibration,reported calendar match dates without clocks; result eligibility D-2; same-date batches frozen,,26149,0.6043227474955174,0.20914348575720437,SR03-SPORTS-calibrated_dynamic,-0.00047789660512653764,,,,,experiments/runs/UNC01/report_001/metrics.csv,e6ffb3fc2414e9075fb6c73b12986d6b2f3eb1288486296bad8b9f6ce6e6866d,experiments/runs/UNC01/report_001/summary.json,c3b91a42f23f628dd99e164a50cef262abdb1d03a035bd6718281cfd7264ca62,"Three fixed mappings of the saved SR02 Gaussian; no new latent fit. Exact SR03 membership and plug-in bridge. See [UNC01](../references/UNC01.md). Primary equal-year log-loss delta -0.000545367; ten of eleven years improve. Descriptive annual t10 [-0.000920755, -0.000169980] and fixed-fit edition bootstrap [-0.000997260, -0.000163578] use different weighting from the displayed pooled delta and omit research-selection uncertainty. No market-edge claim."
UNC01-MKT-raw_point_marginal,independently_reviewed_exposed_calibration,SR03-PRIMARY-PINNACLE-2014-2024-26035,raw point marginal,Saved Gaussian integration; no new fit,reported calendar match dates without clocks; result eligibility D-2; same-date batches frozen,,26035,0.6211970237286021,0.21327956736706666,SR03-MKT-raw_dynamic,-0.00017359069293354512,,,,,experiments/runs/UNC01/report_001/metrics.csv,e6ffb3fc2414e9075fb6c73b12986d6b2f3eb1288486296bad8b9f6ce6e6866d,experiments/runs/UNC01/report_001/summary.json,c3b91a42f23f628dd99e164a50cef262abdb1d03a035bd6718281cfd7264ca62,Three fixed mappings of the saved SR02 Gaussian; no new latent fit. Exact SR03 membership and plug-in bridge. See [UNC01](../references/UNC01.md).
UNC01-MKT-raw_shared_draw,independently_reviewed_exposed_calibration,SR03-PRIMARY-PINNACLE-2014-2024-26035,raw shared draw,Saved Gaussian integration; no new fit,reported calendar match dates without clocks; result eligibility D-2; same-date batches frozen,,26035,0.6144035597036598,0.21177409318036997,SR03-MKT-raw_dynamic,-0.006967054717875842,,,,,experiments/runs/UNC01/report_001/metrics.csv,e6ffb3fc2414e9075fb6c73b12986d6b2f3eb1288486296bad8b9f6ce6e6866d,experiments/runs/UNC01/report_001/summary.json,c3b91a42f23f628dd99e164a50cef262abdb1d03a035bd6718281cfd7264ca62,Three fixed mappings of the saved SR02 Gaussian; no new latent fit. Exact SR03 membership and plug-in bridge. See [UNC01](../references/UNC01.md).
UNC01-MKT-calibrated_point_marginal,independently_reviewed_exposed_calibration,SR03-PRIMARY-PINNACLE-2014-2024-26035,calibrated point marginal,Same SR03 prior-three-year slope calibration,reported calendar match dates without clocks; result eligibility D-2; same-date batches frozen,,26035,0.6047531690757826,0.20925516606135336,SR03-MKT-calibrated_dynamic,-1.9565262732057498e-05,,,,,experiments/runs/UNC01/report_001/metrics.csv,e6ffb3fc2414e9075fb6c73b12986d6b2f3eb1288486296bad8b9f6ce6e6866d,experiments/runs/UNC01/report_001/summary.json,c3b91a42f23f628dd99e164a50cef262abdb1d03a035bd6718281cfd7264ca62,Three fixed mappings of the saved SR02 Gaussian; no new latent fit. Exact SR03 membership and plug-in bridge. See [UNC01](../references/UNC01.md).
UNC01-MKT-calibrated_shared_draw,independently_reviewed_exposed_calibration,SR03-PRIMARY-PINNACLE-2014-2024-26035,calibrated shared draw,Same SR03 prior-three-year slope calibration,reported calendar match dates without clocks; result eligibility D-2; same-date batches frozen,,26035,0.6042964109294012,0.20911838167075011,SR03-MKT-calibrated_dynamic,-0.00047632340911341053,,,,,experiments/runs/UNC01/report_001/metrics.csv,e6ffb3fc2414e9075fb6c73b12986d6b2f3eb1288486296bad8b9f6ce6e6866d,experiments/runs/UNC01/report_001/summary.json,c3b91a42f23f628dd99e164a50cef262abdb1d03a035bd6718281cfd7264ca62,Three fixed mappings of the saved SR02 Gaussian; no new latent fit. Exact SR03 membership and plug-in bridge. See [UNC01](../references/UNC01.md).
CONFIRM2026-P1,reserved_window_spent_exposed_retrospective,CONFIRM2026-RESERVED-SPORTS-2025-2026-4225,selected/calibrated full HGB (P1),Five-year training window; candidate and calibration slope selected on the three preceding years,"reported calendar match dates without clocks; result eligibility D-2; same-date batches frozen; 2026 rows recovered from Wikipedia draw pages carry a tournament start date and round order, not a match date",,4225,0.61611213126265,0.21429678064044794,CONFIRM2026-P0,-0.005470111783626663,,,,,experiments/runs/CONFIRM2026/joint04_006/run/report/pooled_metrics.csv,3400568a26334079d89660a355a928fe4c2a6c40f5229081252a6c85f9dfd477,references/CONFIRM2026.md,21262b99c33a70dfdb06bb848fc51063a5e2b9c0a59894875f84766d3d8c0e99,"Registered primary equal-year delta -0.005521 (2000-replicate tournament-edition block bootstrap conditional on fixed predictions [-0.010014, -0.001088]; the two-year t interval [-0.012482, +0.001441] has one degree of freedom and spans zero). That equal-year estimand is not the displayed match-weighted delta. On the rows that did NOT need the event carry-forward the paired difference is +0.000944 (2025, n 506) and -0.000846 (2026, n 635), equal-year +0.0000492; the independent review finds this subset underpowered (5 + 7 editions), the carry-forward mappings verified, and the match-level bootstrap for the primary [−0.009167, −0.001623]."
CONFIRM2026-P0,reserved_window_spent_exposed_retrospective,CONFIRM2026-RESERVED-SPORTS-2025-2026-4225,selected/calibrated base HGB (P0),Five-year training window; candidate and calibration slope selected on the three preceding years,"reported calendar match dates without clocks; result eligibility D-2; same-date batches frozen; 2026 rows recovered from Wikipedia draw pages carry a tournament start date and round order, not a match date",,4225,0.6215822430462766,0.21662309471930039,,,,,,,experiments/runs/CONFIRM2026/joint04_006/run/report/pooled_metrics.csv,3400568a26334079d89660a355a928fe4c2a6c40f5229081252a6c85f9dfd477,references/CONFIRM2026.md,21262b99c33a70dfdb06bb848fc51063a5e2b9c0a59894875f84766d3d8c0e99,"Registered paired control for P1. Same 4,225 aligned primary targets and the same selection procedure."
CONFIRM2026-MKT-P1,reserved_window_spent_exposed_retrospective,CONFIRM2026-RESERVED-PINNACLE-2025-2278,selected/calibrated full HGB (P1) on the priced intersection,Five-year training window; candidate and calibration slope selected on the three preceding years,"reported calendar match dates without clocks; result eligibility D-2; same-date batches frozen; 2026 rows recovered from Wikipedia draw pages carry a tournament start date and round order, not a match date",annual latest preplay proxy; exact quote time and historical availability unknown,2278,0.6262190127679891,0.21857032871857857,CONFIRM2026-MKT-P0,-0.004968165852109241,CONFIRM2026-MKT-PS-CAL,0.022876408690366667,,,experiments/runs/CONFIRM2026/joint04_006/run/report/pooled_metrics.csv,3400568a26334079d89660a355a928fe4c2a6c40f5229081252a6c85f9dfd477,references/CONFIRM2026.md,21262b99c33a70dfdb06bb848fc51063a5e2b9c0a59894875f84766d3d8c0e99,"Descriptive market comparison on the exact 2,278 priced matches; the 2026 slice is only 65 matches, so the 2026 half of this cohort carries almost no information. Quote clocks are unknown. P1 is behind normalized Pinnacle in both years."
CONFIRM2026-MKT-P0,reserved_window_spent_exposed_retrospective,CONFIRM2026-RESERVED-PINNACLE-2025-2278,selected/calibrated base HGB (P0) on the priced intersection,Five-year training window; candidate and calibration slope selected on the three preceding years,"reported calendar match dates without clocks; result eligibility D-2; same-date batches frozen; 2026 rows recovered from Wikipedia draw pages carry a tournament start date and round order, not a match date",annual latest preplay proxy; exact quote time and historical availability unknown,2278,0.6311871786200983,0.22071693773721812,,,CONFIRM2026-MKT-PS-CAL,0.02784457454247591,,,experiments/runs/CONFIRM2026/joint04_006/run/report/pooled_metrics.csv,3400568a26334079d89660a355a928fe4c2a6c40f5229081252a6c85f9dfd477,references/CONFIRM2026.md,21262b99c33a70dfdb06bb848fc51063a5e2b9c0a59894875f84766d3d8c0e99,"Descriptive market comparison on the exact 2,278 priced matches; the 2026 slice is only 65 matches, so the 2026 half of this cohort carries almost no information. Quote clocks are unknown."
CONFIRM2026-MKT-PS-RAW,reserved_window_spent_exposed_retrospective,CONFIRM2026-RESERVED-PINNACLE-2025-2278,Raw normalized Pinnacle,No fit,"reported calendar match dates without clocks; result eligibility D-2; same-date batches frozen; 2026 rows recovered from Wikipedia draw pages carry a tournament start date and round order, not a match date",annual latest preplay proxy; exact quote time and historical availability unknown,2278,0.60258509158983,0.20859468452052385,,,,,,,experiments/runs/CONFIRM2026/joint04_006/run/report/pooled_metrics.csv,3400568a26334079d89660a355a928fe4c2a6c40f5229081252a6c85f9dfd477,references/CONFIRM2026.md,21262b99c33a70dfdb06bb848fc51063a5e2b9c0a59894875f84766d3d8c0e99,"Descriptive market comparison on the exact 2,278 priced matches; the 2026 slice is only 65 matches, so the 2026 half of this cohort carries almost no information. Quote clocks are unknown."
CONFIRM2026-MKT-PS-CAL,reserved_window_spent_exposed_retrospective,CONFIRM2026-RESERVED-PINNACLE-2025-2278,Past-calibrated Pinnacle,"Slope only, fitted on the three preceding priced years","reported calendar match dates without clocks; result eligibility D-2; same-date batches frozen; 2026 rows recovered from Wikipedia draw pages carry a tournament start date and round order, not a match date",annual latest preplay proxy; exact quote time and historical availability unknown,2278,0.6033426040776224,0.20884103645613078,CONFIRM2026-MKT-PS-RAW,0.0007575124877924333,,,,,experiments/runs/CONFIRM2026/joint04_006/run/report/pooled_metrics.csv,3400568a26334079d89660a355a928fe4c2a6c40f5229081252a6c85f9dfd477,references/CONFIRM2026.md,21262b99c33a70dfdb06bb848fc51063a5e2b9c0a59894875f84766d3d8c0e99,"Descriptive market comparison on the exact 2,278 priced matches; the 2026 slice is only 65 matches, so the 2026 half of this cohort carries almost no information. Quote clocks are unknown."
CONFIRM2026-ELO-F,reserved_window_spent_exposed_retrospective,CONFIRM2026-RESERVED-ELO-F-2025-2026-7528,Fallback probability-pooled Elo (F),Frozen ELO-DATE-002-C1 probability pooling; prequential states replayed from the 2005-2026 stream,"unified 2005-2026 results stream: per-match dates for the tennis-data tranches, event-anchor dates for the Sackmann WTA mirror, tournament start date plus round order for the 2026 Wikipedia draws",,7528,0.6234679980780744,0.21745072151892186,,,,,,,experiments/runs/CONFIRM2026/elo_001/scoring/F_scores.json,cbaba80d6c5435db82df183cd4186f696fd1fd0597e688cd3c645c2cda4d2af1,references/CONFIRM2026.md,21262b99c33a70dfdb06bb848fc51063a5e2b9c0a59894875f84766d3d8c0e99,"Match-weighted over 4273 2025 rows, 3197 2026 rows and a 58-row 2024 tail. This is the declared weak fallback on its own match set: it is not paired with P0/P1 here and must not be read as a ranking against them. The paired common-match contrasts are in the run report."
CONFIRM2026-ELO-F2,reserved_window_spent_exposed_retrospective,CONFIRM2026-RESERVED-ELO-F2-2025-2026-8428,Fallback probability-pooled Elo on `crosswalk_v2` (F2),Frozen ELO-DATE-002-C1 probability pooling; prequential states replayed from the 2005-2026 stream,"unified 2005-2026 results stream: per-match dates for the tennis-data tranches, event-anchor dates for the Sackmann WTA mirror, tournament start date plus round order for the 2026 Wikipedia draws",,8428,0.6228734694231216,0.21722898305621494,,,,,,,experiments/runs/CONFIRM2026/elo_001/scoring/F2_scores.json,1484f6faaf5e0196337f96ffe3dfd9546b11d4351801fbff7d4c0390d5cf5656,references/CONFIRM2026.md,21262b99c33a70dfdb06bb848fc51063a5e2b9c0a59894875f84766d3d8c0e99,"Match-weighted over 4564 2025 rows, 3805 2026 rows and a 59-row 2024 tail. This is the declared weak fallback on its own match set: it is not paired with P0/P1 here and must not be read as a ranking against them. The paired common-match contrasts are in the run report."
TIER01-SPORTS-full_tier,superseded_for_chronology_attempt_001,TIER01-PRIMARY-SPORTS-2017-2024-18972,selected hgb full plus lower-tier history,JOINT04's annual fits and three-past-year selection/calibration; lower-tier history in the state inputs,reported calendar match dates without clocks; result eligibility D-2; same-date batches frozen,,18972,0.5986986966267147,0.20683006079141408,JOINT04-SPORTS-selected_hgb_full,-0.006716380961415136,,,,,experiments/runs/TIER01/attempt_001/run/report/pooled_metrics.csv,5ce7a9c3b4befb4236c9b207f4c4a1810f8129d35478ff06cc88cbeaba72a767,references/TIER01-review.md,dc759335c8b2df63157474c0a631acbc172b28eb5a9921511afb724d2a2aa900,"Registered primary equal-year delta -0.006715697, improving in 8/8 seasons (2000-replicate match-level bootstrap conditional on fixed predictions [-0.008365171, -0.005005002], 100% of replicates below zero; the reporter's tournament-edition interval is [-0.008702882, -0.004724522]). That estimand is not the displayed match-weighted delta. Prespecified thin-side subgroup -0.020475 on 3,846 matches against -0.003220 on the other 15,126. The independent review reproduced every score, interval and declared cut, found no lookahead, and corrected the published service-point contribution to the 16,285,065 points the solver consumes rather than the 16,379,112 the feed makes available."
TIER01-SPORTS-base_tier,superseded_for_chronology_attempt_001,TIER01-PRIMARY-SPORTS-2017-2024-18972,selected hgb base plus lower-tier history,JOINT04's annual fits and three-past-year selection/calibration; lower-tier history in the state inputs,reported calendar match dates without clocks; result eligibility D-2; same-date batches frozen,,18972,0.6057003753514281,0.2097736069645122,JOINT04-SPORTS-selected_hgb_base,-0.006507406958558781,,,,,experiments/runs/TIER01/attempt_001/run/report/pooled_metrics.csv,5ce7a9c3b4befb4236c9b207f4c4a1810f8129d35478ff06cc88cbeaba72a767,references/TIER01.md,f48463efd6064bbfae4e6294e7ca8c8343a64f5ee5604fcdf58e443b22966091,"Registered secondary equal-year delta -0.006307428, 8/8 seasons improving, match-level bootstrap [-0.007872031, -0.004617929]. The block delivers 94% as much on the weaker base model, which carries no dynamic column of either kind, so the gain is not an interaction with the traits/dynamic block."
TIER01-MKT-full_tier,superseded_for_chronology_attempt_001,TIER01-PRIMARY-PINNACLE-2017-2024-18882,selected hgb full plus lower-tier history,JOINT04's annual fits and three-past-year selection/calibration; lower-tier history in the state inputs,reported calendar match dates without clocks; result eligibility D-2; same-date batches frozen,annual latest preplay proxy; exact quote time and historical availability unknown,18882,0.5985188386108352,0.2067622380999813,JOINT04-MKT-selected_hgb_full,-0.006818447381385706,JOINT04-MKT-market_raw_ps,0.011265588675205551,,,experiments/runs/TIER01/attempt_001/run/report/pooled_metrics.csv,5ce7a9c3b4befb4236c9b207f4c4a1810f8129d35478ff06cc88cbeaba72a767,references/TIER01.md,f48463efd6064bbfae4e6294e7ca8c8343a64f5ee5604fcdf58e443b22966091,"Descriptive market context on the unchanged priced cohort. The displayed incremental delta is match-weighted against raw normalized Pinnacle; the registered gap is the equal-year one to past-calibrated Pinnacle, +0.011674711 against `full`'s +0.018484198, so lower-tier history narrows it by 0.006809 while the model still trails the market in every season. The baseline delta is versus the unchanged JOINT04 full row on the identical 18,882 targets; its equal-year value is -0.006809487. Quote clocks are unknown and lower-tier results carry no odds, so no market claim is supported."
FAT01-SPORTS-full_fatigue,exposed_development_null_reviewed_in_astra_pass,FAT01-PRIMARY-SPORTS-2017-2024-18972,selected hgb full plus fatigue block,JOINT04's annual fits and three-past-year selection/calibration; fatigue block appended to the bundle,reported calendar match dates without clocks; result eligibility D-2; same-date batches frozen,,18972,0.6055236926737995,0.20958934639853333,JOINT04-SPORTS-selected_hgb_full,0.00010861508566961664,,,,,experiments/runs/FAT01/attempt_001/run/report/pooled_metrics.csv,97d4aff1f8c4272b297f7e900d32ba5dfc15f4abcae79146f0b5ada15d69b78d,references/FAT01.md,9e2841c88897dc184662de79d7e0aa6cf0958559dfea5783a6bba0d8d6fa3129,"Registered primary equal-year delta +0.000015225, improving in 3/8 seasons (2000-replicate match-level bootstrap conditional on fixed predictions [-0.000389046, +0.000400827], which spans zero). That estimand is not the displayed match-weighted delta, and it is not the interval the frozen reporter wrote into this run's `primary.json`: that field carries JOINT04's own full-minus-base interval and is quoted nowhere here. Null on an exposed window; the block is 13 effective columns of 14, because `fat_matches_7d_diff` duplicates the base list's `matches_7d_diff` and its permutation importance is exactly zero in all 16 fitted models. No market claim."
FAT01-SPORTS-base_fatigue,exposed_development_null_reviewed_in_astra_pass,FAT01-PRIMARY-SPORTS-2017-2024-18972,selected hgb base plus fatigue block,JOINT04's annual fits and three-past-year selection/calibration; fatigue block appended to the bundle,reported calendar match dates without clocks; result eligibility D-2; same-date batches frozen,,18972,0.6123803445860908,0.2127621086377381,JOINT04-SPORTS-selected_hgb_base,0.00017256227610396024,,,,,experiments/runs/FAT01/attempt_001/run/report/pooled_metrics.csv,97d4aff1f8c4272b297f7e900d32ba5dfc15f4abcae79146f0b5ada15d69b78d,references/FAT01.md,9e2841c88897dc184662de79d7e0aa6cf0958559dfea5783a6bba0d8d6fa3129,"Declared secondary equal-year delta +0.000141104, 3/8 seasons improving, match-level bootstrap [-0.000238171, +0.000502789]. Adding the block to the weaker base model does not help either."
TIER01-002-SPORTS-full_tier,independently_reviewed_exposed_tier_history,TIER01-ATTEMPT002-SPORTS-2017-2024-18972,selected hgb full plus corrected lower-tier history,JOINT04's annual fits and three-past-year selection/calibration; chronology-corrected lower-tier history in the state inputs,"reported calendar match dates without clocks; result eligibility D-2; same-date batches frozen; every lower-tier satellite leg dated at its circuit's last possible completion, anchor + 7 days x legs; the debut-rating offset measured strictly before the start of each row-year's training window",,18972,0.5986371544575821,0.20680179169045637,JOINT04-SPORTS-selected_hgb_full,-0.006777923130547703,,,,,experiments/runs/TIER01/attempt_002/run/report/pooled_metrics.csv,b2f4afa1971074fc5485c11940a2b824bf762f34316f1bdc6262f78f4a3d5e63,references/TIER01-review-002.md,592703227b48ed3d3fd35cdac1f7582dc9cc67db8bc8ec8b123b0fcb78d5494e,"Registered primary equal-year delta -0.006768047, improving in 8/8 seasons (2000-replicate match-level bootstrap conditional on fixed predictions [-0.008435686, -0.005067268], 100% of replicates below zero; the reporter's tournament-edition interval is [-0.008721139, -0.004806830]). That estimand is not the displayed match-weighted delta. On the identical cohort the correction moves attempt 001's -0.006715697 by -0.000052351. Prespecified thin-side subgroup -0.020430 on 3,846 matches against -0.003300 on the other 15,126. The independent review reproduced every score and interval here and reconstructed the corrected tier Elo replay at 0.0 on 51,222 rows; the SR02 dynamic replay, the fits and the calibration remain unreconstructed."
TIER01-002-SPORTS-base_tier,independently_reviewed_exposed_tier_history,TIER01-ATTEMPT002-SPORTS-2017-2024-18972,selected hgb base plus corrected lower-tier history,JOINT04's annual fits and three-past-year selection/calibration; chronology-corrected lower-tier history in the state inputs,"reported calendar match dates without clocks; result eligibility D-2; same-date batches frozen; every lower-tier satellite leg dated at its circuit's last possible completion, anchor + 7 days x legs; the debut-rating offset measured strictly before the start of each row-year's training window",,18972,0.6056226509695692,0.2097604518133555,JOINT04-SPORTS-selected_hgb_base,-0.006585131340417605,,,,,experiments/runs/TIER01/attempt_002/run/report/pooled_metrics.csv,b2f4afa1971074fc5485c11940a2b824bf762f34316f1bdc6262f78f4a3d5e63,references/TIER01.md,f48463efd6064bbfae4e6294e7ca8c8343a64f5ee5604fcdf58e443b22966091,"Registered secondary equal-year delta -0.006423689, 8/8 seasons improving, match-level bootstrap [-0.008014296, -0.004697120]. The block delivers 95% as much on the weaker base model, which carries no dynamic column of either kind, so the gain is not an interaction with the traits/dynamic block."
TIER01-002-SPORTS-full_tier_noqual,independently_reviewed_exposed_tier_history,TIER01-ATTEMPT002-SPORTS-2017-2024-18972,"selected hgb full plus corrected lower-tier history, same-event qualifying removed",JOINT04's annual fits and three-past-year selection/calibration; chronology-corrected lower-tier history in the state inputs,"reported calendar match dates without clocks; result eligibility D-2; same-date batches frozen; every lower-tier satellite leg dated at its circuit's last possible completion, anchor + 7 days x legs; the debut-rating offset measured strictly before the start of each row-year's training window",,18972,0.599127012465319,0.20699475447332483,JOINT04-SPORTS-selected_hgb_full,-0.006288065122810882,,,,,experiments/runs/TIER01/attempt_002/run/report/pooled_metrics.csv,b2f4afa1971074fc5485c11940a2b824bf762f34316f1bdc6262f78f4a3d5e63,references/TIER01.md,f48463efd6064bbfae4e6294e7ca8c8343a64f5ee5604fcdf58e443b22966091,"The declared ablation: `full_tier` with the 21,822 qualifying rows that share a main draw's own `tourney_id` dropped from the serve-count feed, Elo and experience unchanged. It keeps -0.006260718 of the primary's -0.006768047, 8/8 seasons improving, so the same-event channel is worth -0.000507329 over 6/8 seasons with a match-level bootstrap [-0.001175404, +0.000167996] that includes zero. It is concentrated where the mechanism predicts - -0.001766 on the 326 targets that can use it against -0.000484 on the other 18,646. All shared-id rows are dropped, not only the usable ones, so this bounds the channel rather than estimating it."
TIER01-002-MKT-full_tier,independently_reviewed_exposed_tier_history,TIER01-ATTEMPT002-PINNACLE-2017-2024-18882,selected hgb full plus corrected lower-tier history,JOINT04's annual fits and three-past-year selection/calibration; chronology-corrected lower-tier history in the state inputs,"reported calendar match dates without clocks; result eligibility D-2; same-date batches frozen; every lower-tier satellite leg dated at its circuit's last possible completion, anchor + 7 days x legs; the debut-rating offset measured strictly before the start of each row-year's training window",annual latest preplay proxy; exact quote time and historical availability unknown,18882,0.5984263830208818,0.2067244187386841,JOINT04-MKT-selected_hgb_full,-0.006910902971339117,JOINT04-MKT-market_raw_ps,0.01117313308525214,,,experiments/runs/TIER01/attempt_002/run/report/pooled_metrics.csv,b2f4afa1971074fc5485c11940a2b824bf762f34316f1bdc6262f78f4a3d5e63,references/TIER01.md,f48463efd6064bbfae4e6294e7ca8c8343a64f5ee5604fcdf58e443b22966091,"Descriptive market context on the unchanged priced cohort. The displayed incremental delta is match-weighted against raw normalized Pinnacle; the registered gap is the equal-year one to past-calibrated Pinnacle, +0.011592259 against `full`'s +0.018484198, so corrected lower-tier history narrows it by 0.006892 while the model still trails the market in every season. The baseline delta is versus the unchanged JOINT04 full row on the identical 18,882 targets; its equal-year value is -0.006891939. Quote clocks are unknown and lower-tier results carry no odds, so no market claim is supported."
WTA01-SPORTS-selected_hgb_base,independently_reviewed_exposed_wta_replication,WTA01-PRIMARY-SPORTS-2019-2024-12900,selected/calibrated base HGB,"JOINT04's five-year window, three-past-year selection and single-slope calibration, `tour = ""WTA""`",reported calendar match dates without clocks; result eligibility D-2; same-date batches frozen,,12900,0.6153404128675094,0.21377810910125067,,,,,,,experiments/runs/WTA01/attempt_001/primary/run/report/pooled_metrics.csv,431b6e1e5f1084a7621052b31f3995af3f86eaf0df84fccb342026289334dc28,references/WTA01.md,762364c9f83bd0c343a68d4a3168f200f3cee7b9e19176b180b49c9dae986da0,"Registered paired control for the primary contrast and the baseline of every delta in this cohort. Same 12,900 aligned primary targets, same selection and calibration procedure."
WTA01-SPORTS-selected_hgb_traits,independently_reviewed_exposed_wta_replication,WTA01-PRIMARY-SPORTS-2019-2024-12900,selected/calibrated traits HGB,"JOINT04's five-year window, three-past-year selection and single-slope calibration, `tour = ""WTA""`",reported calendar match dates without clocks; result eligibility D-2; same-date batches frozen,,12900,0.6133608465743758,0.2129344201357279,WTA01-SPORTS-selected_hgb_base,-0.001979566293133561,,,,,experiments/runs/WTA01/attempt_001/primary/run/report/pooled_metrics.csv,431b6e1e5f1084a7621052b31f3995af3f86eaf0df84fccb342026289334dc28,references/WTA01.md,762364c9f83bd0c343a68d4a3168f200f3cee7b9e19176b180b49c9dae986da0,"Declared secondary contrast: equal-year `traits` minus `base` -0.001893727, 6/6 seasons improving. This is also the one descriptive quantity the withdrawn secondary vehicle was to supply on this span, and it is published here instead; nothing about a pooled ATP+WTA fit is measured."
WTA01-SPORTS-selected_hgb_dynamic,independently_reviewed_exposed_wta_replication,WTA01-PRIMARY-SPORTS-2019-2024-12900,selected/calibrated dynamic HGB,"JOINT04's five-year window, three-past-year selection and single-slope calibration, `tour = ""WTA""`",reported calendar match dates without clocks; result eligibility D-2; same-date batches frozen,,12900,0.6122161262267544,0.21243335446308775,WTA01-SPORTS-selected_hgb_base,-0.0031242866407550363,,,,,experiments/runs/WTA01/attempt_001/primary/run/report/pooled_metrics.csv,431b6e1e5f1084a7621052b31f3995af3f86eaf0df84fccb342026289334dc28,references/WTA01.md,762364c9f83bd0c343a68d4a3168f200f3cee7b9e19176b180b49c9dae986da0,"Declared secondary contrast: equal-year `dynamic` minus `base` -0.002807124, 5/6 seasons improving, the one positive season being 2020's 1,019-match schedule. The serve/return block is the larger of the two and its three best seasons are the three most recent."
WTA01-SPORTS-selected_hgb_full,independently_reviewed_exposed_wta_replication,WTA01-PRIMARY-SPORTS-2019-2024-12900,selected/calibrated full HGB,"JOINT04's five-year window, three-past-year selection and single-slope calibration, `tour = ""WTA""`",reported calendar match dates without clocks; result eligibility D-2; same-date batches frozen,,12900,0.6104287511922197,0.21164571917560912,WTA01-SPORTS-selected_hgb_base,-0.004911661675289669,,,,,experiments/runs/WTA01/attempt_001/primary/run/report/pooled_metrics.csv,431b6e1e5f1084a7621052b31f3995af3f86eaf0df84fccb342026289334dc28,references/WTA01.md,762364c9f83bd0c343a68d4a3168f200f3cee7b9e19176b180b49c9dae986da0,"Registered primary equal-year delta -0.004568748, improving in 6/6 seasons (2000-replicate match-level bootstrap conditional on fixed predictions [-0.006186140, -0.002825737], seed 20260912; the reporter's tournament-edition-blocked interval from the same seed is [-0.006004183, -0.003060290], and the six-season t interval is [-0.006552488, -0.002585007]). That estimand is not the displayed match-weighted delta, and the intervals are conditional on fixed predictions: they propagate neither fitting nor selection nor calibration variance. Two of the six per-year intervals cover zero. The result is learner-specific - it holds on HGB and fails on ridge, where raw year 2016's wholly constant dynamic training window (11,805 of 11,805 rows, one distinct value) drives a +0.064 outlier into 2019."
WTA01-MKT-selected_hgb_full,independently_reviewed_exposed_wta_replication,WTA01-PRIMARY-PINNACLE-2019-2024-12785,selected/calibrated full HGB on the priced intersection,"JOINT04's five-year window, three-past-year selection and single-slope calibration, `tour = ""WTA""`",reported calendar match dates without clocks; result eligibility D-2; same-date batches frozen,annual latest preplay proxy; exact quote time and historical availability unknown,12785,0.6107888327712236,0.2117933271428324,WTA01-MKT-selected_hgb_base,-0.004911724237467663,WTA01-MKT-market_raw_ps,0.020437495852130172,,,experiments/runs/WTA01/attempt_001/primary/run/report/pooled_metrics.csv,431b6e1e5f1084a7621052b31f3995af3f86eaf0df84fccb342026289334dc28,references/WTA01.md,762364c9f83bd0c343a68d4a3168f200f3cee7b9e19176b180b49c9dae986da0,"Descriptive market context on the 12,785 priced primary targets. The displayed incremental delta is match-weighted against raw normalized Pinnacle; the registered gaps are the equal-year ones, +0.019784 for `full` against normalized and +0.019967 against past-calibrated Pinnacle, the model worse in 6/6 seasons. The ATP `full` gap of +0.018084 on 18,882 JOINT04 targets is match-weighted over different seasons, so the two gaps are not comparable as published; on matched seasons, equal-year, they are +0.019784 (WTA) and +0.019524 (ATP), and the comparison cannot identify market efficiency (D60). Different tours are not rankable against each other. Quote clocks are unknown, so no market claim is supported."
WTA01-MKT-selected_hgb_base,independently_reviewed_exposed_wta_replication,WTA01-PRIMARY-PINNACLE-2019-2024-12785,selected/calibrated base HGB on the priced intersection,"JOINT04's five-year window, three-past-year selection and single-slope calibration, `tour = ""WTA""`",reported calendar match dates without clocks; result eligibility D-2; same-date batches frozen,annual latest preplay proxy; exact quote time and historical availability unknown,12785,0.6157005570086913,0.21392708184824918,,,WTA01-MKT-market_raw_ps,0.025349220089597835,,,experiments/runs/WTA01/attempt_001/primary/run/report/pooled_metrics.csv,431b6e1e5f1084a7621052b31f3995af3f86eaf0df84fccb342026289334dc28,references/WTA01.md,762364c9f83bd0c343a68d4a3168f200f3cee7b9e19176b180b49c9dae986da0,"Registered paired control on the priced intersection. The `full` minus `base` delta on these 12,785 targets is -0.004534640 equal-year, the model's own improvement and not evidence about the market."
WTA01-MKT-market_raw_ps,independently_reviewed_exposed_wta_replication,WTA01-PRIMARY-PINNACLE-2019-2024-12785,Raw normalized Pinnacle,No fit,reported calendar match dates without clocks; result eligibility D-2; same-date batches frozen,annual latest preplay proxy; exact quote time and historical availability unknown,12785,0.5903513369190935,0.20327360249379073,,,,,,,experiments/runs/WTA01/attempt_001/primary/run/report/pooled_metrics.csv,431b6e1e5f1084a7621052b31f3995af3f86eaf0df84fccb342026289334dc28,references/WTA01.md,762364c9f83bd0c343a68d4a3168f200f3cee7b9e19176b180b49c9dae986da0,Unchanged market reference on the identical priced membership. 2009 carries no Pinnacle column at all in the publisher's workbook; it is below this target span in any case.
WTA01-MKT-market_calibrated_ps,independently_reviewed_exposed_wta_replication,WTA01-PRIMARY-PINNACLE-2019-2024-12785,Past-calibrated Pinnacle,"Slope only, fitted on the three preceding priced years",reported calendar match dates without clocks; result eligibility D-2; same-date batches frozen,annual latest preplay proxy; exact quote time and historical availability unknown,12785,0.5901504857112145,0.2032829991029047,WTA01-MKT-market_raw_ps,-0.00020085120787893818,,,,,experiments/runs/WTA01/attempt_001/primary/run/report/pooled_metrics.csv,431b6e1e5f1084a7621052b31f3995af3f86eaf0df84fccb342026289334dc28,references/WTA01.md,762364c9f83bd0c343a68d4a3168f200f3cee7b9e19176b180b49c9dae986da0,"Unlike the ATP cohort, past-calibrating the WTA prices helps, so this is the harder market baseline and the model's gap to it is the larger of the two."
WTA02-SPORTS-selected_hgb_base,reserved_window_spent_exposed_retrospective_reviewed,WTA02-RESERVED-SPORTS-2025-2026-4296,selected/calibrated base HGB,"WTA01's frozen five-year window, three-past-year selection and single-slope calibration, advanced to targets 2025 and 2026","reported calendar match dates without clocks; result eligibility D-2; a 2026 draw-page match is dated at its event's end - the retained page's infobox completion date, else the last week start plus 7 days - never at the event start plus round order; 332 panel rows carry that inferred event-end date",,4296,0.6080619258966806,0.21081559534452282,,,,,,,experiments/runs/WTA02/attempt_002/run/report/pooled_metrics.csv,5d10a5d42a23821a7d10435eef5168d1c2359fb2e26b4b5a69eedd8fb1b4af2d,references/WTA02.md,47374e9cc2d7058f7e65b9fa461303420c021b0fb286e02251b96e91be6715d9,"Registered paired control for the primary contrast and the baseline of every delta in this cohort. Same 4,296 aligned primary targets, same selection and calibration procedure, every hgb selection picking `hgb_leaf07_depth3`."
WTA02-SPORTS-selected_hgb_traits,reserved_window_spent_exposed_retrospective_reviewed,WTA02-RESERVED-SPORTS-2025-2026-4296,selected/calibrated traits HGB,"WTA01's frozen five-year window, three-past-year selection and single-slope calibration, advanced to targets 2025 and 2026","reported calendar match dates without clocks; result eligibility D-2; a 2026 draw-page match is dated at its event's end - the retained page's infobox completion date, else the last week start plus 7 days - never at the event start plus round order; 332 panel rows carry that inferred event-end date",,4296,0.6065107367762903,0.21006928027912863,WTA02-SPORTS-selected_hgb_base,-0.0015511891203903172,,,,,experiments/runs/WTA02/attempt_002/run/report/pooled_metrics.csv,5d10a5d42a23821a7d10435eef5168d1c2359fb2e26b4b5a69eedd8fb1b4af2d,references/WTA02.md,47374e9cc2d7058f7e65b9fa461303420c021b0fb286e02251b96e91be6715d9,"Declared secondary contrast: equal-year `traits` minus `base` -0.001401394, 1/2 seasons improving - the improvement is 2025's; 2026 is worse."
WTA02-SPORTS-selected_hgb_dynamic,reserved_window_spent_exposed_retrospective_reviewed,WTA02-RESERVED-SPORTS-2025-2026-4296,selected/calibrated dynamic HGB,"WTA01's frozen five-year window, three-past-year selection and single-slope calibration, advanced to targets 2025 and 2026","reported calendar match dates without clocks; result eligibility D-2; a 2026 draw-page match is dated at its event's end - the retained page's infobox completion date, else the last week start plus 7 days - never at the event start plus round order; 332 panel rows carry that inferred event-end date",,4296,0.6044763172676703,0.20925547930546415,WTA02-SPORTS-selected_hgb_base,-0.0035856086290103617,,,,,experiments/runs/WTA02/attempt_002/run/report/pooled_metrics.csv,5d10a5d42a23821a7d10435eef5168d1c2359fb2e26b4b5a69eedd8fb1b4af2d,references/WTA02.md,47374e9cc2d7058f7e65b9fa461303420c021b0fb286e02251b96e91be6715d9,"Declared secondary contrast: equal-year `dynamic` minus `base` -0.003431711, 2/2 seasons improving. The serve/return block is again the larger of the two, on states that are 35 days stale at the median in 2026."
WTA02-SPORTS-selected_hgb_full,reserved_window_spent_exposed_retrospective_reviewed,WTA02-RESERVED-SPORTS-2025-2026-4296,selected/calibrated full HGB,"WTA01's frozen five-year window, three-past-year selection and single-slope calibration, advanced to targets 2025 and 2026","reported calendar match dates without clocks; result eligibility D-2; a 2026 draw-page match is dated at its event's end - the retained page's infobox completion date, else the last week start plus 7 days - never at the event start plus round order; 332 panel rows carry that inferred event-end date",,4296,0.603355213199982,0.20870755490825635,WTA02-SPORTS-selected_hgb_base,-0.004706712696698645,,,,,experiments/runs/WTA02/attempt_002/run/report/pooled_metrics.csv,5d10a5d42a23821a7d10435eef5168d1c2359fb2e26b4b5a69eedd8fb1b4af2d,references/WTA02-review.md,0b4a0fde27f83a5de1aa98ba099817c1bbbebfb3a1d1c60fccfd9f9b213fa12b,"Registered primary equal-year delta -0.004427352, improving in 2/2 seasons (2000-replicate match-level bootstrap conditional on fixed predictions [-0.007581417, -0.001405471], seed 20260912; the reporter's tournament-edition-blocked interval from the same seed is [-0.007948109, -0.000855951]). That estimand is not the displayed match-weighted delta, and both intervals are conditional on fixed predictions: they propagate neither fitting nor selection nor calibration variance. The two-season t interval [-0.041987, +0.033132] is uninformative on one degree of freedom. The split is -0.007383347 on 2,351 matches in 2025 against -0.001471357 on 1,945 in the degraded 2026 half, and WTA01's own exposed 2019-2024 value was -0.004568748: the same sign and order, on a window that was already spent, which is not a confirmation."
WTA02-MKT-selected_hgb_full,reserved_window_spent_exposed_retrospective_reviewed,WTA02-RESERVED-PINNACLE-2025-2026,selected/calibrated full HGB on the priced intersection,"WTA01's frozen five-year window, three-past-year selection and single-slope calibration, advanced to targets 2025 and 2026","reported calendar match dates without clocks; result eligibility D-2; a 2026 draw-page match is dated at its event's end - the retained page's infobox completion date, else the last week start plus 7 days - never at the event start plus round order; 332 panel rows carry that inferred event-end date",annual latest preplay proxy; exact quote time and historical availability unknown,2344,0.6153106185771139,0.21342287931081336,WTA02-MKT-selected_hgb_base,-0.007697306728906339,WTA02-MKT-market_raw_ps,0.020002907600877418,,,experiments/runs/WTA02/attempt_002/run/report/pooled_metrics.csv,5d10a5d42a23821a7d10435eef5168d1c2359fb2e26b4b5a69eedd8fb1b4af2d,references/WTA02.md,47374e9cc2d7058f7e65b9fa461303420c021b0fb286e02251b96e91be6715d9,"Descriptive market context on the 2,344 priced primary targets, and the split matters more than the pooled number: the displayed incremental delta is match-weighted over a population that is 2,243 rows of 2025 and only 101 rows of 2026, because the retained workbook stops on 2026-08-03. Per season the model trails normalized Pinnacle by +0.019612 in 2025 and +0.028686 in 2026, equal-year +0.024149; the 2025 figure sits on WTA01's own exposed +0.019784 and the 2026 one rests on 101 matches. Quote clocks are unknown, so no market claim is supported."
WTA02-MKT-selected_hgb_base,reserved_window_spent_exposed_retrospective_reviewed,WTA02-RESERVED-PINNACLE-2025-2026,selected/calibrated base HGB on the priced intersection,"WTA01's frozen five-year window, three-past-year selection and single-slope calibration, advanced to targets 2025 and 2026","reported calendar match dates without clocks; result eligibility D-2; a 2026 draw-page match is dated at its event's end - the retained page's infobox completion date, else the last week start plus 7 days - never at the event start plus round order; 332 panel rows carry that inferred event-end date",annual latest preplay proxy; exact quote time and historical availability unknown,2344,0.6230079253060202,0.2169320202916014,,,WTA02-MKT-market_raw_ps,0.027700214329783757,,,experiments/runs/WTA02/attempt_002/run/report/pooled_metrics.csv,5d10a5d42a23821a7d10435eef5168d1c2359fb2e26b4b5a69eedd8fb1b4af2d,references/WTA02.md,47374e9cc2d7058f7e65b9fa461303420c021b0fb286e02251b96e91be6715d9,"Registered paired control on the priced intersection. The `full` minus `base` delta on these 2,344 targets is -0.008689344 equal-year, twice the primary's, but it is the model's own improvement on a lopsided priced population and not evidence about the market."
WTA02-MKT-market_raw_ps,reserved_window_spent_exposed_retrospective_reviewed,WTA02-RESERVED-PINNACLE-2025-2026,Raw normalized Pinnacle,No fit,"reported calendar match dates without clocks; result eligibility D-2; a 2026 draw-page match is dated at its event's end - the retained page's infobox completion date, else the last week start plus 7 days - never at the event start plus round order; 332 panel rows carry that inferred event-end date",annual latest preplay proxy; exact quote time and historical availability unknown,2344,0.5953077109762365,0.20502978144937442,,,,,,,experiments/runs/WTA02/attempt_002/run/report/pooled_metrics.csv,5d10a5d42a23821a7d10435eef5168d1c2359fb2e26b4b5a69eedd8fb1b4af2d,references/WTA02.md,47374e9cc2d7058f7e65b9fa461303420c021b0fb286e02251b96e91be6715d9,"Unchanged market reference on the identical priced membership, ahead of both bundles in both seasons. The 2026 column carries 101 rows."
