season,tourney_id,tourney_name,tourney_level,tourney_date,surface,draw_size,matches,best_of_values,completed,incomplete,deciding_sets,deciding_tiebreak_at_6_all,deciding_tiebreak_at_12_all,deciding_extended_past_7_games,deciding_decided_on_games,longest_deciding_set_games,deciding_tiebreak_loser_points,inferred_final_set_rule,inference_basis
2007,2007-D001,Fed Cup WG R1: USA vs BEL,D,20070421,Hard,4,4,3:4,4,0,1,0,0,0,1,7,,not_observable_no_deciding_set_reached_6_all,"1 deciding set(s), none reached 6-6"
2007,2007-D002,Fed Cup WG R1: RUS vs ESP,D,20070421,Clay,4,4,3:4,4,0,2,0,0,0,2,6,,not_observable_no_deciding_set_reached_6_all,"2 deciding set(s), none reached 6-6"
2007,2007-D003,Fed Cup WG R1: FRA vs JPN,D,20070421,Clay,4,4,3:4,4,0,1,0,0,0,1,6,,not_observable_no_deciding_set_reached_6_all,"1 deciding set(s), none reached 6-6"
2007,2007-D004,Fed Cup WG R1: ITA vs CHN,D,20070421,Clay,4,4,3:3|5:1,3,1,2,0,0,0,2,6,,not_observable_no_deciding_set_reached_6_all,"2 deciding set(s), none reached 6-6"
2007,2007-D005,Fed Cup WG SF: USA vs RUS,D,20070714,Hard,4,4,3:4,4,0,1,0,0,0,1,6,,not_observable_no_deciding_set_reached_6_all,"1 deciding set(s), none reached 6-6"
2007,2007-D006,Fed Cup WG SF: ITA vs FRA,D,20070714,Clay,4,4,3:4,4,0,3,0,0,0,3,7,,not_observable_no_deciding_set_reached_6_all,"3 deciding set(s), none reached 6-6"
2007,2007-D007,Fed Cup WG F: RUS vs ITA,D,20070915,Hard,4,4,3:4,4,0,2,0,0,0,2,7,,not_observable_no_deciding_set_reached_6_all,"2 deciding set(s), none reached 6-6"
2007,2007-D008,Fed Cup WG PO: AUT vs ISR,D,20070714,Clay,4,4,3:4,4,0,0,0,0,0,0,0,,not_observable_no_deciding_set_played,no completed match reached a deciding set
2007,2007-D009,Fed Cup WG PO: BEL vs CHN,D,20070714,Clay,4,4,3:4,4,0,1,0,0,1,0,8,,deciding_set_extends_past_6_all_cap_unknown,1 deciding set(s) went past 7 games (longest 8); that rules out a tiebreak at 6-all but does not separate an advantage set from a tiebreak at a later game count
2007,2007-D010,Fed Cup WG PO: JPN vs GER,D,20070714,Carpet,4,4,3:4,4,0,1,0,0,0,1,7,,not_observable_no_deciding_set_reached_6_all,"1 deciding set(s), none reached 6-6"
2007,2007-D011,Fed Cup WG PO: ESP vs CZE,D,20070714,Clay,4,4,3:4,4,0,2,0,0,0,2,6,,not_observable_no_deciding_set_reached_6_all,"2 deciding set(s), none reached 6-6"
2007,2007-D012,Fed Cup WG2 R1: SVK vs CZE,D,20070421,Clay,4,4,3:3|5:1,3,1,3,0,0,0,3,7,,not_observable_no_deciding_set_reached_6_all,"3 deciding set(s), none reached 6-6"
2007,2007-D013,Fed Cup WG2 R1: GER vs CRO,D,20070421,Clay,4,4,3:4,4,0,1,0,0,0,1,7,,not_observable_no_deciding_set_reached_6_all,"1 deciding set(s), none reached 6-6"
2007,2007-D014,Fed Cup WG2 R1: CAN vs ISR,D,20070421,Carpet,4,4,3:4,4,0,1,0,0,0,1,6,,not_observable_no_deciding_set_reached_6_all,"1 deciding set(s), none reached 6-6"
2007,2007-D015,Fed Cup WG2 R1: AUT vs AUS,D,20070421,Clay,4,4,3:4,4,0,0,0,0,0,0,0,,not_observable_no_deciding_set_played,no completed match reached a deciding set
2007,2007-D016,Fed Cup WG2 PO: AUS vs UKR,D,20070714,Hard,4,4,3:4,4,0,0,0,0,0,0,0,,not_observable_no_deciding_set_played,no completed match reached a deciding set
2007,2007-D017,Fed Cup WG2 PO: ARG vs CAN,D,20070714,Clay,4,4,3:4,4,0,1,0,0,0,1,6,,not_observable_no_deciding_set_reached_6_all,"1 deciding set(s), none reached 6-6"
2007,2007-D018,Fed Cup WG2 PO: CRO vs TPE,D,20070714,Clay,4,4,3:4,4,0,1,0,0,0,1,6,,not_observable_no_deciding_set_reached_6_all,"1 deciding set(s), none reached 6-6"
2007,2007-D019,Fed Cup WG2 PO: SVK vs SRB,D,20070714,Hard,4,4,3:4,4,0,1,0,0,1,0,9,,deciding_set_extends_past_6_all_cap_unknown,1 deciding set(s) went past 7 games (longest 9); that rules out a tiebreak at 6-all but does not separate an advantage set from a tiebreak at a later game count
2007,2007-D020,Fed Cup G2 RRA: URU vs ECU,D,20070418,Clay,4,2,3:2,2,0,0,0,0,0,0,0,,not_observable_no_deciding_set_played,no completed match reached a deciding set
2007,2007-D021,Fed Cup G2 RRA: URU vs BER,D,20070420,Clay,4,2,3:2,2,0,0,0,0,0,0,0,,not_observable_no_deciding_set_played,no completed match reached a deciding set
2007,2007-D022,Fed Cup G2 RRA: URU vs HON,D,20070416,Clay,4,2,3:2,2,0,0,0,0,0,0,0,,not_observable_no_deciding_set_played,no completed match reached a deciding set
2007,2007-D023,Fed Cup G2 RRA: ECU vs BER,D,20070416,Clay,4,2,3:2,2,0,0,0,0,0,0,0,,not_observable_no_deciding_set_played,no completed match reached a deciding set
2007,2007-D024,Fed Cup G2 RRA: ECU vs HON,D,20070420,Clay,4,2,3:2,2,0,0,0,0,0,0,0,,not_observable_no_deciding_set_played,no completed match reached a deciding set
2007,2007-D025,Fed Cup G2 RRA: BER vs HON,D,20070418,Clay,4,2,3:2,2,0,1,0,0,0,1,6,,not_observable_no_deciding_set_reached_6_all,"1 deciding set(s), none reached 6-6"
2007,2007-D026,Fed Cup G2 RRB: PAR vs BOL,D,20070417,Clay,4,2,3:2,2,0,1,0,0,0,1,6,,not_observable_no_deciding_set_reached_6_all,"1 deciding set(s), none reached 6-6"
2007,2007-D027,Fed Cup G2 RRB: PAR vs GUA,D,20070416,Clay,4,2,3:2,2,0,0,0,0,0,0,0,,not_observable_no_deciding_set_played,no completed match reached a deciding set
2007,2007-D028,Fed Cup G2 RRB: PAR vs TRI,D,20070419,Clay,4,2,3:2,2,0,0,0,0,0,0,0,,not_observable_no_deciding_set_played,no completed match reached a deciding set
2007,2007-D029,Fed Cup G2 RRB: PAR vs BAR,D,20070418,Clay,4,2,3:2,2,0,0,0,0,0,0,0,,not_observable_no_deciding_set_played,no completed match reached a deciding set
2007,2007-D030,Fed Cup G2 RRB: BOL vs GUA,D,20070420,Clay,4,2,3:2,2,0,0,0,0,0,0,0,,not_observable_no_deciding_set_played,no completed match reached a deciding set
2007,2007-D031,Fed Cup G2 RRB: BOL vs TRI,D,20070418,Clay,4,2,3:2,2,0,1,0,0,0,1,7,,not_observable_no_deciding_set_reached_6_all,"1 deciding set(s), none reached 6-6"
2007,2007-D032,Fed Cup G2 RRB: BOL vs BAR,D,20070416,Clay,4,2,3:2,2,0,0,0,0,0,0,0,,not_observable_no_deciding_set_played,no completed match reached a deciding set
2007,2007-D033,Fed Cup G2 RRB: GUA vs TRI,D,20070417,Clay,4,2,3:2,2,0,1,0,0,0,1,6,,not_observable_no_deciding_set_reached_6_all,"1 deciding set(s), none reached 6-6"
2007,2007-D034,Fed Cup G2 RRB: GUA vs BAR,D,20070419,Clay,4,2,3:2,2,0,0,0,0,0,0,0,,not_observable_no_deciding_set_played,no completed match reached a deciding set
2007,2007-D035,Fed Cup G2 RRB: TRI vs BAR,D,20070420,Clay,4,2,3:2,2,0,0,0,0,0,0,0,,not_observable_no_deciding_set_played,no completed match reached a deciding set
2007,2007-D036,Fed Cup G1 RRA: THA vs KOR,D,20070420,Hard,4,2,3:2,2,0,0,0,0,0,0,0,,not_observable_no_deciding_set_played,no completed match reached a deciding set
2007,2007-D037,Fed Cup G1 RRA: THA vs UZB,D,20070419,Hard,4,2,3:2,2,0,1,0,0,0,1,6,,not_observable_no_deciding_set_reached_6_all,"1 deciding set(s), none reached 6-6"
2007,2007-D038,Fed Cup G1 RRA: THA vs HKG,D,20070416,Hard,4,2,3:2,2,0,1,0,0,0,1,6,,not_observable_no_deciding_set_reached_6_all,"1 deciding set(s), none reached 6-6"
2007,2007-D039,Fed Cup G1 RRA: THA vs SIN,D,20070418,Hard,4,2,3:2,2,0,1,0,0,0,1,6,,not_observable_no_deciding_set_reached_6_all,"1 deciding set(s), none reached 6-6"
2007,2007-D040,Fed Cup G1 RRA: KOR vs UZB,D,20070418,Hard,4,2,3:2,2,0,0,0,0,0,0,0,,not_observable_no_deciding_set_played,no completed match reached a deciding set
2007,2007-D041,Fed Cup G1 RRA: KOR vs HKG,D,20070419,Hard,4,2,3:2,2,0,1,0,0,0,1,6,,not_observable_no_deciding_set_reached_6_all,"1 deciding set(s), none reached 6-6"
2007,2007-D042,Fed Cup G1 RRA: KOR vs SIN,D,20070417,Hard,4,2,3:2,2,0,0,0,0,0,0,0,,not_observable_no_deciding_set_played,no completed match reached a deciding set
2007,2007-D043,Fed Cup G1 RRA: UZB vs HKG,D,20070417,Hard,4,2,3:2,2,0,1,0,0,0,1,7,,not_observable_no_deciding_set_reached_6_all,"1 deciding set(s), none reached 6-6"
2007,2007-D044,Fed Cup G1 RRA: UZB vs SIN,D,20070416,Hard,4,2,3:2,2,0,0,0,0,0,0,0,,not_observable_no_deciding_set_played,no completed match reached a deciding set
2007,2007-D045,Fed Cup G1 RRA: HKG vs SIN,D,20070420,Hard,4,2,3:2,2,0,1,0,0,0,1,6,,not_observable_no_deciding_set_reached_6_all,"1 deciding set(s), none reached 6-6"
2007,2007-D046,Fed Cup G1 RRB: IND vs TPE,D,20070420,Hard,4,2,3:2,2,0,0,0,0,0,0,0,,not_observable_no_deciding_set_played,no completed match reached a deciding set
2007,2007-D047,Fed Cup G1 RRB: NZL vs IND,D,20070418,Hard,4,2,3:2,2,0,0,0,0,0,0,0,,not_observable_no_deciding_set_played,no completed match reached a deciding set
2007,2007-D048,Fed Cup G1 RRB: IND vs KAZ,D,20070416,Hard,4,2,3:2,2,0,0,0,0,0,0,0,,not_observable_no_deciding_set_played,no completed match reached a deciding set
2007,2007-D049,Fed Cup G1 RRB: IND vs JOR,D,20070417,Hard,4,2,3:2,2,0,0,0,0,0,0,0,,not_observable_no_deciding_set_played,no completed match reached a deciding set
2007,2007-D050,Fed Cup G1 RRB: NZL vs TPE,D,20070419,Hard,4,2,3:2,2,0,0,0,0,0,0,0,,not_observable_no_deciding_set_played,no completed match reached a deciding set
2007,2007-D051,Fed Cup G1 RRB: TPE vs KAZ,D,20070417,Hard,4,2,3:2,2,0,1,0,0,0,1,6,,not_observable_no_deciding_set_reached_6_all,"1 deciding set(s), none reached 6-6"
2007,2007-D052,Fed Cup G1 RRB: TPE vs JOR,D,20070418,Hard,4,2,3:2,2,0,0,0,0,0,0,0,,not_observable_no_deciding_set_played,no completed match reached a deciding set
2007,2007-D053,Fed Cup G1 RRB: NZL vs KAZ,D,20070420,Hard,4,2,3:2,2,0,0,0,0,0,0,0,,not_observable_no_deciding_set_played,no completed match reached a deciding set
2007,2007-D054,Fed Cup G1 RRB: NZL vs JOR,D,20070416,Hard,4,2,3:2,2,0,0,0,0,0,0,0,,not_observable_no_deciding_set_played,no completed match reached a deciding set
2007,2007-D055,Fed Cup G1 RRB: KAZ vs JOR,D,20070419,Hard,4,2,3:2,2,0,0,0,0,0,0,0,,not_observable_no_deciding_set_played,no completed match reached a deciding set
2007,2007-D056,Fed Cup G2 RRA: RSA vs FIN,D,20070418,Hard,4,2,3:2,2,0,1,0,0,0,1,6,,not_observable_no_deciding_set_reached_6_all,"1 deciding set(s), none reached 6-6"
2007,2007-D057,Fed Cup G2 RRA: RSA vs GRE,D,20070419,Hard,4,2,3:2,2,0,1,0,0,0,1,6,,not_observable_no_deciding_set_reached_6_all,"1 deciding set(s), none reached 6-6"
2007,2007-D058,Fed Cup G2 RRA: FIN vs GRE,D,20070417,Hard,4,2,3:2,2,0,0,0,0,0,0,0,,not_observable_no_deciding_set_played,no completed match reached a deciding set
2007,2007-D059,Fed Cup G2 RRB: GEO vs POR,D,20070418,Hard,4,2,3:2,2,0,0,0,0,0,0,0,,not_observable_no_deciding_set_played,no completed match reached a deciding set
2007,2007-D060,Fed Cup G2 RRB: GEO vs BIH,D,20070419,Hard,4,2,3:2,2,0,0,0,0,0,0,0,,not_observable_no_deciding_set_played,no completed match reached a deciding set
2007,2007-D061,Fed Cup G2 RRB: GEO vs NOR,D,20070417,Hard,4,2,3:2,2,0,0,0,0,0,0,0,,not_observable_no_deciding_set_played,no completed match reached a deciding set
2007,2007-D062,Fed Cup G2 RRB: POR vs BIH,D,20070417,Hard,4,2,3:2,2,0,0,0,0,0,0,0,,not_observable_no_deciding_set_played,no completed match reached a deciding set
2007,2007-D063,Fed Cup G2 RRB: POR vs NOR,D,20070419,Hard,4,2,3:2,2,0,0,0,0,0,0,0,,not_observable_no_deciding_set_played,no completed match reached a deciding set
2007,2007-D064,Fed Cup G2 RRB: BIH vs NOR,D,20070418,Hard,4,2,3:2,2,0,1,0,0,0,1,6,,not_observable_no_deciding_set_reached_6_all,"1 deciding set(s), none reached 6-6"
2007,2007-D065,Fed Cup G1 RRA: SUI vs NED,D,20070420,Clay,4,2,3:2,2,0,0,0,0,0,0,0,,not_observable_no_deciding_set_played,no completed match reached a deciding set
2007,2007-D066,Fed Cup G1 RRA: SUI vs DEN,D,20070418,Clay,4,2,3:2,2,0,0,0,0,0,0,0,,not_observable_no_deciding_set_played,no completed match reached a deciding set
2007,2007-D067,Fed Cup G1 RRA: SUI vs ROU,D,20070419,Clay,4,2,3:2,2,0,1,0,0,0,1,6,,not_observable_no_deciding_set_reached_6_all,"1 deciding set(s), none reached 6-6"
2007,2007-D068,Fed Cup G1 RRA: NED vs DEN,D,20070419,Clay,4,2,3:2,2,0,0,0,0,0,0,0,,not_observable_no_deciding_set_played,no completed match reached a deciding set
2007,2007-D069,Fed Cup G1 RRA: NED vs ROU,D,20070418,Clay,4,2,3:1|5:1,1,1,1,0,0,0,1,6,,not_observable_no_deciding_set_reached_6_all,"1 deciding set(s), none reached 6-6"
2007,2007-D070,Fed Cup G1 RRA: DEN vs ROU,D,20070420,Clay,4,2,3:2,2,0,0,0,0,0,0,0,,not_observable_no_deciding_set_played,no completed match reached a deciding set
2007,2007-D071,Fed Cup G1 RRB: BLR vs UKR,D,20070420,Clay,4,2,3:2,2,0,1,0,0,0,1,6,,not_observable_no_deciding_set_reached_6_all,"1 deciding set(s), none reached 6-6"
2007,2007-D072,Fed Cup G1 RRB: BLR vs HUN,D,20070418,Clay,4,2,3:2,2,0,1,0,0,0,1,6,,not_observable_no_deciding_set_reached_6_all,"1 deciding set(s), none reached 6-6"
2007,2007-D073,Fed Cup G1 RRB: BLR vs LTU,D,20070419,Clay,4,2,3:2,2,0,0,0,0,0,0,0,,not_observable_no_deciding_set_played,no completed match reached a deciding set
2007,2007-D074,Fed Cup G1 RRB: UKR vs HUN,D,20070419,Clay,4,2,3:2,2,0,1,0,0,0,1,7,,not_observable_no_deciding_set_reached_6_all,"1 deciding set(s), none reached 6-6"
2007,2007-D075,Fed Cup G1 RRB: UKR vs LTU,D,20070418,Clay,4,2,3:2,2,0,0,0,0,0,0,0,,not_observable_no_deciding_set_played,no completed match reached a deciding set
2007,2007-D076,Fed Cup G1 RRB: HUN vs LTU,D,20070420,Clay,4,2,3:2,2,0,1,0,0,1,0,9,,deciding_set_extends_past_6_all_cap_unknown,1 deciding set(s) went past 7 games (longest 9); that rules out a tiebreak at 6-all but does not separate an advantage set from a tiebreak at a later game count
2007,2007-D077,Fed Cup G1 RRC: SRB vs SLO,D,20070420,Clay,4,2,3:2,2,0,1,0,0,0,1,6,,not_observable_no_deciding_set_reached_6_all,"1 deciding set(s), none reached 6-6"
2007,2007-D078,Fed Cup G1 RRC: SRB vs EST,D,20070418,Clay,4,2,3:2,2,0,0,0,0,0,0,0,,not_observable_no_deciding_set_played,no completed match reached a deciding set
2007,2007-D079,Fed Cup G1 RRC: SRB vs SWE,D,20070419,Clay,4,2,3:2,2,0,1,0,0,0,1,7,,not_observable_no_deciding_set_reached_6_all,"1 deciding set(s), none reached 6-6"
2007,2007-D080,Fed Cup G1 RRC: SLO vs EST,D,20070419,Clay,4,2,3:2,2,0,0,0,0,0,0,0,,not_observable_no_deciding_set_played,no completed match reached a deciding set
2007,2007-D081,Fed Cup G1 RRC: SLO vs SWE,D,20070418,Clay,4,2,3:2,2,0,1,0,0,0,1,6,,not_observable_no_deciding_set_reached_6_all,"1 deciding set(s), none reached 6-6"
2007,2007-D082,Fed Cup G1 RRC: EST vs SWE,D,20070420,Clay,4,2,3:2,2,0,2,0,0,1,1,8,,deciding_set_extends_past_6_all_cap_unknown,1 deciding set(s) went past 7 games (longest 8); that rules out a tiebreak at 6-all but does not separate an advantage set from a tiebreak at a later game count
2007,2007-D083,Fed Cup G1 RRD: BUL vs GBR,D,20070418,Clay,4,2,3:2,2,0,2,0,0,1,1,8,,deciding_set_extends_past_6_all_cap_unknown,1 deciding set(s) went past 7 games (longest 8); that rules out a tiebreak at 6-all but does not separate an advantage set from a tiebreak at a later game count
2007,2007-D084,Fed Cup G1 RRD: BUL vs LUX,D,20070420,Clay,4,2,3:2,2,0,1,0,0,0,1,6,,not_observable_no_deciding_set_reached_6_all,"1 deciding set(s), none reached 6-6"
2007,2007-D085,Fed Cup G1 RRD: BUL vs POL,D,20070419,Clay,4,2,3:2,2,0,0,0,0,0,0,0,,not_observable_no_deciding_set_played,no completed match reached a deciding set
2007,2007-D086,Fed Cup G1 RRD: GBR vs LUX,D,20070419,Clay,4,2,3:2,2,0,1,0,0,0,1,6,,not_observable_no_deciding_set_reached_6_all,"1 deciding set(s), none reached 6-6"
2007,2007-D087,Fed Cup G1 RRD: GBR vs POL,D,20070420,Clay,4,2,3:2,2,0,0,0,0,0,0,0,,not_observable_no_deciding_set_played,no completed match reached a deciding set
2007,2007-D088,Fed Cup G1 RRD: LUX vs POL,D,20070418,Clay,4,2,3:2,2,0,0,0,0,0,0,0,,not_observable_no_deciding_set_played,no completed match reached a deciding set
2007,2007-D089,Fed Cup G1 RRA: BRA vs MEX,D,20070419,Clay,4,2,3:2,2,0,1,0,0,0,1,6,,not_observable_no_deciding_set_reached_6_all,"1 deciding set(s), none reached 6-6"
2007,2007-D090,Fed Cup G1 RRA: BRA vs CHI,D,20070418,Clay,4,2,3:2,2,0,0,0,0,0,0,0,,not_observable_no_deciding_set_played,no completed match reached a deciding set
2007,2007-D091,Fed Cup G1 RRA: MEX vs CHI,D,20070420,Clay,4,2,3:2,2,0,1,0,0,0,1,6,,not_observable_no_deciding_set_reached_6_all,"1 deciding set(s), none reached 6-6"
2007,2007-D092,Fed Cup G1 RRB: ARG vs PUR,D,20070419,Clay,4,2,3:2,2,0,0,0,0,0,0,0,,not_observable_no_deciding_set_played,no completed match reached a deciding set
2007,2007-D093,Fed Cup G1 RRB: PUR vs COL,D,20070418,Clay,4,2,3:2,2,0,1,0,0,0,1,6,,not_observable_no_deciding_set_reached_6_all,"1 deciding set(s), none reached 6-6"
2007,2007-D094,Fed Cup G1 RRB: PUR vs DOM,D,20070420,Clay,4,2,3:2,2,0,0,0,0,0,0,0,,not_observable_no_deciding_set_played,no completed match reached a deciding set
2007,2007-D095,Fed Cup G1 RRB: ARG vs COL,D,20070420,Clay,4,2,3:2,2,0,0,0,0,0,0,0,,not_observable_no_deciding_set_played,no completed match reached a deciding set
2007,2007-D096,Fed Cup G1 RRB: ARG vs DOM,D,20070418,Clay,4,2,3:2,2,0,0,0,0,0,0,0,,not_observable_no_deciding_set_played,no completed match reached a deciding set
2007,2007-D097,Fed Cup G1 RRB: COL vs DOM,D,20070419,Clay,4,2,3:2,2,0,0,0,0,0,0,0,,not_observable_no_deciding_set_played,no completed match reached a deciding set
2007,2007-D098,Fed Cup G2 PO: FIN vs BIH,D,20070420,Hard,4,2,3:2,2,0,1,0,0,0,1,6,,not_observable_no_deciding_set_reached_6_all,"1 deciding set(s), none reached 6-6"
2007,2007-D099,Fed Cup G2 PO: POR vs GRE,D,20070420,Hard,4,2,3:2,2,0,0,0,0,0,0,0,,not_observable_no_deciding_set_played,no completed match reached a deciding set
2007,2007-D100,Fed Cup G2 PO: RSA vs GEO,D,20070420,Hard,4,2,3:2,2,0,1,0,0,0,1,6,,not_observable_no_deciding_set_reached_6_all,"1 deciding set(s), none reached 6-6"
2007,2007-D101,Fed Cup G1 PO: THA vs TPE,D,20070421,Hard,4,2,3:2,2,0,1,0,0,0,1,6,,not_observable_no_deciding_set_reached_6_all,"1 deciding set(s), none reached 6-6"
2007,2007-D102,Fed Cup G1 PO: UZB vs IND,D,20070421,,4,2,3:2,2,0,0,0,0,0,0,0,,not_observable_no_deciding_set_played,no completed match reached a deciding set
2007,2007-D103,Fed Cup G1 PO: NZL vs HKG,D,20070421,,4,2,3:2,2,0,2,0,0,0,2,6,,not_observable_no_deciding_set_reached_6_all,"2 deciding set(s), none reached 6-6"
2007,2007-D104,Fed Cup G1 PO: KOR vs KAZ,D,20070421,,4,2,3:2,2,0,0,0,0,0,0,0,,not_observable_no_deciding_set_played,no completed match reached a deciding set
2007,2007-D105,Fed Cup G1 PO: SIN vs JOR,D,20070421,Hard,4,2,3:2,2,0,0,0,0,0,0,0,,not_observable_no_deciding_set_played,no completed match reached a deciding set
2007,2007-D106,Fed Cup G1 PO: SRB vs ROU,D,20070421,Clay,4,2,3:2,2,0,1,0,0,0,1,6,,not_observable_no_deciding_set_reached_6_all,"1 deciding set(s), none reached 6-6"
2007,2007-D107,Fed Cup G1 PO: POL vs UKR,D,20070421,Clay,4,2,3:2,2,0,0,0,0,0,0,0,,not_observable_no_deciding_set_played,no completed match reached a deciding set
2007,2007-D108,Fed Cup G1 PO: BUL vs LTU,D,20070421,Clay,4,2,3:1|5:1,1,1,1,0,0,0,1,6,,not_observable_no_deciding_set_reached_6_all,"1 deciding set(s), none reached 6-6"
2007,2007-D109,Fed Cup G1 PO: EST vs NED,D,20070421,Clay,4,2,3:2,2,0,0,0,0,0,0,0,,not_observable_no_deciding_set_played,no completed match reached a deciding set
2007,2007-D110,Fed Cup G2 PO: URU vs BOL,D,20070421,Clay,4,2,3:2,2,0,0,0,0,0,0,0,,not_observable_no_deciding_set_played,no completed match reached a deciding set
2007,2007-D111,Fed Cup G2 PO: ECU vs PAR,D,20070421,Clay,4,2,3:2,2,0,0,0,0,0,0,0,,not_observable_no_deciding_set_played,no completed match reached a deciding set
2007,2007-D112,Fed Cup G2 PO: BER vs GUA,D,20070421,Clay,4,2,3:2,2,0,1,0,0,0,1,6,,not_observable_no_deciding_set_reached_6_all,"1 deciding set(s), none reached 6-6"
2007,2007-D113,Fed Cup G2 PO: HON vs TRI,D,20070421,Clay,4,2,3:2,2,0,0,0,0,0,0,0,,not_observable_no_deciding_set_played,no completed match reached a deciding set
2007,2007-D114,Fed Cup G1 PO: ARG vs BRA,D,20070421,Clay,4,2,3:2,2,0,0,0,0,0,0,0,,not_observable_no_deciding_set_played,no completed match reached a deciding set
2007,2007-D115,Fed Cup G1 PO: MEX vs COL,D,20070421,Clay,4,2,3:1|5:1,1,1,1,0,0,0,1,6,,not_observable_no_deciding_set_reached_6_all,"1 deciding set(s), none reached 6-6"
2007,2007-D116,Fed Cup G1 PO: PUR vs CHI,D,20070421,Clay,4,2,3:2,2,0,1,0,0,0,1,7,,not_observable_no_deciding_set_reached_6_all,"1 deciding set(s), none reached 6-6"
2007,2007-D117,Fed Cup G1 PO: BLR vs LUX,D,20070421,Clay,4,2,3:2,2,0,0,0,0,0,0,0,,not_observable_no_deciding_set_played,no completed match reached a deciding set
2007,2007-D118,Fed Cup G1 PO: SLO vs SUI,D,20070421,Clay,4,2,3:2,2,0,1,0,0,0,1,6,,not_observable_no_deciding_set_reached_6_all,"1 deciding set(s), none reached 6-6"
2007,2007-D119,Fed Cup G1 PO: GBR vs SWE,D,20070421,Clay,4,2,3:2,2,0,1,0,0,0,1,6,,not_observable_no_deciding_set_reached_6_all,"1 deciding set(s), none reached 6-6"
2007,2007-D120,Fed Cup G1 PO: HUN vs DEN,D,20070421,Clay,4,2,3:2,2,0,0,0,0,0,0,0,,not_observable_no_deciding_set_played,no completed match reached a deciding set
2007,2007-D121,Fed Cup G3 RRA: TUR vs EGY,D,20070427,Hard,4,2,3:2,2,0,0,0,0,0,0,0,,not_observable_no_deciding_set_played,no completed match reached a deciding set
2007,2007-D122,Fed Cup G3 RRA: TUR vs LIE,D,20070423,Hard,4,2,3:2,2,0,1,0,0,0,1,6,,not_observable_no_deciding_set_reached_6_all,"1 deciding set(s), none reached 6-6"
2007,2007-D123,Fed Cup G3 RRA: TUR vs AZE,D,20070425,Hard,4,2,3:2,2,0,0,0,0,0,0,0,,not_observable_no_deciding_set_played,no completed match reached a deciding set
2007,2007-D124,Fed Cup G3 RRA: MRI vs TUR,D,20070426,Hard,4,2,3:2,2,0,0,0,0,0,0,0,,not_observable_no_deciding_set_played,no completed match reached a deciding set
2007,2007-D125,Fed Cup G3 RRA: EGY vs LIE,D,20070425,Hard,4,2,3:2,2,0,1,0,0,1,0,13,,deciding_set_extends_past_6_all_cap_unknown,1 deciding set(s) went past 7 games (longest 13); that rules out a tiebreak at 6-all but does not separate an advantage set from a tiebreak at a later game count
2007,2007-D126,Fed Cup G3 RRA: EGY vs AZE,D,20070424,Hard,4,2,3:2,2,0,0,0,0,0,0,0,,not_observable_no_deciding_set_played,no completed match reached a deciding set
2007,2007-D127,Fed Cup G3 RRA: MRI vs EGY,D,20070423,Hard,4,2,3:2,2,0,1,0,0,0,1,6,,not_observable_no_deciding_set_reached_6_all,"1 deciding set(s), none reached 6-6"
2007,2007-D128,Fed Cup G3 RRA: LIE vs AZE,D,20070426,Hard,4,2,3:2,2,0,0,0,0,0,0,0,,not_observable_no_deciding_set_played,no completed match reached a deciding set
2007,2007-D129,Fed Cup G3 RRA: MRI vs LIE,D,20070424,Hard,4,2,3:2,2,0,0,0,0,0,0,0,,not_observable_no_deciding_set_played,no completed match reached a deciding set
2007,2007-D130,Fed Cup G3 RRA: MRI vs AZE,D,20070427,Hard,4,2,3:1|5:1,1,1,0,0,0,0,0,0,,not_observable_no_deciding_set_played,no completed match reached a deciding set
2007,2007-D131,Fed Cup G3 RRB: LAT vs IRL,D,20070426,Hard,4,2,3:2,2,0,1,0,0,0,1,6,,not_observable_no_deciding_set_reached_6_all,"1 deciding set(s), none reached 6-6"
2007,2007-D132,Fed Cup G3 RRB: LAT vs MDA,D,20070427,Hard,4,2,3:2,2,0,0,0,0,0,0,0,,not_observable_no_deciding_set_played,no completed match reached a deciding set
2007,2007-D133,Fed Cup G3 RRB: LAT vs MLT,D,20070423,Hard,4,2,3:2,2,0,0,0,0,0,0,0,,not_observable_no_deciding_set_played,no completed match reached a deciding set
2007,2007-D134,Fed Cup G3 RRB: LAT vs MNE,D,20070425,Hard,4,2,3:2,2,0,1,0,0,0,1,6,,not_observable_no_deciding_set_reached_6_all,"1 deciding set(s), none reached 6-6"
2007,2007-D135,Fed Cup G3 RRB: IRL vs MDA,D,20070425,Hard,4,2,3:2,2,0,0,0,0,0,0,0,,not_observable_no_deciding_set_played,no completed match reached a deciding set
2007,2007-D136,Fed Cup G3 RRB: IRL vs MLT,D,20070424,Hard,4,2,3:2,2,0,0,0,0,0,0,0,,not_observable_no_deciding_set_played,no completed match reached a deciding set
2007,2007-D137,Fed Cup G3 RRB: IRL vs MNE,D,20070423,Hard,4,2,3:2,2,0,1,0,0,0,1,6,,not_observable_no_deciding_set_reached_6_all,"1 deciding set(s), none reached 6-6"
2007,2007-D138,Fed Cup G3 RRB: MDA vs MLT,D,20070426,Hard,4,2,3:2,2,0,2,0,0,0,2,6,,not_observable_no_deciding_set_reached_6_all,"2 deciding set(s), none reached 6-6"
2007,2007-D139,Fed Cup G3 RRB: MDA vs MNE,D,20070424,Hard,4,2,3:2,2,0,0,0,0,0,0,0,,not_observable_no_deciding_set_played,no completed match reached a deciding set
2007,2007-D140,Fed Cup G3 RRB: MLT vs MNE,D,20070427,Hard,4,2,3:2,2,0,0,0,0,0,0,0,,not_observable_no_deciding_set_played,no completed match reached a deciding set
2007,2007-W-SL-AUS-01A-2007,Australian Open,G,20070115,Hard,128,127,3:127,126,1,37,0,0,6,31,10,,deciding_set_extends_past_6_all_cap_unknown,6 deciding set(s) went past 7 games (longest 10); that rules out a tiebreak at 6-all but does not separate an advantage set from a tiebreak at a later game count
2007,2007-W-SL-FRA-01A-2007,Roland Garros,G,20070528,Clay,128,127,3:127,126,1,33,0,0,3,30,9,,deciding_set_extends_past_6_all_cap_unknown,3 deciding set(s) went past 7 games (longest 9); that rules out a tiebreak at 6-all but does not separate an advantage set from a tiebreak at a later game count
2007,2007-W-SL-GBR-01A-2007,Wimbledon,G,20070625,Grass,128,127,3:127,126,1,36,0,0,4,32,8,,deciding_set_extends_past_6_all_cap_unknown,4 deciding set(s) went past 7 games (longest 8); that rules out a tiebreak at 6-all but does not separate an advantage set from a tiebreak at a later game count
2007,2007-W-SL-USA-01A-2007,US Open,G,20070827,Hard,128,127,3:127,127,0,25,3,0,0,22,7,1:1|4:1|5:1,deciding_set_tiebreak_at_6_all_length_unknown,3 deciding set(s) ended 7-6; the score string does not say whether the tiebreak was first to 7 or first to 10
2007,2007-W-T1-CAN-01A-2007,Toronto,T1,20070813,Hard,56,55,3:55,50,5,17,1,0,0,16,7,5:1,deciding_set_tiebreak_at_6_all_length_unknown,1 deciding set(s) ended 7-6; the score string does not say whether the tiebreak was first to 7 or first to 10
2007,2007-W-T1-GER-01A-2007,Berlin,T1,20070507,Clay,56,55,3:55,52,3,21,2,0,0,19,7,4:1|5:1,deciding_set_tiebreak_at_6_all_length_unknown,2 deciding set(s) ended 7-6; the score string does not say whether the tiebreak was first to 7 or first to 10
2007,2007-W-T1-ITA-01A-2007,Rome,T1,20070514,Clay,56,55,3:55,53,2,13,2,0,0,11,7,5:1|7:1,deciding_set_tiebreak_at_6_all_length_unknown,2 deciding set(s) ended 7-6; the score string does not say whether the tiebreak was first to 7 or first to 10
2007,2007-W-T1-JPN-01A-2007,Tokyo,T1,20070129,Carpet,28,27,3:27,26,1,7,0,0,0,7,6,,not_observable_no_deciding_set_reached_6_all,"7 deciding set(s), none reached 6-6"
2007,2007-W-T1-RUS-01A-2007,Moscow,T1,20071008,Hard,28,27,3:27,27,0,8,0,0,0,8,7,,not_observable_no_deciding_set_reached_6_all,"8 deciding set(s), none reached 6-6"
2007,2007-W-T1-SUI-01A-2007,Zurich,T1,20071015,Hard,28,27,3:27,23,4,8,0,0,0,8,7,,not_observable_no_deciding_set_reached_6_all,"8 deciding set(s), none reached 6-6"
2007,2007-W-T1-USA-01A-2007,Indian Wells,T1,20070305,Hard,96,95,3:95,92,3,33,3,0,0,30,7,4:1|5:2,deciding_set_tiebreak_at_6_all_length_unknown,3 deciding set(s) ended 7-6; the score string does not say whether the tiebreak was first to 7 or first to 10
2007,2007-W-T1-USA-02A-2007,Miami,T1,20070319,Hard,96,95,3:95,94,1,25,4,0,0,21,7,2:1|3:1|5:2,deciding_set_tiebreak_at_6_all_length_unknown,4 deciding set(s) ended 7-6; the score string does not say whether the tiebreak was first to 7 or first to 10
2007,2007-W-T1-USA-03A-2007,Charleston,T1,20070409,Clay,56,55,3:55,50,5,16,1,0,0,15,7,5:1,deciding_set_tiebreak_at_6_all_length_unknown,1 deciding set(s) ended 7-6; the score string does not say whether the tiebreak was first to 7 or first to 10
2007,2007-W-T1-USA-04A-2007,San Diego,T1,20070730,Hard,56,55,3:55,54,1,15,0,0,0,15,7,,not_observable_no_deciding_set_reached_6_all,"15 deciding set(s), none reached 6-6"
2007,2007-W-T2-AUS-01A-2007,Sydney,T2,20070108,Hard,28,27,3:27,25,2,9,0,0,0,9,7,,not_observable_no_deciding_set_reached_6_all,"9 deciding set(s), none reached 6-6"
2007,2007-W-T2-AUT-01A-2007,Linz,T2,20071022,Hard,28,27,3:27,26,1,9,3,0,0,6,7,3:1|4:2,deciding_set_tiebreak_at_6_all_length_unknown,3 deciding set(s) ended 7-6; the score string does not say whether the tiebreak was first to 7 or first to 10
2007,2007-W-T2-BEL-01A-2007,Antwerp,T2,20070212,Hard,28,27,3:27,25,2,4,0,0,0,4,6,,not_observable_no_deciding_set_reached_6_all,"4 deciding set(s), none reached 6-6"
2007,2007-W-T2-CHN-01A-2007,Beijing,T2,20070917,Hard,28,27,3:27,27,0,4,0,0,0,4,6,,not_observable_no_deciding_set_reached_6_all,"4 deciding set(s), none reached 6-6"
2007,2007-W-T2-FRA-01A-2007,Paris,T2,20070205,Carpet,28,27,3:27,27,0,10,3,0,0,7,7,4:1|5:1|7:1,deciding_set_tiebreak_at_6_all_length_unknown,3 deciding set(s) ended 7-6; the score string does not say whether the tiebreak was first to 7 or first to 10
2007,2007-W-T2-GBR-01A-2007,Eastbourne,T2,20070618,Grass,28,27,3:27,26,1,9,3,0,0,6,7,2:1|3:1|5:1,deciding_set_tiebreak_at_6_all_length_unknown,3 deciding set(s) ended 7-6; the score string does not say whether the tiebreak was first to 7 or first to 10
2007,2007-W-T2-GER-01A-2007,Stuttgart,T2,20071001,Hard,28,27,3:27,26,1,7,0,0,0,7,6,,not_observable_no_deciding_set_reached_6_all,"7 deciding set(s), none reached 6-6"
2007,2007-W-T2-LUX-01A-2007,Luxembourg,T2,20070924,Hard,28,27,3:27,26,1,7,0,0,0,7,7,,not_observable_no_deciding_set_reached_6_all,"7 deciding set(s), none reached 6-6"
2007,2007-W-T2-POL-01A-2007,Warsaw,T2,20070430,Clay,28,27,3:27,25,2,8,0,0,0,8,7,,not_observable_no_deciding_set_reached_6_all,"8 deciding set(s), none reached 6-6"
2007,2007-W-T2-QAT-01A-2007,Doha,T2,20070226,Hard,28,27,3:27,24,3,7,0,0,0,7,7,,not_observable_no_deciding_set_reached_6_all,"7 deciding set(s), none reached 6-6"
2007,2007-W-T2-UAE-01A-2007,Dubai,T2,20070219,Hard,28,27,3:27,25,2,10,1,0,0,9,7,4:1,deciding_set_tiebreak_at_6_all_length_unknown,1 deciding set(s) ended 7-6; the score string does not say whether the tiebreak was first to 7 or first to 10
2007,2007-W-T2-USA-01A-2007,Amelia Island,T2,20070402,Clay,56,55,3:55,54,1,11,0,0,0,11,6,,not_observable_no_deciding_set_reached_6_all,"11 deciding set(s), none reached 6-6"
2007,2007-W-T2-USA-02A-2007,Stanford,T2,20070723,Hard,28,27,3:27,27,0,9,1,0,0,8,7,5:1,deciding_set_tiebreak_at_6_all_length_unknown,1 deciding set(s) ended 7-6; the score string does not say whether the tiebreak was first to 7 or first to 10
2007,2007-W-T2-USA-03A-2007,Los Angeles,T2,20070806,Hard,56,55,3:55,50,5,9,1,0,0,8,7,6:1,deciding_set_tiebreak_at_6_all_length_unknown,1 deciding set(s) ended 7-6; the score string does not say whether the tiebreak was first to 7 or first to 10
2007,2007-W-T2-USA-04A-2007,New Haven,T2,20070820,Hard,28,27,3:27,24,3,8,0,0,0,8,7,,not_observable_no_deciding_set_reached_6_all,"8 deciding set(s), none reached 6-6"
2007,2007-W-T3-AUT-01A-2007,Bad Gastein,T3,20070723,Clay,32,31,3:31,31,0,13,1,0,0,12,7,6:1,deciding_set_tiebreak_at_6_all_length_unknown,1 deciding set(s) ended 7-6; the score string does not say whether the tiebreak was first to 7 or first to 10
2007,2007-W-T3-CAN-01A-2007,Quebec City,T3,20071029,Hard,32,31,3:31,29,2,9,0,0,0,9,7,,not_observable_no_deciding_set_reached_6_all,"9 deciding set(s), none reached 6-6"
2007,2007-W-T3-CHN-01A-2007,Guangzhou,T3,20070924,Hard,32,31,3:31,29,2,9,1,0,0,8,7,5:1,deciding_set_tiebreak_at_6_all_length_unknown,1 deciding set(s) ended 7-6; the score string does not say whether the tiebreak was first to 7 or first to 10
2007,2007-W-T3-COL-01A-2007,Bogota,T3,20070219,Clay,32,31,3:31,29,2,10,0,0,0,10,6,,not_observable_no_deciding_set_reached_6_all,"10 deciding set(s), none reached 6-6"
2007,2007-W-T3-FRA-01A-2007,Strasbourg,T3,20070521,Clay,30,29,3:29,28,1,7,1,0,0,6,7,5:1,deciding_set_tiebreak_at_6_all_length_unknown,1 deciding set(s) ended 7-6; the score string does not say whether the tiebreak was first to 7 or first to 10
2007,2007-W-T3-GBR-01A-2007,Birmingham,T3,20070611,Grass,56,55,3:55,53,2,17,3,0,0,14,7,4:1|6:1|7:1,deciding_set_tiebreak_at_6_all_length_unknown,3 deciding set(s) ended 7-6; the score string does not say whether the tiebreak was first to 7 or first to 10
2007,2007-W-T3-HUN-01A-2007,Budapest,T3,20070423,Clay,32,31,3:31,28,3,12,1,0,0,11,7,5:1,deciding_set_tiebreak_at_6_all_length_unknown,1 deciding set(s) ended 7-6; the score string does not say whether the tiebreak was first to 7 or first to 10
2007,2007-W-T3-INA-01A-2007,Bali,T3,20070910,Hard,30,29,3:29,29,0,9,2,0,0,7,7,3:1|4:1,deciding_set_tiebreak_at_6_all_length_unknown,2 deciding set(s) ended 7-6; the score string does not say whether the tiebreak was first to 7 or first to 10
2007,2007-W-T3-IND-01A-2007,Bangalore,T3,20070212,Hard,32,31,3:31,31,0,14,1,0,0,13,7,3:1,deciding_set_tiebreak_at_6_all_length_unknown,1 deciding set(s) ended 7-6; the score string does not say whether the tiebreak was first to 7 or first to 10
2007,2007-W-T3-IND-02A-2007,Kolkata,T3,20070917,Hard,32,31,3:31,30,1,5,0,0,0,5,7,,not_observable_no_deciding_set_reached_6_all,"5 deciding set(s), none reached 6-6"
2007,2007-W-T3-JPN-01A-2007,Japan Open,T3,20071001,Hard,32,31,3:31,31,0,10,1,0,0,9,7,3:1,deciding_set_tiebreak_at_6_all_length_unknown,1 deciding set(s) ended 7-6; the score string does not say whether the tiebreak was first to 7 or first to 10
2007,2007-W-T3-MEX-01A-2007,Acapulco,T3,20070226,Clay,32,31,3:31,30,1,10,0,0,0,10,6,,not_observable_no_deciding_set_reached_6_all,"10 deciding set(s), none reached 6-6"
2007,2007-W-T3-NED-01A-2007,'s-Hertogenbosch,T3,20070618,Grass,30,29,3:29,27,2,11,1,0,0,10,7,6:1,deciding_set_tiebreak_at_6_all_length_unknown,1 deciding set(s) ended 7-6; the score string does not say whether the tiebreak was first to 7 or first to 10
2007,2007-W-T3-THA-01A-2007,Bangkok,T3,20071008,Hard,32,31,3:31,27,4,9,1,0,0,8,7,4:1,deciding_set_tiebreak_at_6_all_length_unknown,1 deciding set(s) ended 7-6; the score string does not say whether the tiebreak was first to 7 or first to 10
2007,2007-W-T3-TUR-01A-2007,Istanbul,T3,20070521,Clay,30,29,3:29,27,2,8,1,0,0,7,7,5:1,deciding_set_tiebreak_at_6_all_length_unknown,1 deciding set(s) ended 7-6; the score string does not say whether the tiebreak was first to 7 or first to 10
2007,2007-W-T3-USA-01A-2007,Memphis,T3,20070219,Hard,32,31,3:31,29,2,11,1,0,0,10,7,0:1,deciding_set_tiebreak_at_6_all_length_unknown,1 deciding set(s) ended 7-6; the score string does not say whether the tiebreak was first to 7 or first to 10
2007,2007-W-T3-USA-02A-2007,Cincinnati,T3,20070716,Hard,32,31,3:31,29,2,8,3,0,0,5,7,2:1|4:2,deciding_set_tiebreak_at_6_all_length_unknown,3 deciding set(s) ended 7-6; the score string does not say whether the tiebreak was first to 7 or first to 10
2007,2007-W-T4-AUS-01A-2007,Hobart,T4,20070108,Hard,32,31,3:31,31,0,9,2,0,0,7,7,5:2,deciding_set_tiebreak_at_6_all_length_unknown,2 deciding set(s) ended 7-6; the score string does not say whether the tiebreak was first to 7 or first to 10
2007,2007-W-T4-CZE-01A-2007,Prague,T4,20070507,Clay,32,31,3:31,30,1,3,0,0,0,3,7,,not_observable_no_deciding_set_reached_6_all,"3 deciding set(s), none reached 6-6"
2007,2007-W-T4-ESP-01A-2007,Barcelona,T4,20070611,Clay,32,31,3:31,29,2,5,0,0,0,5,7,,not_observable_no_deciding_set_reached_6_all,"5 deciding set(s), none reached 6-6"
2007,2007-W-T4-ITA-01A-2007,Palermo,T4,20070716,Clay,32,31,3:31,31,0,4,0,0,0,4,6,,not_observable_no_deciding_set_reached_6_all,"4 deciding set(s), none reached 6-6"
2007,2007-W-T4-KOR-01A-2007,Seoul,T4,20070924,Hard,32,31,3:31,30,1,4,1,0,0,3,7,5:1,deciding_set_tiebreak_at_6_all_length_unknown,1 deciding set(s) ended 7-6; the score string does not say whether the tiebreak was first to 7 or first to 10
2007,2007-W-T4-MAR-01A-2007,Fes,T4,20070514,Clay,32,31,3:31,28,3,9,2,0,0,7,7,1:1|5:1,deciding_set_tiebreak_at_6_all_length_unknown,2 deciding set(s) ended 7-6; the score string does not say whether the tiebreak was first to 7 or first to 10
2007,2007-W-T4-NZL-01A-2007,Auckland,T4,20070101,Hard,32,31,3:31,29,2,10,0,0,0,10,7,,not_observable_no_deciding_set_reached_6_all,"10 deciding set(s), none reached 6-6"
2007,2007-W-T4-POR-01A-2007,Estoril,T4,20070430,Clay,32,31,3:31,28,3,8,2,0,0,6,7,3:1|5:1,deciding_set_tiebreak_at_6_all_length_unknown,2 deciding set(s) ended 7-6; the score string does not say whether the tiebreak was first to 7 or first to 10
2007,2007-W-T4-SLO-01A-2007,Portoroz,T4,20070917,Hard,32,31,3:31,31,0,9,4,0,0,5,7,3:2|5:2,deciding_set_tiebreak_at_6_all_length_unknown,4 deciding set(s) ended 7-6; the score string does not say whether the tiebreak was first to 7 or first to 10
2007,2007-W-T4-SWE-01A-2007,Stockholm,T4,20070730,Hard,32,31,3:31,30,1,15,2,0,0,13,7,4:1|7:1,deciding_set_tiebreak_at_6_all_length_unknown,2 deciding set(s) ended 7-6; the score string does not say whether the tiebreak was first to 7 or first to 10
2007,2007-W-T4-THA-01A-2007,Pattaya,T4,20070205,Hard,32,31,3:31,30,1,12,0,0,0,12,7,,not_observable_no_deciding_set_reached_6_all,"12 deciding set(s), none reached 6-6"
2007,2007-W-T4-USA-01A-2007,Forest Hills,T4,20070820,Hard,16,15,3:15,14,1,4,0,0,0,4,6,,not_observable_no_deciding_set_reached_6_all,"4 deciding set(s), none reached 6-6"
2007,2007-W-T4-UZB-01A-2007,Tashkent,T4,20071001,Hard,32,31,3:31,31,0,6,0,0,0,6,7,,not_observable_no_deciding_set_reached_6_all,"6 deciding set(s), none reached 6-6"
2007,2007-W-WT-ESP-01A-2007,WTA Tour Championships,F,20071105,Hard,4,15,3:15,13,2,4,0,0,0,4,7,,not_observable_no_deciding_set_reached_6_all,"4 deciding set(s), none reached 6-6"
2008,2008-D001,Fed Cup WG R1: ISR vs RUS,D,20080202,Hard,4,4,3:4,4,0,1,0,0,0,1,6,,not_observable_no_deciding_set_reached_6_all,"1 deciding set(s), none reached 6-6"
2008,2008-D002,Fed Cup WG R1: USA vs GER,D,20080202,Hard,4,4,3:4,4,0,0,0,0,0,0,0,,not_observable_no_deciding_set_played,no completed match reached a deciding set
2008,2008-D003,Fed Cup WG R1: CHN vs FRA,D,20080202,Hard,4,4,3:4,4,0,2,0,0,0,2,6,,not_observable_no_deciding_set_reached_6_all,"2 deciding set(s), none reached 6-6"
2008,2008-D004,Fed Cup WG R1: ITA vs ESP,D,20080202,Hard,4,4,3:4,4,0,2,0,0,0,2,6,,not_observable_no_deciding_set_reached_6_all,"2 deciding set(s), none reached 6-6"
2008,2008-D005,Fed Cup WG SF: RUS vs USA,D,20080426,Clay,4,4,3:4,4,0,1,0,0,0,1,6,,not_observable_no_deciding_set_reached_6_all,"1 deciding set(s), none reached 6-6"
2008,2008-D006,Fed Cup WG SF: CHN vs ESP,D,20080426,Hard,4,4,3:4,4,0,0,0,0,0,0,0,,not_observable_no_deciding_set_played,no completed match reached a deciding set
2008,2008-D007,Fed Cup WG F: ESP vs RUS,D,20080913,Clay,4,3,3:3,3,0,1,0,0,0,1,6,,not_observable_no_deciding_set_reached_6_all,"1 deciding set(s), none reached 6-6"
2008,2008-D008,Fed Cup WG2 R1: UKR vs BEL,D,20080202,Clay,4,4,3:4,4,0,1,0,0,0,1,6,,not_observable_no_deciding_set_reached_6_all,"1 deciding set(s), none reached 6-6"
2008,2008-D009,Fed Cup WG2 R1: JPN vs CRO,D,20080202,Hard,4,4,3:4,4,0,3,0,0,0,3,6,,not_observable_no_deciding_set_reached_6_all,"3 deciding set(s), none reached 6-6"
2008,2008-D010,Fed Cup WG2 R1: CZE vs SVK,D,20080202,Carpet,4,4,3:4,4,0,1,0,0,0,1,6,,not_observable_no_deciding_set_reached_6_all,"1 deciding set(s), none reached 6-6"
2008,2008-D011,Fed Cup WG2 R1: ARG vs AUT,D,20080202,Clay,4,4,3:4,4,0,2,0,0,0,2,7,,not_observable_no_deciding_set_reached_6_all,"2 deciding set(s), none reached 6-6"
2008,2008-D012,Fed Cup G1 RRA: NED vs BUL,D,20080201,Carpet,4,2,3:2,2,0,0,0,0,0,0,0,,not_observable_no_deciding_set_played,no completed match reached a deciding set
2008,2008-D013,Fed Cup G1 RRA: NED vs LUX,D,20080130,Carpet,4,2,3:2,2,0,0,0,0,0,0,0,,not_observable_no_deciding_set_played,no completed match reached a deciding set
2008,2008-D014,Fed Cup G1 RRA: NED vs POR,D,20080131,Carpet,4,2,3:2,2,0,0,0,0,0,0,0,,not_observable_no_deciding_set_played,no completed match reached a deciding set
2008,2008-D015,Fed Cup G1 RRA: BUL vs LUX,D,20080131,Carpet,4,2,3:2,2,0,2,0,0,0,2,6,,not_observable_no_deciding_set_reached_6_all,"2 deciding set(s), none reached 6-6"
2008,2008-D016,Fed Cup G1 RRA: BUL vs POR,D,20080130,Carpet,4,2,3:2,2,0,0,0,0,0,0,0,,not_observable_no_deciding_set_played,no completed match reached a deciding set
2008,2008-D017,Fed Cup G1 RRA: LUX vs POR,D,20080201,Carpet,4,2,3:2,2,0,1,0,0,0,1,6,,not_observable_no_deciding_set_reached_6_all,"1 deciding set(s), none reached 6-6"
2008,2008-D018,Fed Cup G1 RRB: SUI vs GBR,D,20080130,Carpet,4,2,3:2,2,0,0,0,0,0,0,0,,not_observable_no_deciding_set_played,no completed match reached a deciding set
2008,2008-D019,Fed Cup G1 RRB: SUI vs DEN,D,20080131,Carpet,4,2,3:2,2,0,0,0,0,0,0,0,,not_observable_no_deciding_set_played,no completed match reached a deciding set
2008,2008-D020,Fed Cup G1 RRB: HUN vs SUI,D,20080201,Carpet,4,2,3:2,2,0,1,0,0,0,1,6,,not_observable_no_deciding_set_reached_6_all,"1 deciding set(s), none reached 6-6"
2008,2008-D021,Fed Cup G1 RRB: GBR vs DEN,D,20080201,Carpet,4,2,3:2,2,0,2,0,0,0,2,6,,not_observable_no_deciding_set_reached_6_all,"2 deciding set(s), none reached 6-6"
2008,2008-D022,Fed Cup G1 RRB: GBR vs HUN,D,20080131,Carpet,4,2,3:2,2,0,0,0,0,0,0,0,,not_observable_no_deciding_set_played,no completed match reached a deciding set
2008,2008-D023,Fed Cup G1 RRB: HUN vs DEN,D,20080130,Carpet,4,2,3:2,2,0,0,0,0,0,0,0,,not_observable_no_deciding_set_played,no completed match reached a deciding set
2008,2008-D024,Fed Cup G1 RRC: BLR vs SWE,D,20080201,Carpet,4,2,3:2,2,0,0,0,0,0,0,0,,not_observable_no_deciding_set_played,no completed match reached a deciding set
2008,2008-D025,Fed Cup G1 RRC: BLR vs SLO,D,20080131,Carpet,4,2,3:2,2,0,1,0,0,0,1,6,,not_observable_no_deciding_set_reached_6_all,"1 deciding set(s), none reached 6-6"
2008,2008-D026,Fed Cup G1 RRC: BLR vs GEO,D,20080130,Carpet,4,2,3:2,2,0,1,0,0,0,1,6,,not_observable_no_deciding_set_reached_6_all,"1 deciding set(s), none reached 6-6"
2008,2008-D027,Fed Cup G1 RRC: SWE vs SLO,D,20080130,Carpet,4,2,3:2,2,0,0,0,0,0,0,0,,not_observable_no_deciding_set_played,no completed match reached a deciding set
2008,2008-D028,Fed Cup G1 RRC: SWE vs GEO,D,20080131,Carpet,4,2,3:2,2,0,1,0,0,0,1,6,,not_observable_no_deciding_set_reached_6_all,"1 deciding set(s), none reached 6-6"
2008,2008-D029,Fed Cup G1 RRC: SLO vs GEO,D,20080201,Carpet,4,2,3:2,2,0,2,0,0,0,2,7,,not_observable_no_deciding_set_reached_6_all,"2 deciding set(s), none reached 6-6"
2008,2008-D030,Fed Cup G1 RRD: ROU vs POL,D,20080130,Carpet,4,2,3:2,2,0,1,0,0,0,1,6,,not_observable_no_deciding_set_reached_6_all,"1 deciding set(s), none reached 6-6"
2008,2008-D031,Fed Cup G1 RRD: ROU vs SRB,D,20080201,Carpet,4,2,3:2,2,0,2,0,0,0,2,7,,not_observable_no_deciding_set_reached_6_all,"2 deciding set(s), none reached 6-6"
2008,2008-D032,Fed Cup G1 RRD: POL vs SRB,D,20080131,Carpet,4,2,3:2,2,0,1,0,0,0,1,7,,not_observable_no_deciding_set_reached_6_all,"1 deciding set(s), none reached 6-6"
2008,2008-D033,Fed Cup G1 RRA: PUR vs PAR,D,20080130,Clay,4,2,3:2,2,0,1,0,0,0,1,6,,not_observable_no_deciding_set_reached_6_all,"1 deciding set(s), none reached 6-6"
2008,2008-D034,Fed Cup G1 RRA: PUR vs BRA,D,20080201,Clay,4,2,3:2,2,0,1,0,0,0,1,6,,not_observable_no_deciding_set_reached_6_all,"1 deciding set(s), none reached 6-6"
2008,2008-D035,Fed Cup G1 RRA: PUR vs URU,D,20080131,Clay,4,2,3:2,2,0,0,0,0,0,0,0,,not_observable_no_deciding_set_played,no completed match reached a deciding set
2008,2008-D036,Fed Cup G1 RRA: PAR vs BRA,D,20080131,Clay,4,2,3:2,2,0,1,0,0,0,1,6,,not_observable_no_deciding_set_reached_6_all,"1 deciding set(s), none reached 6-6"
2008,2008-D037,Fed Cup G1 RRA: PAR vs URU,D,20080201,Clay,4,2,3:2,2,0,1,0,0,0,1,6,,not_observable_no_deciding_set_reached_6_all,"1 deciding set(s), none reached 6-6"
2008,2008-D038,Fed Cup G1 RRA: BRA vs URU,D,20080130,Clay,4,2,3:2,2,0,0,0,0,0,0,0,,not_observable_no_deciding_set_played,no completed match reached a deciding set
2008,2008-D039,Fed Cup G1 RRB: COL vs CAN,D,20080201,Clay,4,2,3:2,2,0,0,0,0,0,0,0,,not_observable_no_deciding_set_played,no completed match reached a deciding set
2008,2008-D040,Fed Cup G1 RRB: CAN vs MEX,D,20080131,Clay,4,2,3:2,2,0,0,0,0,0,0,0,,not_observable_no_deciding_set_played,no completed match reached a deciding set
2008,2008-D041,Fed Cup G1 RRB: COL vs MEX,D,20080130,Clay,4,2,3:2,2,0,1,0,0,0,1,6,,not_observable_no_deciding_set_reached_6_all,"1 deciding set(s), none reached 6-6"
2008,2008-D042,Fed Cup G1 RRA: AUS vs IND,D,20080201,Hard,4,2,3:2,2,0,1,0,0,0,1,6,,not_observable_no_deciding_set_reached_6_all,"1 deciding set(s), none reached 6-6"
2008,2008-D043,Fed Cup G1 RRA: AUS vs NZL,D,20080130,Hard,4,2,5:2,0,2,0,0,0,0,0,0,,not_observable_no_deciding_set_played,no completed match reached a deciding set
2008,2008-D044,Fed Cup G1 RRA: AUS vs INA,D,20080131,Hard,4,2,3:2,2,0,0,0,0,0,0,0,,not_observable_no_deciding_set_played,no completed match reached a deciding set
2008,2008-D045,Fed Cup G1 RRA: IND vs NZL,D,20080131,Hard,4,2,3:2,2,0,1,0,0,0,1,6,,not_observable_no_deciding_set_reached_6_all,"1 deciding set(s), none reached 6-6"
2008,2008-D046,Fed Cup G1 RRA: IND vs INA,D,20080130,Hard,4,2,3:2,2,0,1,0,0,0,1,6,,not_observable_no_deciding_set_reached_6_all,"1 deciding set(s), none reached 6-6"
2008,2008-D047,Fed Cup G1 RRA: NZL vs INA,D,20080201,Hard,4,2,3:2,2,0,0,0,0,0,0,0,,not_observable_no_deciding_set_played,no completed match reached a deciding set
2008,2008-D048,Fed Cup G1 RRB: THA vs TPE,D,20080201,Hard,4,2,3:2,2,0,2,0,0,0,2,6,,not_observable_no_deciding_set_reached_6_all,"2 deciding set(s), none reached 6-6"
2008,2008-D049,Fed Cup G1 RRB: TPE vs UZB,D,20080130,Hard,4,2,3:2,2,0,1,0,0,0,1,6,,not_observable_no_deciding_set_reached_6_all,"1 deciding set(s), none reached 6-6"
2008,2008-D050,Fed Cup G1 RRB: TPE vs HKG,D,20080131,Hard,4,2,3:2,2,0,0,0,0,0,0,0,,not_observable_no_deciding_set_played,no completed match reached a deciding set
2008,2008-D051,Fed Cup G1 RRB: THA vs UZB,D,20080131,Hard,4,2,3:2,2,0,2,0,0,0,2,6,,not_observable_no_deciding_set_reached_6_all,"2 deciding set(s), none reached 6-6"
2008,2008-D052,Fed Cup G1 RRB: THA vs HKG,D,20080130,Hard,4,2,3:2,2,0,0,0,0,0,0,0,,not_observable_no_deciding_set_played,no completed match reached a deciding set
2008,2008-D053,Fed Cup G1 RRB: UZB vs HKG,D,20080201,Hard,4,2,3:2,2,0,0,0,0,0,0,0,,not_observable_no_deciding_set_played,no completed match reached a deciding set
2008,2008-D054,Fed Cup G2 RRA: KOR vs PHI,D,20080201,Hard,4,2,3:2,2,0,0,0,0,0,0,0,,not_observable_no_deciding_set_played,no completed match reached a deciding set
2008,2008-D055,Fed Cup G2 RRA: KOR vs SYR,D,20080130,Hard,4,2,3:2,2,0,0,0,0,0,0,0,,not_observable_no_deciding_set_played,no completed match reached a deciding set
2008,2008-D056,Fed Cup G2 RRA: PHI vs SYR,D,20080131,Hard,4,2,3:2,2,0,0,0,0,0,0,0,,not_observable_no_deciding_set_played,no completed match reached a deciding set
2008,2008-D057,Fed Cup G2 RRB: KAZ vs SIN,D,20080201,Hard,4,2,3:2,2,0,0,0,0,0,0,0,,not_observable_no_deciding_set_played,no completed match reached a deciding set
2008,2008-D058,Fed Cup G2 RRB: KAZ vs TKM,D,20080130,Hard,4,2,3:2,2,0,1,0,0,0,1,6,,not_observable_no_deciding_set_reached_6_all,"1 deciding set(s), none reached 6-6"
2008,2008-D059,Fed Cup G2 RRB: KAZ vs SRI,D,20080131,Hard,4,2,3:2,2,0,0,0,0,0,0,0,,not_observable_no_deciding_set_played,no completed match reached a deciding set
2008,2008-D060,Fed Cup G2 RRB: SIN vs TKM,D,20080131,Hard,4,2,3:2,2,0,0,0,0,0,0,0,,not_observable_no_deciding_set_played,no completed match reached a deciding set
2008,2008-D061,Fed Cup G2 RRB: SIN vs SRI,D,20080130,Hard,4,2,3:2,2,0,0,0,0,0,0,0,,not_observable_no_deciding_set_played,no completed match reached a deciding set
2008,2008-D062,Fed Cup G2 RRB: TKM vs SRI,D,20080201,Hard,4,2,3:2,2,0,0,0,0,0,0,0,,not_observable_no_deciding_set_played,no completed match reached a deciding set
2008,2008-D063,Fed Cup G2 RRA: BIH vs TUR,D,20080130,Hard,4,2,3:2,2,0,0,0,0,0,0,0,,not_observable_no_deciding_set_played,no completed match reached a deciding set
2008,2008-D064,Fed Cup G2 RRA: BIH vs RSA,D,20080201,Hard,4,2,3:2,2,0,0,0,0,0,0,0,,not_observable_no_deciding_set_played,no completed match reached a deciding set
2008,2008-D065,Fed Cup G2 RRA: TUR vs RSA,D,20080131,Hard,4,2,3:2,2,0,0,0,0,0,0,0,,not_observable_no_deciding_set_played,no completed match reached a deciding set
2008,2008-D066,Fed Cup G2 RRB: EST vs LTU,D,20080131,Hard,4,2,3:2,2,0,1,0,0,0,1,6,,not_observable_no_deciding_set_reached_6_all,"1 deciding set(s), none reached 6-6"
2008,2008-D067,Fed Cup G2 RRB: EST vs IRL,D,20080201,Hard,4,2,3:2,2,0,0,0,0,0,0,0,,not_observable_no_deciding_set_played,no completed match reached a deciding set
2008,2008-D068,Fed Cup G2 RRB: EST vs GRE,D,20080130,Hard,4,2,3:2,2,0,0,0,0,0,0,0,,not_observable_no_deciding_set_played,no completed match reached a deciding set
2008,2008-D069,Fed Cup G2 RRB: LTU vs IRL,D,20080130,Hard,4,2,3:2,2,0,0,0,0,0,0,0,,not_observable_no_deciding_set_played,no completed match reached a deciding set
2008,2008-D070,Fed Cup G2 RRB: LTU vs GRE,D,20080201,Hard,4,2,3:2,2,0,2,1,0,0,1,7,5:1,deciding_set_tiebreak_at_6_all_length_unknown,1 deciding set(s) ended 7-6; the score string does not say whether the tiebreak was first to 7 or first to 10
2008,2008-D071,Fed Cup G2 RRB: IRL vs GRE,D,20080131,Hard,4,2,3:2,2,0,0,0,0,0,0,0,,not_observable_no_deciding_set_played,no completed match reached a deciding set
2008,2008-D072,Fed Cup G1 PO: NZL vs UZB,D,20080202,,4,2,3:2,2,0,1,0,0,0,1,6,,not_observable_no_deciding_set_reached_6_all,"1 deciding set(s), none reached 6-6"
2008,2008-D073,Fed Cup G2 PO: EST vs RSA,D,20080202,Hard,4,2,3:2,2,0,0,0,0,0,0,0,,not_observable_no_deciding_set_played,no completed match reached a deciding set
2008,2008-D074,Fed Cup G2 PO: BIH vs LTU,D,20080202,Hard,4,2,3:2,2,0,0,0,0,0,0,0,,not_observable_no_deciding_set_played,no completed match reached a deciding set
2008,2008-D075,Fed Cup G2 PO: GRE vs TUR,D,20080202,Hard,4,2,3:2,2,0,1,0,0,0,1,6,,not_observable_no_deciding_set_reached_6_all,"1 deciding set(s), none reached 6-6"
2008,2008-D076,Fed Cup G1 PO: SUI vs SWE,D,20080202,Carpet,4,2,3:2,2,0,2,0,0,0,2,6,,not_observable_no_deciding_set_reached_6_all,"2 deciding set(s), none reached 6-6"
2008,2008-D077,Fed Cup G1 PO: SRB vs NED,D,20080202,Carpet,4,2,3:2,2,0,1,0,0,0,1,6,,not_observable_no_deciding_set_reached_6_all,"1 deciding set(s), none reached 6-6"
2008,2008-D078,Fed Cup G1 PO: HUN vs BUL,D,20080202,Carpet,4,2,3:2,2,0,0,0,0,0,0,0,,not_observable_no_deciding_set_played,no completed match reached a deciding set
2008,2008-D079,Fed Cup G1 PO: BLR vs ROU,D,20080202,Carpet,4,2,3:2,2,0,0,0,0,0,0,0,,not_observable_no_deciding_set_played,no completed match reached a deciding set
2008,2008-D080,Fed Cup G1 PO: COL vs BRA,D,20080202,Clay,4,2,3:2,2,0,1,0,0,0,1,6,,not_observable_no_deciding_set_reached_6_all,"1 deciding set(s), none reached 6-6"
2008,2008-D081,Fed Cup G1 PO: MEX vs PAR,D,20080202,,4,2,3:2,2,0,1,0,0,0,1,6,,not_observable_no_deciding_set_reached_6_all,"1 deciding set(s), none reached 6-6"
2008,2008-D082,Fed Cup G1 PO: CAN vs PUR,D,20080202,Clay,4,2,3:2,2,0,1,0,0,0,1,7,,not_observable_no_deciding_set_reached_6_all,"1 deciding set(s), none reached 6-6"
2008,2008-D084,Fed Cup G1 PO: THA vs INA,D,20080202,Hard,4,2,5:2,0,2,0,0,0,0,0,0,,not_observable_no_deciding_set_played,no completed match reached a deciding set
2008,2008-D085,Fed Cup G1 PO: IND vs HKG,D,20080202,,4,2,3:2,2,0,0,0,0,0,0,0,,not_observable_no_deciding_set_played,no completed match reached a deciding set
2008,2008-D086,Fed Cup G1 PO: GEO vs POL,D,20080202,Carpet,4,2,3:2,2,0,0,0,0,0,0,0,,not_observable_no_deciding_set_played,no completed match reached a deciding set
2008,2008-D087,Fed Cup G1 PO: GBR vs POR,D,20080202,Carpet,4,2,3:2,2,0,0,0,0,0,0,0,,not_observable_no_deciding_set_played,no completed match reached a deciding set
2008,2008-D088,Fed Cup G2 PO: KAZ vs KOR,D,20080202,,4,2,3:1|5:1,1,1,1,1,0,0,0,7,4:1,deciding_set_tiebreak_at_6_all_length_unknown,1 deciding set(s) ended 7-6; the score string does not say whether the tiebreak was first to 7 or first to 10
2008,2008-D089,Fed Cup G2 PO: PHI vs SIN,D,20080202,,4,2,3:2,2,0,0,0,0,0,0,0,,not_observable_no_deciding_set_played,no completed match reached a deciding set
2008,2008-D090,Fed Cup G2 PO: SYR vs TKM,D,20080202,,4,2,3:2,2,0,0,0,0,0,0,0,,not_observable_no_deciding_set_played,no completed match reached a deciding set
2008,2008-D091,Fed Cup WG PO: ITA vs UKR,D,20080426,Clay,4,4,3:4,4,0,1,0,0,0,1,7,,not_observable_no_deciding_set_reached_6_all,"1 deciding set(s), none reached 6-6"
2008,2008-D092,Fed Cup WG PO: JPN vs FRA,D,20080426,Hard,4,4,3:4,4,0,0,0,0,0,0,0,,not_observable_no_deciding_set_played,no completed match reached a deciding set
2008,2008-D093,Fed Cup WG PO: ARG vs GER,D,20080426,Clay,4,4,3:4,4,0,0,0,0,0,0,0,,not_observable_no_deciding_set_played,no completed match reached a deciding set
2008,2008-D094,Fed Cup WG PO: ISR vs CZE,D,20080426,Hard,4,4,3:4,4,0,3,0,0,0,3,6,,not_observable_no_deciding_set_reached_6_all,"3 deciding set(s), none reached 6-6"
2008,2008-D095,Fed Cup WG2 PO: BEL vs COL,D,20080426,Hard,4,4,3:4,4,0,0,0,0,0,0,0,,not_observable_no_deciding_set_played,no completed match reached a deciding set
2008,2008-D096,Fed Cup WG2 PO: AUT vs SUI,D,20080426,Hard,4,4,3:4,4,0,2,0,0,0,2,7,,not_observable_no_deciding_set_reached_6_all,"2 deciding set(s), none reached 6-6"
2008,2008-D097,Fed Cup WG2 PO: SVK vs UZB,D,20080426,Clay,4,4,3:4,4,0,1,0,0,0,1,6,,not_observable_no_deciding_set_reached_6_all,"1 deciding set(s), none reached 6-6"
2008,2008-D098,Fed Cup WG2 PO: CRO vs SRB,D,20080426,Hard,4,4,3:4,4,0,0,0,0,0,0,0,,not_observable_no_deciding_set_played,no completed match reached a deciding set
2008,2008-D099,Fed Cup G3 RRA: LAT vs NOR,D,20080425,Clay,4,2,3:2,2,0,0,0,0,0,0,0,,not_observable_no_deciding_set_played,no completed match reached a deciding set
2008,2008-D100,Fed Cup G3 RRA: LAT vs MRI,D,20080426,Clay,4,2,3:1|5:1,1,1,0,0,0,0,0,0,,not_observable_no_deciding_set_played,no completed match reached a deciding set
2008,2008-D101,Fed Cup G3 RRA: LAT vs ISL,D,20080424,Clay,4,2,3:2,2,0,0,0,0,0,0,0,,not_observable_no_deciding_set_played,no completed match reached a deciding set
2008,2008-D102,Fed Cup G3 RRA: LAT vs ZIM,D,20080422,Clay,4,2,3:2,2,0,0,0,0,0,0,0,,not_observable_no_deciding_set_played,no completed match reached a deciding set
2008,2008-D103,Fed Cup G3 RRA: NOR vs MRI,D,20080422,Clay,4,2,3:2,2,0,0,0,0,0,0,0,,not_observable_no_deciding_set_played,no completed match reached a deciding set
2008,2008-D104,Fed Cup G3 RRA: NOR vs ISL,D,20080426,Clay,4,2,3:2,2,0,0,0,0,0,0,0,,not_observable_no_deciding_set_played,no completed match reached a deciding set
2008,2008-D105,Fed Cup G3 RRA: NOR vs ZIM,D,20080423,Clay,4,2,3:2,2,0,0,0,0,0,0,0,,not_observable_no_deciding_set_played,no completed match reached a deciding set
2008,2008-D106,Fed Cup G3 RRA: MRI vs ISL,D,20080423,Clay,4,2,3:2,2,0,1,0,0,0,1,6,,not_observable_no_deciding_set_reached_6_all,"1 deciding set(s), none reached 6-6"
2008,2008-D107,Fed Cup G3 RRA: MRI vs ZIM,D,20080424,Clay,4,2,3:2,2,0,0,0,0,0,0,0,,not_observable_no_deciding_set_played,no completed match reached a deciding set
2008,2008-D108,Fed Cup G3 RRA: ISL vs ZIM,D,20080425,Clay,4,2,3:1|5:1,1,1,0,0,0,0,0,0,,not_observable_no_deciding_set_played,no completed match reached a deciding set
2008,2008-D109,Fed Cup G3 RRB: FIN vs EGY,D,20080424,Clay,4,2,3:2,2,0,1,0,0,0,1,6,,not_observable_no_deciding_set_reached_6_all,"1 deciding set(s), none reached 6-6"
2008,2008-D110,Fed Cup G3 RRB: FIN vs MNE,D,20080423,Clay,4,2,3:2,2,0,1,0,0,0,1,6,,not_observable_no_deciding_set_reached_6_all,"1 deciding set(s), none reached 6-6"
2008,2008-D111,Fed Cup G3 RRB: FIN vs MDA,D,20080425,Clay,4,2,3:2,2,0,0,0,0,0,0,0,,not_observable_no_deciding_set_played,no completed match reached a deciding set
2008,2008-D112,Fed Cup G3 RRB: FIN vs MAR,D,20080426,Clay,4,2,3:2,2,0,0,0,0,0,0,0,,not_observable_no_deciding_set_played,no completed match reached a deciding set
2008,2008-D113,Fed Cup G3 RRB: ARM vs FIN,D,20080422,Clay,4,2,3:2,2,0,0,0,0,0,0,0,,not_observable_no_deciding_set_played,no completed match reached a deciding set
2008,2008-D114,Fed Cup G3 RRB: EGY vs MNE,D,20080426,Clay,4,2,3:2,2,0,2,1,0,0,1,7,6:1,deciding_set_tiebreak_at_6_all_length_unknown,1 deciding set(s) ended 7-6; the score string does not say whether the tiebreak was first to 7 or first to 10
2008,2008-D115,Fed Cup G3 RRB: EGY vs MDA,D,20080423,Clay,4,2,3:2,2,0,0,0,0,0,0,0,,not_observable_no_deciding_set_played,no completed match reached a deciding set
2008,2008-D116,Fed Cup G3 RRB: EGY vs MAR,D,20080422,Clay,4,2,3:2,2,0,0,0,0,0,0,0,,not_observable_no_deciding_set_played,no completed match reached a deciding set
2008,2008-D117,Fed Cup G3 RRB: ARM vs EGY,D,20080425,Clay,4,2,3:2,2,0,0,0,0,0,0,0,,not_observable_no_deciding_set_played,no completed match reached a deciding set
2008,2008-D118,Fed Cup G3 RRB: MNE vs MDA,D,20080422,Clay,4,2,3:2,2,0,1,0,0,0,1,6,,not_observable_no_deciding_set_reached_6_all,"1 deciding set(s), none reached 6-6"
2008,2008-D119,Fed Cup G3 RRB: MNE vs MAR,D,20080425,Clay,4,2,3:2,2,0,0,0,0,0,0,0,,not_observable_no_deciding_set_played,no completed match reached a deciding set
2008,2008-D120,Fed Cup G3 RRB: ARM vs MNE,D,20080424,Clay,4,2,3:2,2,0,0,0,0,0,0,0,,not_observable_no_deciding_set_played,no completed match reached a deciding set
2008,2008-D121,Fed Cup G3 RRB: MDA vs MAR,D,20080424,Clay,4,2,3:2,2,0,0,0,0,0,0,0,,not_observable_no_deciding_set_played,no completed match reached a deciding set
2008,2008-D122,Fed Cup G3 RRB: ARM vs MDA,D,20080426,Clay,4,2,3:2,2,0,0,0,0,0,0,0,,not_observable_no_deciding_set_played,no completed match reached a deciding set
2008,2008-D123,Fed Cup G3 RRB: ARM vs MAR,D,20080423,Clay,4,2,3:2,2,0,1,0,0,0,1,6,,not_observable_no_deciding_set_reached_6_all,"1 deciding set(s), none reached 6-6"
2008,2008-D124,Fed Cup G2 RRA: CHI vs CUB,D,20080425,Clay,4,2,3:2,2,0,1,0,0,0,1,7,,not_observable_no_deciding_set_reached_6_all,"1 deciding set(s), none reached 6-6"
2008,2008-D125,Fed Cup G2 RRA: CHI vs PAN,D,20080423,Clay,4,2,3:2,2,0,0,0,0,0,0,0,,not_observable_no_deciding_set_played,no completed match reached a deciding set
2008,2008-D126,Fed Cup G2 RRA: CUB vs PAN,D,20080424,Clay,4,2,3:2,2,0,0,0,0,0,0,0,,not_observable_no_deciding_set_played,no completed match reached a deciding set
2008,2008-D127,Fed Cup G2 RRB: BOL vs ECU,D,20080425,Clay,4,2,3:2,2,0,0,0,0,0,0,0,,not_observable_no_deciding_set_played,no completed match reached a deciding set
2008,2008-D128,Fed Cup G2 RRB: BOL vs HON,D,20080423,Clay,4,2,3:2,2,0,0,0,0,0,0,0,,not_observable_no_deciding_set_played,no completed match reached a deciding set
2008,2008-D129,Fed Cup G2 RRB: ECU vs HON,D,20080424,Clay,4,2,3:2,2,0,0,0,0,0,0,0,,not_observable_no_deciding_set_played,no completed match reached a deciding set
2008,2008-D130,Fed Cup G2 RRC: VEN vs GUA,D,20080425,Clay,4,2,3:2,2,0,0,0,0,0,0,0,,not_observable_no_deciding_set_played,no completed match reached a deciding set
2008,2008-D131,Fed Cup G2 RRC: VEN vs BAR,D,20080423,Clay,4,2,3:2,2,0,0,0,0,0,0,0,,not_observable_no_deciding_set_played,no completed match reached a deciding set
2008,2008-D132,Fed Cup G2 RRC: GUA vs BAR,D,20080424,Clay,4,2,3:2,2,0,0,0,0,0,0,0,,not_observable_no_deciding_set_played,no completed match reached a deciding set
2008,2008-D133,Fed Cup G2 RRD: DOM vs BER,D,20080425,Clay,4,2,3:2,2,0,0,0,0,0,0,0,,not_observable_no_deciding_set_played,no completed match reached a deciding set
2008,2008-D134,Fed Cup G2 RRD: DOM vs TRI,D,20080424,Clay,4,2,3:2,2,0,0,0,0,0,0,0,,not_observable_no_deciding_set_played,no completed match reached a deciding set
2008,2008-D135,Fed Cup G2 RRD: DOM vs BAH,D,20080423,Clay,4,2,3:2,2,0,1,0,0,0,1,6,,not_observable_no_deciding_set_reached_6_all,"1 deciding set(s), none reached 6-6"
2008,2008-D136,Fed Cup G2 RRD: BER vs TRI,D,20080423,Clay,4,2,3:2,2,0,0,0,0,0,0,0,,not_observable_no_deciding_set_played,no completed match reached a deciding set
2008,2008-D137,Fed Cup G2 RRD: BER vs BAH,D,20080424,Clay,4,2,3:2,2,0,0,0,0,0,0,0,,not_observable_no_deciding_set_played,no completed match reached a deciding set
2008,2008-D138,Fed Cup G2 RRD: TRI vs BAH,D,20080425,Clay,4,2,3:2,2,0,0,0,0,0,0,0,,not_observable_no_deciding_set_played,no completed match reached a deciding set
2008,2008-D139,Fed Cup G2 PO: BOL vs BAH,D,20080426,Clay,4,2,3:2,2,0,0,0,0,0,0,0,,not_observable_no_deciding_set_played,no completed match reached a deciding set
2008,2008-D140,Fed Cup G2 PO: CHI vs VEN,D,20080426,Clay,4,2,3:2,2,0,1,0,0,0,1,6,,not_observable_no_deciding_set_reached_6_all,"1 deciding set(s), none reached 6-6"
2008,2008-D141,Fed Cup G2 PO: CUB vs GUA,D,20080426,Clay,4,2,3:2,2,0,1,0,0,0,1,6,,not_observable_no_deciding_set_reached_6_all,"1 deciding set(s), none reached 6-6"
2008,2008-D142,Fed Cup G2 PO: ECU vs DOM,D,20080426,Clay,4,2,3:2,2,0,0,0,0,0,0,0,,not_observable_no_deciding_set_played,no completed match reached a deciding set
2008,2008-D143,Fed Cup G2 PO: BAR vs PAN,D,20080426,Clay,4,2,3:2,2,0,0,0,0,0,0,0,,not_observable_no_deciding_set_played,no completed match reached a deciding set
2008,2008-D144,Fed Cup G2 PO: HON vs TRI,D,20080426,Clay,4,2,3:2,2,0,0,0,0,0,0,0,,not_observable_no_deciding_set_played,no completed match reached a deciding set
2008,2008-W-OL-CHN-01A-2008,Olympics,O,20080811,Hard,64,64,3:64,62,2,16,0,0,0,16,7,,not_observable_no_deciding_set_reached_6_all,"16 deciding set(s), none reached 6-6"
2008,2008-W-SL-AUS-01A-2008,Australian Open,G,20080114,Hard,128,127,3:127,125,2,36,0,0,6,30,12,,deciding_set_extends_past_6_all_cap_unknown,6 deciding set(s) went past 7 games (longest 12); that rules out a tiebreak at 6-all but does not separate an advantage set from a tiebreak at a later game count
2008,2008-W-SL-FRA-01A-2008,Roland Garros,G,20080526,Clay,128,127,3:127,126,1,43,0,0,3,40,8,,deciding_set_extends_past_6_all_cap_unknown,3 deciding set(s) went past 7 games (longest 8); that rules out a tiebreak at 6-all but does not separate an advantage set from a tiebreak at a later game count
2008,2008-W-SL-GBR-01A-2008,Wimbledon,G,20080623,Grass,128,127,3:127,124,3,44,0,0,7,37,16,,advantage_deciding_set,"7 deciding set(s) went past 7 games with no tiebreak and the longest reached 16 games, past any 12-all cap"
2008,2008-W-SL-USA-01A-2008,US Open,G,20080825,Hard,128,127,3:127,126,1,35,0,0,0,35,7,,not_observable_no_deciding_set_reached_6_all,"35 deciding set(s), none reached 6-6"
2008,2008-W-T1-CAN-01A-2008,Montreal,T1,20080728,Hard,56,55,3:55,49,6,18,3,0,0,15,7,2:1|4:2,deciding_set_tiebreak_at_6_all_length_unknown,3 deciding set(s) ended 7-6; the score string does not say whether the tiebreak was first to 7 or first to 10
2008,2008-W-T1-GER-01A-2008,Berlin,T1,20080505,Clay,56,55,3:55,52,3,19,4,0,0,15,7,2:1|5:2|9:1,deciding_set_tiebreak_at_6_all_length_unknown,4 deciding set(s) ended 7-6; the score string does not say whether the tiebreak was first to 7 or first to 10
2008,2008-W-T1-ITA-01A-2008,Rome,T1,20080512,Clay,56,55,3:55,52,3,20,1,0,0,19,7,7:1,deciding_set_tiebreak_at_6_all_length_unknown,1 deciding set(s) ended 7-6; the score string does not say whether the tiebreak was first to 7 or first to 10
2008,2008-W-T1-JPN-01A-2008,Tokyo,T1,20080915,Hard,28,27,3:27,27,0,8,1,0,0,7,7,8:1,deciding_set_tiebreak_at_6_all_length_unknown,1 deciding set(s) ended 7-6; the score string does not say whether the tiebreak was first to 7 or first to 10
2008,2008-W-T1-QAT-01A-2008,Doha,T1,20080218,Hard,56,55,3:55,52,3,18,0,0,0,18,6,,not_observable_no_deciding_set_reached_6_all,"18 deciding set(s), none reached 6-6"
2008,2008-W-T1-RUS-01A-2008,Moscow,T1,20081006,Hard,28,27,3:27,25,2,12,3,0,0,9,7,2:1|4:1|6:1,deciding_set_tiebreak_at_6_all_length_unknown,3 deciding set(s) ended 7-6; the score string does not say whether the tiebreak was first to 7 or first to 10
2008,2008-W-T1-USA-01A-2008,Indian Wells,T1,20080310,Hard,96,95,3:95,92,3,28,1,0,0,27,7,4:1,deciding_set_tiebreak_at_6_all_length_unknown,1 deciding set(s) ended 7-6; the score string does not say whether the tiebreak was first to 7 or first to 10
2008,2008-W-T1-USA-02A-2008,Miami,T1,20080324,Hard,96,95,3:95,92,3,35,4,0,0,31,7,2:2|6:1|9:1,deciding_set_tiebreak_at_6_all_length_unknown,4 deciding set(s) ended 7-6; the score string does not say whether the tiebreak was first to 7 or first to 10
2008,2008-W-T1-USA-03A-2008,Charleston,T1,20080414,Clay,56,55,3:55,53,2,20,0,0,0,20,7,,not_observable_no_deciding_set_reached_6_all,"20 deciding set(s), none reached 6-6"
2008,2008-W-T2-AUS-01A-2008,Sydney,T2,20080107,Hard,28,27,3:27,26,1,12,1,0,0,11,7,6:1,deciding_set_tiebreak_at_6_all_length_unknown,1 deciding set(s) ended 7-6; the score string does not say whether the tiebreak was first to 7 or first to 10
2008,2008-W-T2-AUT-01A-2008,Linz,T2,20081020,Hard,28,27,3:27,27,0,8,1,0,0,7,7,8:1,deciding_set_tiebreak_at_6_all_length_unknown,1 deciding set(s) ended 7-6; the score string does not say whether the tiebreak was first to 7 or first to 10
2008,2008-W-T2-BEL-01A-2008,Antwerp,T2,20080211,Hard,28,27,3:27,26,1,9,1,0,0,8,7,2:1,deciding_set_tiebreak_at_6_all_length_unknown,1 deciding set(s) ended 7-6; the score string does not say whether the tiebreak was first to 7 or first to 10
2008,2008-W-T2-CHN-01A-2008,Beijing,T2,20080922,Hard,28,27,3:27,27,0,6,1,0,0,5,7,7:1,deciding_set_tiebreak_at_6_all_length_unknown,1 deciding set(s) ended 7-6; the score string does not say whether the tiebreak was first to 7 or first to 10
2008,2008-W-T2-FRA-01A-2008,Paris,T2,20080204,Carpet,28,27,3:27,26,1,11,0,0,0,11,7,,not_observable_no_deciding_set_reached_6_all,"11 deciding set(s), none reached 6-6"
2008,2008-W-T2-GBR-01A-2008,Eastbourne,T2,20080616,Grass,28,27,3:27,25,2,8,0,0,0,8,7,,not_observable_no_deciding_set_reached_6_all,"8 deciding set(s), none reached 6-6"
2008,2008-W-T2-GER-01A-2008,Stuttgart,T2,20080929,Hard,28,27,3:27,27,0,6,0,0,0,6,7,,not_observable_no_deciding_set_reached_6_all,"6 deciding set(s), none reached 6-6"
2008,2008-W-T2-IND-01A-2008,Bangalore,T2,20080303,Hard,28,27,3:27,27,0,13,2,0,0,11,7,1:1|4:1,deciding_set_tiebreak_at_6_all_length_unknown,2 deciding set(s) ended 7-6; the score string does not say whether the tiebreak was first to 7 or first to 10
2008,2008-W-T2-SUI-01A-2008,Zurich,T2,20081013,Hard,28,27,3:27,25,2,7,1,0,0,6,7,6:1,deciding_set_tiebreak_at_6_all_length_unknown,1 deciding set(s) ended 7-6; the score string does not say whether the tiebreak was first to 7 or first to 10
2008,2008-W-T2-UAE-01A-2008,Dubai,T2,20080225,Hard,28,27,3:27,26,1,12,0,0,0,12,6,,not_observable_no_deciding_set_reached_6_all,"12 deciding set(s), none reached 6-6"
2008,2008-W-T2-USA-01A-2008,Amelia Island,T2,20080407,Clay,56,55,3:55,54,1,19,4,0,0,15,7,1:2|4:1|6:1,deciding_set_tiebreak_at_6_all_length_unknown,4 deciding set(s) ended 7-6; the score string does not say whether the tiebreak was first to 7 or first to 10
2008,2008-W-T2-USA-02A-2008,Stanford,T2,20080714,Hard,28,27,3:27,25,2,7,0,0,0,7,7,,not_observable_no_deciding_set_reached_6_all,"7 deciding set(s), none reached 6-6"
2008,2008-W-T2-USA-03A-2008,Los Angeles,T2,20080721,Hard,56,55,3:55,55,0,13,1,0,0,12,7,3:1,deciding_set_tiebreak_at_6_all_length_unknown,1 deciding set(s) ended 7-6; the score string does not say whether the tiebreak was first to 7 or first to 10
2008,2008-W-T2-USA-04A-2008,New Haven,T2,20080818,Hard,28,27,3:27,26,1,15,3,0,0,12,7,1:1|4:1|6:1,deciding_set_tiebreak_at_6_all_length_unknown,3 deciding set(s) ended 7-6; the score string does not say whether the tiebreak was first to 7 or first to 10
2008,2008-W-T3-AUS-01A-2008,Gold Coast,T3,20071231,Hard,32,31,3:31,29,2,13,1,0,0,12,7,8:1,deciding_set_tiebreak_at_6_all_length_unknown,1 deciding set(s) ended 7-6; the score string does not say whether the tiebreak was first to 7 or first to 10
2008,2008-W-T3-AUT-01A-2008,Bad Gastein,T3,20080714,Clay,32,31,3:31,30,1,11,2,0,0,9,7,3:1|5:1,deciding_set_tiebreak_at_6_all_length_unknown,2 deciding set(s) ended 7-6; the score string does not say whether the tiebreak was first to 7 or first to 10
2008,2008-W-T3-CAN-01A-2008,Quebec City,T3,20081027,Hard,32,31,3:31,31,0,7,1,0,0,6,7,1:1,deciding_set_tiebreak_at_6_all_length_unknown,1 deciding set(s) ended 7-6; the score string does not say whether the tiebreak was first to 7 or first to 10
2008,2008-W-T3-CHI-01A-2008,Vina Del Mar,T3,20080211,Clay,32,31,3:31,28,3,8,1,0,0,7,7,3:1,deciding_set_tiebreak_at_6_all_length_unknown,1 deciding set(s) ended 7-6; the score string does not say whether the tiebreak was first to 7 or first to 10
2008,2008-W-T3-CHN-01A-2008,Guangzhou,T3,20080915,Hard,32,31,3:31,31,0,8,0,0,0,8,6,,not_observable_no_deciding_set_reached_6_all,"8 deciding set(s), none reached 6-6"
2008,2008-W-T3-COL-01A-2008,Bogota,T3,20080218,Clay,32,31,3:31,29,2,8,1,0,0,7,7,3:1,deciding_set_tiebreak_at_6_all_length_unknown,1 deciding set(s) ended 7-6; the score string does not say whether the tiebreak was first to 7 or first to 10
2008,2008-W-T3-FRA-01A-2008,Strasbourg,T3,20080519,Clay,30,29,3:29,25,4,7,0,0,0,7,6,,not_observable_no_deciding_set_reached_6_all,"7 deciding set(s), none reached 6-6"
2008,2008-W-T3-GBR-01A-2008,Birmingham,T3,20080609,Grass,56,55,3:55,55,0,16,3,0,0,13,7,2:1|4:1|6:1,deciding_set_tiebreak_at_6_all_length_unknown,3 deciding set(s) ended 7-6; the score string does not say whether the tiebreak was first to 7 or first to 10
2008,2008-W-T3-HUN-01A-2008,Budapest,T3,20080707,Clay,30,29,3:29,29,0,3,1,0,0,2,7,5:1,deciding_set_tiebreak_at_6_all_length_unknown,1 deciding set(s) ended 7-6; the score string does not say whether the tiebreak was first to 7 or first to 10
2008,2008-W-T3-INA-01A-2008,Bali,T3,20080908,Hard,30,29,3:29,28,1,6,0,0,0,6,7,,not_observable_no_deciding_set_reached_6_all,"6 deciding set(s), none reached 6-6"
2008,2008-W-T3-JPN-01A-2008,Japan Open,T3,20080929,Hard,32,31,3:31,30,1,9,1,0,0,8,7,9:1,deciding_set_tiebreak_at_6_all_length_unknown,1 deciding set(s) ended 7-6; the score string does not say whether the tiebreak was first to 7 or first to 10
2008,2008-W-T3-LUX-01A-2008,Luxembourg,T3,20081020,Hard,32,31,3:31,31,0,10,1,0,0,9,7,4:1,deciding_set_tiebreak_at_6_all_length_unknown,1 deciding set(s) ended 7-6; the score string does not say whether the tiebreak was first to 7 or first to 10
2008,2008-W-T3-MEX-01A-2008,Acapulco,T3,20080225,Clay,32,31,3:31,31,0,9,4,0,0,5,7,2:2|5:1|6:1,deciding_set_tiebreak_at_6_all_length_unknown,4 deciding set(s) ended 7-6; the score string does not say whether the tiebreak was first to 7 or first to 10
2008,2008-W-T3-NED-01A-2008,'s-Hertogenbosch,T3,20080616,Grass,30,29,3:29,28,1,9,2,0,0,7,7,1:1|7:1,deciding_set_tiebreak_at_6_all_length_unknown,2 deciding set(s) ended 7-6; the score string does not say whether the tiebreak was first to 7 or first to 10
2008,2008-W-T3-TUR-01A-2008,Istanbul,T3,20080519,Clay,30,29,3:29,28,1,8,1,0,0,7,7,2:1,deciding_set_tiebreak_at_6_all_length_unknown,1 deciding set(s) ended 7-6; the score string does not say whether the tiebreak was first to 7 or first to 10
2008,2008-W-T3-USA-01A-2008,Memphis,T3,20080225,Hard,32,31,3:31,30,1,14,2,0,0,12,7,3:1|5:1,deciding_set_tiebreak_at_6_all_length_unknown,2 deciding set(s) ended 7-6; the score string does not say whether the tiebreak was first to 7 or first to 10
2008,2008-W-T3-USA-02A-2008,Cincinnati,T3,20080811,Hard,32,31,3:31,29,2,12,1,0,0,11,7,1:1,deciding_set_tiebreak_at_6_all_length_unknown,1 deciding set(s) ended 7-6; the score string does not say whether the tiebreak was first to 7 or first to 10
2008,2008-W-T4-AUS-01A-2008,Hobart,T4,20080107,Hard,32,31,3:31,26,5,7,0,0,0,7,7,,not_observable_no_deciding_set_reached_6_all,"7 deciding set(s), none reached 6-6"
2008,2008-W-T4-CZE-01A-2008,Prague,T4,20080428,Clay,32,31,3:31,30,1,6,0,0,0,6,7,,not_observable_no_deciding_set_reached_6_all,"6 deciding set(s), none reached 6-6"
2008,2008-W-T4-ESP-01A-2008,Barcelona,T4,20080609,Clay,32,31,3:31,28,3,11,1,0,0,10,7,5:1,deciding_set_tiebreak_at_6_all_length_unknown,1 deciding set(s) ended 7-6; the score string does not say whether the tiebreak was first to 7 or first to 10
2008,2008-W-T4-ITA-01A-2008,Palermo,T4,20080707,Clay,32,31,3:31,28,3,10,0,0,0,10,7,,not_observable_no_deciding_set_reached_6_all,"10 deciding set(s), none reached 6-6"
2008,2008-W-T4-KOR-01A-2008,Seoul,T4,20080922,Hard,32,31,3:31,29,2,8,0,0,0,8,7,,not_observable_no_deciding_set_reached_6_all,"8 deciding set(s), none reached 6-6"
2008,2008-W-T4-MAR-01A-2008,Fes,T4,20080428,Clay,32,31,3:31,31,0,8,0,0,0,8,7,,not_observable_no_deciding_set_reached_6_all,"8 deciding set(s), none reached 6-6"
2008,2008-W-T4-NZL-01A-2008,Auckland,T4,20071231,Hard,32,31,3:31,30,1,4,1,0,0,3,7,5:1,deciding_set_tiebreak_at_6_all_length_unknown,1 deciding set(s) ended 7-6; the score string does not say whether the tiebreak was first to 7 or first to 10
2008,2008-W-T4-POR-01A-2008,Estoril,T4,20080414,Clay,32,31,3:31,31,0,11,0,0,0,11,7,,not_observable_no_deciding_set_reached_6_all,"11 deciding set(s), none reached 6-6"
2008,2008-W-T4-SLO-01A-2008,Portoroz,T4,20080721,Hard,32,31,3:31,31,0,10,2,0,0,8,7,3:1|6:1,deciding_set_tiebreak_at_6_all_length_unknown,2 deciding set(s) ended 7-6; the score string does not say whether the tiebreak was first to 7 or first to 10
2008,2008-W-T4-SWE-01A-2008,Stockholm,T4,20080728,Hard,32,31,3:31,30,1,5,0,0,0,5,6,,not_observable_no_deciding_set_reached_6_all,"5 deciding set(s), none reached 6-6"
2008,2008-W-T4-THA-01A-2008,Pattaya,T4,20080204,Hard,32,31,3:31,31,0,6,1,0,0,5,7,4:1,deciding_set_tiebreak_at_6_all_length_unknown,1 deciding set(s) ended 7-6; the score string does not say whether the tiebreak was first to 7 or first to 10
2008,2008-W-T4-USA-01A-2008,Forest Hills,T4,20080818,Hard,16,15,3:15,15,0,4,0,0,0,4,7,,not_observable_no_deciding_set_reached_6_all,"4 deciding set(s), none reached 6-6"
2008,2008-W-T4-UZB-01A-2008,Tashkent,T4,20080929,Hard,32,31,3:31,28,3,10,3,0,0,7,7,3:1|4:2,deciding_set_tiebreak_at_6_all_length_unknown,3 deciding set(s) ended 7-6; the score string does not say whether the tiebreak was first to 7 or first to 10
2008,2008-W-WT-QAT-01A-2008,WTA Tour Championships,F,20081103,Hard,4,15,3:15,15,0,8,0,0,0,8,6,,not_observable_no_deciding_set_reached_6_all,"8 deciding set(s), none reached 6-6"
2009,2009-D001,Fed Cup WG R1: RUS vs CHN,D,20090207,Hard,4,4,3:4,4,0,0,0,0,0,0,0,,not_observable_no_deciding_set_played,no completed match reached a deciding set
2009,2009-D002,Fed Cup WG R1: FRA vs ITA,D,20090207,Hard,4,4,3:4,4,0,2,0,0,1,1,8,,deciding_set_extends_past_6_all_cap_unknown,1 deciding set(s) went past 7 games (longest 8); that rules out a tiebreak at 6-all but does not separate an advantage set from a tiebreak at a later game count
2009,2009-D003,Fed Cup WG R1: USA vs ARG,D,20090207,Hard,4,4,3:4,4,0,1,0,0,0,1,6,,not_observable_no_deciding_set_reached_6_all,"1 deciding set(s), none reached 6-6"
2009,2009-D004,Fed Cup WG R1: CZE vs ESP,D,20090207,Carpet,4,4,3:4,4,0,1,0,0,0,1,6,,not_observable_no_deciding_set_reached_6_all,"1 deciding set(s), none reached 6-6"
2009,2009-D005,Fed Cup WG2 R1: SVK vs BEL,D,20090207,Hard,4,4,3:4,4,0,1,0,0,0,1,6,,not_observable_no_deciding_set_reached_6_all,"1 deciding set(s), none reached 6-6"
2009,2009-D006,Fed Cup WG2 R1: SUI vs GER,D,20090207,Hard,4,4,3:4,4,0,1,0,0,0,1,6,,not_observable_no_deciding_set_reached_6_all,"1 deciding set(s), none reached 6-6"
2009,2009-D007,Fed Cup WG2 R1: SRB vs JPN,D,20090207,Hard,4,4,3:4,4,0,0,0,0,0,0,0,,not_observable_no_deciding_set_played,no completed match reached a deciding set
2009,2009-D008,Fed Cup WG2 R1: UKR vs ISR,D,20090207,Hard,4,4,3:4,4,0,3,0,0,0,3,6,,not_observable_no_deciding_set_reached_6_all,"3 deciding set(s), none reached 6-6"
2009,2009-D009,Fed Cup WG SF: ITA vs RUS,D,20090425,Clay,4,4,3:4,4,0,2,0,0,0,2,6,,not_observable_no_deciding_set_reached_6_all,"2 deciding set(s), none reached 6-6"
2009,2009-D010,Fed Cup WG SF: CZE vs USA,D,20090425,Hard,4,4,3:4,4,0,0,0,0,0,0,0,,not_observable_no_deciding_set_played,no completed match reached a deciding set
2009,2009-D011,Fed Cup WG F: ITA vs USA,D,20091107,Clay,4,3,3:3,3,0,0,0,0,0,0,0,,not_observable_no_deciding_set_played,no completed match reached a deciding set
2009,2009-D012,Fed Cup G1 RRA: UZB vs IND,D,20090206,Hard,4,2,3:2,2,0,0,0,0,0,0,0,,not_observable_no_deciding_set_played,no completed match reached a deciding set
2009,2009-D013,Fed Cup G1 RRA: UZB vs NZL,D,20090205,Hard,4,2,3:2,2,0,1,1,0,0,0,7,4:1,deciding_set_tiebreak_at_6_all_length_unknown,1 deciding set(s) ended 7-6; the score string does not say whether the tiebreak was first to 7 or first to 10
2009,2009-D014,Fed Cup G1 RRA: UZB vs INA,D,20090204,Hard,4,2,3:2,2,0,2,0,0,0,2,6,,not_observable_no_deciding_set_reached_6_all,"2 deciding set(s), none reached 6-6"
2009,2009-D015,Fed Cup G1 RRA: IND vs NZL,D,20090204,Hard,4,2,3:2,2,0,0,0,0,0,0,0,,not_observable_no_deciding_set_played,no completed match reached a deciding set
2009,2009-D016,Fed Cup G1 RRA: IND vs INA,D,20090205,Hard,4,2,3:2,2,0,1,0,0,0,1,6,,not_observable_no_deciding_set_reached_6_all,"1 deciding set(s), none reached 6-6"
2009,2009-D017,Fed Cup G1 RRA: NZL vs INA,D,20090206,Hard,4,2,3:2,2,0,0,0,0,0,0,0,,not_observable_no_deciding_set_played,no completed match reached a deciding set
2009,2009-D018,Fed Cup G1 RRB: AUS vs TPE,D,20090206,Hard,4,2,3:2,2,0,0,0,0,0,0,0,,not_observable_no_deciding_set_played,no completed match reached a deciding set
2009,2009-D019,Fed Cup G1 RRB: TPE vs KOR,D,20090205,Hard,4,2,3:2,2,0,1,0,0,0,1,7,,not_observable_no_deciding_set_reached_6_all,"1 deciding set(s), none reached 6-6"
2009,2009-D020,Fed Cup G1 RRB: TPE vs THA,D,20090204,Hard,4,2,3:2,2,0,0,0,0,0,0,0,,not_observable_no_deciding_set_played,no completed match reached a deciding set
2009,2009-D021,Fed Cup G1 RRB: AUS vs KOR,D,20090204,Hard,4,2,3:2,2,0,0,0,0,0,0,0,,not_observable_no_deciding_set_played,no completed match reached a deciding set
2009,2009-D022,Fed Cup G1 RRB: AUS vs THA,D,20090205,Hard,4,2,3:2,2,0,1,0,0,0,1,6,,not_observable_no_deciding_set_reached_6_all,"1 deciding set(s), none reached 6-6"
2009,2009-D023,Fed Cup G1 RRB: KOR vs THA,D,20090206,Hard,4,2,3:2,2,0,0,0,0,0,0,0,,not_observable_no_deciding_set_played,no completed match reached a deciding set
2009,2009-D024,Fed Cup G2 RRA: HKG vs KAZ,D,20090206,Hard,4,2,3:2,2,0,0,0,0,0,0,0,,not_observable_no_deciding_set_played,no completed match reached a deciding set
2009,2009-D025,Fed Cup G2 RRA: HKG vs SIN,D,20090205,Hard,4,2,3:2,2,0,0,0,0,0,0,0,,not_observable_no_deciding_set_played,no completed match reached a deciding set
2009,2009-D026,Fed Cup G2 RRA: HKG vs IRI,D,20090204,Hard,4,2,3:2,2,0,0,0,0,0,0,0,,not_observable_no_deciding_set_played,no completed match reached a deciding set
2009,2009-D027,Fed Cup G2 RRA: KAZ vs SIN,D,20090204,Hard,4,2,3:2,2,0,0,0,0,0,0,0,,not_observable_no_deciding_set_played,no completed match reached a deciding set
2009,2009-D028,Fed Cup G2 RRA: KAZ vs IRI,D,20090205,Hard,4,2,3:2,2,0,0,0,0,0,0,0,,not_observable_no_deciding_set_played,no completed match reached a deciding set
2009,2009-D029,Fed Cup G2 RRA: SIN vs IRI,D,20090206,Hard,4,2,3:2,2,0,0,0,0,0,0,0,,not_observable_no_deciding_set_played,no completed match reached a deciding set
2009,2009-D030,Fed Cup G1 RRA: NED vs HUN,D,20090206,Hard,4,2,3:2,2,0,0,0,0,0,0,0,,not_observable_no_deciding_set_played,no completed match reached a deciding set
2009,2009-D031,Fed Cup G1 RRA: NED vs GBR,D,20090205,Hard,4,2,3:2,2,0,0,0,0,0,0,0,,not_observable_no_deciding_set_played,no completed match reached a deciding set
2009,2009-D032,Fed Cup G1 RRA: NED vs LUX,D,20090204,Hard,4,2,3:2,2,0,1,0,0,0,1,6,,not_observable_no_deciding_set_reached_6_all,"1 deciding set(s), none reached 6-6"
2009,2009-D033,Fed Cup G1 RRA: HUN vs GBR,D,20090204,Hard,4,2,3:2,2,0,0,0,0,0,0,0,,not_observable_no_deciding_set_played,no completed match reached a deciding set
2009,2009-D034,Fed Cup G1 RRA: HUN vs LUX,D,20090205,Hard,4,2,3:2,2,0,0,0,0,0,0,0,,not_observable_no_deciding_set_played,no completed match reached a deciding set
2009,2009-D035,Fed Cup G1 RRA: GBR vs LUX,D,20090206,Hard,4,2,3:2,2,0,0,0,0,0,0,0,,not_observable_no_deciding_set_played,no completed match reached a deciding set
2009,2009-D036,Fed Cup G1 RRB: SWE vs ROU,D,20090206,Hard,4,2,3:2,2,0,2,0,0,0,2,7,,not_observable_no_deciding_set_reached_6_all,"2 deciding set(s), none reached 6-6"
2009,2009-D037,Fed Cup G1 RRB: SWE vs BIH,D,20090204,Hard,4,2,3:2,2,0,0,0,0,0,0,0,,not_observable_no_deciding_set_played,no completed match reached a deciding set
2009,2009-D038,Fed Cup G1 RRB: SWE vs POL,D,20090205,Hard,4,2,3:2,2,0,1,0,0,0,1,6,,not_observable_no_deciding_set_reached_6_all,"1 deciding set(s), none reached 6-6"
2009,2009-D039,Fed Cup G1 RRB: ROU vs BIH,D,20090205,Hard,4,2,3:2,2,0,0,0,0,0,0,0,,not_observable_no_deciding_set_played,no completed match reached a deciding set
2009,2009-D040,Fed Cup G1 RRB: ROU vs POL,D,20090204,Hard,4,2,3:2,2,0,0,0,0,0,0,0,,not_observable_no_deciding_set_played,no completed match reached a deciding set
2009,2009-D041,Fed Cup G1 RRB: BIH vs POL,D,20090206,Hard,4,2,3:2,2,0,1,1,0,0,0,7,5:1,deciding_set_tiebreak_at_6_all_length_unknown,1 deciding set(s) ended 7-6; the score string does not say whether the tiebreak was first to 7 or first to 10
2009,2009-D042,Fed Cup G1 RRC: AUT vs BLR,D,20090206,Hard,4,2,3:2,2,0,0,0,0,0,0,0,,not_observable_no_deciding_set_played,no completed match reached a deciding set
2009,2009-D043,Fed Cup G1 RRC: AUT vs SLO,D,20090204,Hard,4,2,3:2,2,0,1,0,0,0,1,6,,not_observable_no_deciding_set_reached_6_all,"1 deciding set(s), none reached 6-6"
2009,2009-D044,Fed Cup G1 RRC: AUT vs DEN,D,20090205,Hard,4,2,3:2,2,0,0,0,0,0,0,0,,not_observable_no_deciding_set_played,no completed match reached a deciding set
2009,2009-D045,Fed Cup G1 RRC: BLR vs SLO,D,20090205,Hard,4,2,3:2,2,0,0,0,0,0,0,0,,not_observable_no_deciding_set_played,no completed match reached a deciding set
2009,2009-D046,Fed Cup G1 RRC: BLR vs DEN,D,20090204,Hard,4,2,3:2,2,0,0,0,0,0,0,0,,not_observable_no_deciding_set_played,no completed match reached a deciding set
2009,2009-D047,Fed Cup G1 RRC: SLO vs DEN,D,20090206,Hard,4,2,3:2,2,0,0,0,0,0,0,0,,not_observable_no_deciding_set_played,no completed match reached a deciding set
2009,2009-D048,Fed Cup G1 RRD: CRO vs BUL,D,20090206,Hard,4,2,3:2,2,0,0,0,0,0,0,0,,not_observable_no_deciding_set_played,no completed match reached a deciding set
2009,2009-D049,Fed Cup G1 RRD: EST vs CRO,D,20090205,Hard,4,2,3:2,2,0,1,0,0,0,1,6,,not_observable_no_deciding_set_reached_6_all,"1 deciding set(s), none reached 6-6"
2009,2009-D050,Fed Cup G1 RRD: EST vs BUL,D,20090204,Hard,4,2,3:2,2,0,0,0,0,0,0,0,,not_observable_no_deciding_set_played,no completed match reached a deciding set
2009,2009-D051,Fed Cup G1 RRA: BAH vs PUR,D,20090204,Hard,4,2,3:2,2,0,1,0,0,0,1,7,,not_observable_no_deciding_set_reached_6_all,"1 deciding set(s), none reached 6-6"
2009,2009-D052,Fed Cup G1 RRA: CAN vs BAH,D,20090205,Hard,4,2,3:2,2,0,0,0,0,0,0,0,,not_observable_no_deciding_set_played,no completed match reached a deciding set
2009,2009-D053,Fed Cup G1 RRA: CAN vs PUR,D,20090206,Hard,4,2,3:2,2,0,0,0,0,0,0,0,,not_observable_no_deciding_set_played,no completed match reached a deciding set
2009,2009-D054,Fed Cup G1 RRB: COL vs BRA,D,20090205,Hard,4,2,3:2,2,0,0,0,0,0,0,0,,not_observable_no_deciding_set_played,no completed match reached a deciding set
2009,2009-D055,Fed Cup G1 RRB: COL vs PAR,D,20090206,Hard,4,2,3:2,2,0,1,0,0,0,1,6,,not_observable_no_deciding_set_reached_6_all,"1 deciding set(s), none reached 6-6"
2009,2009-D056,Fed Cup G1 RRB: BRA vs PAR,D,20090204,Hard,4,2,3:2,2,0,2,0,0,0,2,6,,not_observable_no_deciding_set_reached_6_all,"2 deciding set(s), none reached 6-6"
2009,2009-D057,Fed Cup G1 PO: AUS vs NZL,D,20090207,Hard,4,2,3:2,2,0,0,0,0,0,0,0,,not_observable_no_deciding_set_played,no completed match reached a deciding set
2009,2009-D058,Fed Cup G1 PO: INA vs THA,D,20090207,Hard,4,2,3:1|5:1,1,1,1,0,0,0,1,6,,not_observable_no_deciding_set_reached_6_all,"1 deciding set(s), none reached 6-6"
2009,2009-D059,Fed Cup G1 PO: UZB vs KOR,D,20090207,Hard,4,2,3:2,2,0,1,0,0,0,1,6,,not_observable_no_deciding_set_reached_6_all,"1 deciding set(s), none reached 6-6"
2009,2009-D060,Fed Cup G1 PO: IND vs TPE,D,20090207,Hard,4,2,3:2,2,0,0,0,0,0,0,0,,not_observable_no_deciding_set_played,no completed match reached a deciding set
2009,2009-D061,Fed Cup G1 PO: EST vs BLR,D,20090207,Hard,4,2,3:2,2,0,1,0,0,0,1,6,,not_observable_no_deciding_set_reached_6_all,"1 deciding set(s), none reached 6-6"
2009,2009-D062,Fed Cup G1 PO: GBR vs POL,D,20090207,Hard,4,2,3:2,2,0,0,0,0,0,0,0,,not_observable_no_deciding_set_played,no completed match reached a deciding set
2009,2009-D063,Fed Cup G1 PO: AUT vs LUX,D,20090207,Hard,4,2,3:2,2,0,2,0,0,0,2,6,,not_observable_no_deciding_set_reached_6_all,"2 deciding set(s), none reached 6-6"
2009,2009-D064,Fed Cup G1 PO: BIH vs BUL,D,20090207,Hard,4,2,3:2,2,0,1,0,0,0,1,6,,not_observable_no_deciding_set_reached_6_all,"1 deciding set(s), none reached 6-6"
2009,2009-D065,Fed Cup G1 PO: HUN vs SWE,D,20090207,Hard,4,2,3:2,2,0,0,0,0,0,0,0,,not_observable_no_deciding_set_played,no completed match reached a deciding set
2009,2009-D066,Fed Cup G1 PO: CRO vs DEN,D,20090207,Hard,4,2,3:2,2,0,1,0,0,0,1,6,,not_observable_no_deciding_set_reached_6_all,"1 deciding set(s), none reached 6-6"
2009,2009-D067,Fed Cup G1 PO: CAN vs PAR,D,20090207,Hard,4,2,3:2,2,0,0,0,0,0,0,0,,not_observable_no_deciding_set_played,no completed match reached a deciding set
2009,2009-D068,Fed Cup G1 PO: PUR vs BRA,D,20090207,Hard,4,2,3:2,2,0,1,0,0,0,1,6,,not_observable_no_deciding_set_reached_6_all,"1 deciding set(s), none reached 6-6"
2009,2009-D069,Fed Cup G1 PO: COL vs BAH,D,20090207,Hard,4,2,3:2,2,0,0,0,0,0,0,0,,not_observable_no_deciding_set_played,no completed match reached a deciding set
2009,2009-D070,Fed Cup WG PO: ESP vs SRB,D,20090425,Clay,4,4,3:4,4,0,3,1,0,0,2,7,0:1,deciding_set_tiebreak_at_6_all_length_unknown,1 deciding set(s) ended 7-6; the score string does not say whether the tiebreak was first to 7 or first to 10
2009,2009-D071,Fed Cup WG PO: FRA vs SVK,D,20090425,Clay,4,4,3:4,4,0,3,0,0,0,3,6,,not_observable_no_deciding_set_reached_6_all,"3 deciding set(s), none reached 6-6"
2009,2009-D072,Fed Cup WG PO: GER vs CHN,D,20090425,Clay,4,4,3:4,4,0,3,0,0,0,3,7,,not_observable_no_deciding_set_reached_6_all,"3 deciding set(s), none reached 6-6"
2009,2009-D073,Fed Cup WG PO: ARG vs UKR,D,20090425,Clay,4,4,3:4,4,0,1,0,0,0,1,6,,not_observable_no_deciding_set_reached_6_all,"1 deciding set(s), none reached 6-6"
2009,2009-D074,Fed Cup WG2 PO: BEL vs CAN,D,20090425,Clay,4,4,3:4,4,0,1,0,0,0,1,6,,not_observable_no_deciding_set_reached_6_all,"1 deciding set(s), none reached 6-6"
2009,2009-D075,Fed Cup WG2 PO: EST vs ISR,D,20090425,Hard,4,4,3:4,4,0,1,0,0,0,1,6,,not_observable_no_deciding_set_reached_6_all,"1 deciding set(s), none reached 6-6"
2009,2009-D076,Fed Cup WG2 PO: POL vs JPN,D,20090425,Clay,4,4,3:4,4,0,0,0,0,0,0,0,,not_observable_no_deciding_set_played,no completed match reached a deciding set
2009,2009-D077,Fed Cup WG2 PO: AUS vs SUI,D,20090425,Grass,4,4,3:4,4,0,2,0,0,0,2,6,,not_observable_no_deciding_set_reached_6_all,"2 deciding set(s), none reached 6-6"
2009,2009-D078,Fed Cup G3 RRA: GRE vs FIN,D,20090425,Hard,4,2,3:2,2,0,1,0,0,0,1,7,,not_observable_no_deciding_set_reached_6_all,"1 deciding set(s), none reached 6-6"
2009,2009-D079,Fed Cup G3 RRA: GRE vs IRL,D,20090422,Hard,4,2,3:2,2,0,0,0,0,0,0,0,,not_observable_no_deciding_set_played,no completed match reached a deciding set
2009,2009-D080,Fed Cup G3 RRA: GRE vs ALG,D,20090423,Hard,4,2,3:2,2,0,0,0,0,0,0,0,,not_observable_no_deciding_set_played,no completed match reached a deciding set
2009,2009-D081,Fed Cup G3 RRA: MLT vs GRE,D,20090424,Hard,4,2,3:2,2,0,1,0,0,0,1,6,,not_observable_no_deciding_set_reached_6_all,"1 deciding set(s), none reached 6-6"
2009,2009-D082,Fed Cup G3 RRA: FIN vs IRL,D,20090423,Hard,4,2,3:2,2,0,0,0,0,0,0,0,,not_observable_no_deciding_set_played,no completed match reached a deciding set
2009,2009-D083,Fed Cup G3 RRA: FIN vs ALG,D,20090424,Hard,4,2,3:2,2,0,0,0,0,0,0,0,,not_observable_no_deciding_set_played,no completed match reached a deciding set
2009,2009-D084,Fed Cup G3 RRA: MLT vs FIN,D,20090421,Hard,4,2,3:2,2,0,1,0,0,0,1,6,,not_observable_no_deciding_set_reached_6_all,"1 deciding set(s), none reached 6-6"
2009,2009-D085,Fed Cup G3 RRA: IRL vs ALG,D,20090421,Hard,4,2,3:2,2,0,1,0,0,0,1,6,,not_observable_no_deciding_set_reached_6_all,"1 deciding set(s), none reached 6-6"
2009,2009-D086,Fed Cup G3 RRA: MLT vs IRL,D,20090425,Hard,4,2,3:2,2,0,0,0,0,0,0,0,,not_observable_no_deciding_set_played,no completed match reached a deciding set
2009,2009-D087,Fed Cup G3 RRA: MLT vs ALG,D,20090422,Hard,4,2,3:2,2,0,1,0,0,0,1,6,,not_observable_no_deciding_set_reached_6_all,"1 deciding set(s), none reached 6-6"
2009,2009-D088,Fed Cup G3 RRB: NOR vs EGY,D,20090425,Hard,4,2,3:2,2,0,0,0,0,0,0,0,,not_observable_no_deciding_set_played,no completed match reached a deciding set
2009,2009-D089,Fed Cup G3 RRB: NOR vs ARM,D,20090423,Hard,4,2,3:2,2,0,0,0,0,0,0,0,,not_observable_no_deciding_set_played,no completed match reached a deciding set
2009,2009-D090,Fed Cup G3 RRB: NOR vs LIE,D,20090421,Hard,4,2,3:2,2,0,0,0,0,0,0,0,,not_observable_no_deciding_set_played,no completed match reached a deciding set
2009,2009-D091,Fed Cup G3 RRB: NOR vs ISL,D,20090422,Hard,4,2,3:2,2,0,0,0,0,0,0,0,,not_observable_no_deciding_set_played,no completed match reached a deciding set
2009,2009-D092,Fed Cup G3 RRB: NOR vs MDA,D,20090424,Hard,4,2,3:2,2,0,0,0,0,0,0,0,,not_observable_no_deciding_set_played,no completed match reached a deciding set
2009,2009-D093,Fed Cup G3 RRB: EGY vs ARM,D,20090424,Hard,4,2,3:2,2,0,0,0,0,0,0,0,,not_observable_no_deciding_set_played,no completed match reached a deciding set
2009,2009-D094,Fed Cup G3 RRB: EGY vs LIE,D,20090423,Hard,4,2,3:2,2,0,0,0,0,0,0,0,,not_observable_no_deciding_set_played,no completed match reached a deciding set
2009,2009-D095,Fed Cup G3 RRB: EGY vs ISL,D,20090421,Hard,4,2,3:2,2,0,0,0,0,0,0,0,,not_observable_no_deciding_set_played,no completed match reached a deciding set
2009,2009-D096,Fed Cup G3 RRB: EGY vs MDA,D,20090422,Hard,4,2,3:2,2,0,0,0,0,0,0,0,,not_observable_no_deciding_set_played,no completed match reached a deciding set
2009,2009-D097,Fed Cup G3 RRB: ARM vs LIE,D,20090422,Hard,4,2,3:2,2,0,1,0,0,0,1,6,,not_observable_no_deciding_set_reached_6_all,"1 deciding set(s), none reached 6-6"
2009,2009-D098,Fed Cup G3 RRB: ARM vs ISL,D,20090425,Hard,4,2,3:2,2,0,0,0,0,0,0,0,,not_observable_no_deciding_set_played,no completed match reached a deciding set
2009,2009-D099,Fed Cup G3 RRB: ARM vs MDA,D,20090421,Hard,4,2,3:2,2,0,2,0,0,0,2,7,,not_observable_no_deciding_set_reached_6_all,"2 deciding set(s), none reached 6-6"
2009,2009-D100,Fed Cup G3 RRB: LIE vs ISL,D,20090424,Hard,4,2,3:2,2,0,0,0,0,0,0,0,,not_observable_no_deciding_set_played,no completed match reached a deciding set
2009,2009-D101,Fed Cup G3 RRB: LIE vs MDA,D,20090425,Hard,4,2,3:2,2,0,0,0,0,0,0,0,,not_observable_no_deciding_set_played,no completed match reached a deciding set
2009,2009-D102,Fed Cup G3 RRB: ISL vs MDA,D,20090423,Hard,4,2,3:2,2,0,0,0,0,0,0,0,,not_observable_no_deciding_set_played,no completed match reached a deciding set
2009,2009-D103,Fed Cup G2 RRA: POR vs LAT,D,20090424,Hard,4,2,3:2,2,0,0,0,0,0,0,0,,not_observable_no_deciding_set_played,no completed match reached a deciding set
2009,2009-D104,Fed Cup G2 RRA: POR vs MAR,D,20090422,Hard,4,2,3:2,2,0,0,0,0,0,0,0,,not_observable_no_deciding_set_played,no completed match reached a deciding set
2009,2009-D105,Fed Cup G2 RRA: LAT vs MAR,D,20090423,Hard,4,2,3:2,2,0,1,0,0,0,1,6,,not_observable_no_deciding_set_reached_6_all,"1 deciding set(s), none reached 6-6"
2009,2009-D106,Fed Cup G2 RRB: TUR vs GEO,D,20090423,Hard,4,2,3:2,2,0,0,0,0,0,0,0,,not_observable_no_deciding_set_played,no completed match reached a deciding set
2009,2009-D107,Fed Cup G2 RRB: GEO vs RSA,D,20090424,Hard,4,2,3:2,2,0,1,0,0,0,1,6,,not_observable_no_deciding_set_reached_6_all,"1 deciding set(s), none reached 6-6"
2009,2009-D108,Fed Cup G2 RRB: TUR vs RSA,D,20090422,Hard,4,2,3:2,2,0,2,0,0,0,2,6,,not_observable_no_deciding_set_reached_6_all,"2 deciding set(s), none reached 6-6"
2009,2009-D109,Fed Cup G2 RRA: CHI vs MEX,D,20090425,Hard,4,2,3:2,2,0,1,0,0,0,1,6,,not_observable_no_deciding_set_reached_6_all,"1 deciding set(s), none reached 6-6"
2009,2009-D110,Fed Cup G2 RRA: CHI vs PAN,D,20090423,Hard,4,2,3:2,2,0,0,0,0,0,0,0,,not_observable_no_deciding_set_played,no completed match reached a deciding set
2009,2009-D111,Fed Cup G2 RRA: CHI vs PER,D,20090424,Hard,4,2,3:2,2,0,0,0,0,0,0,0,,not_observable_no_deciding_set_played,no completed match reached a deciding set
2009,2009-D112,Fed Cup G2 RRA: MEX vs PAN,D,20090424,Hard,4,2,3:2,2,0,0,0,0,0,0,0,,not_observable_no_deciding_set_played,no completed match reached a deciding set
2009,2009-D113,Fed Cup G2 RRA: MEX vs PER,D,20090423,Hard,4,2,3:2,2,0,0,0,0,0,0,0,,not_observable_no_deciding_set_played,no completed match reached a deciding set
2009,2009-D114,Fed Cup G2 RRA: PAN vs PER,D,20090425,Hard,4,2,3:2,2,0,0,0,0,0,0,0,,not_observable_no_deciding_set_played,no completed match reached a deciding set
2009,2009-D115,Fed Cup G2 RRB: DOM vs BOL,D,20090425,Hard,4,2,3:2,2,0,0,0,0,0,0,0,,not_observable_no_deciding_set_played,no completed match reached a deciding set
2009,2009-D116,Fed Cup G2 RRB: BOL vs GUA,D,20090424,Hard,4,2,3:2,2,0,2,0,0,0,2,6,,not_observable_no_deciding_set_reached_6_all,"2 deciding set(s), none reached 6-6"
2009,2009-D117,Fed Cup G2 RRB: BOL vs CUB,D,20090423,Hard,4,2,3:2,2,0,0,0,0,0,0,0,,not_observable_no_deciding_set_played,no completed match reached a deciding set
2009,2009-D118,Fed Cup G2 RRB: BOL vs TRI,D,20090422,Hard,4,2,3:2,2,0,0,0,0,0,0,0,,not_observable_no_deciding_set_played,no completed match reached a deciding set
2009,2009-D119,Fed Cup G2 RRB: DOM vs GUA,D,20090421,Hard,4,2,3:2,2,0,0,0,0,0,0,0,,not_observable_no_deciding_set_played,no completed match reached a deciding set
2009,2009-D120,Fed Cup G2 RRB: DOM vs CUB,D,20090422,Hard,4,2,3:2,2,0,1,0,0,0,1,6,,not_observable_no_deciding_set_reached_6_all,"1 deciding set(s), none reached 6-6"
2009,2009-D121,Fed Cup G2 RRB: DOM vs TRI,D,20090424,Hard,4,2,3:2,2,0,0,0,0,0,0,0,,not_observable_no_deciding_set_played,no completed match reached a deciding set
2009,2009-D122,Fed Cup G2 RRB: GUA vs CUB,D,20090425,Hard,4,2,3:2,2,0,0,0,0,0,0,0,,not_observable_no_deciding_set_played,no completed match reached a deciding set
2009,2009-D123,Fed Cup G2 RRB: GUA vs TRI,D,20090423,Hard,4,2,3:2,2,0,0,0,0,0,0,0,,not_observable_no_deciding_set_played,no completed match reached a deciding set
2009,2009-D124,Fed Cup G2 RRB: CUB vs TRI,D,20090421,Hard,4,2,3:2,2,0,0,0,0,0,0,0,,not_observable_no_deciding_set_played,no completed match reached a deciding set
2009,2009-D125,Fed Cup G2 PO: LAT vs GEO,D,20090425,Hard,4,2,3:2,2,0,1,0,0,0,1,6,,not_observable_no_deciding_set_reached_6_all,"1 deciding set(s), none reached 6-6"
2009,2009-D126,Fed Cup G2 PO: RSA vs POR,D,20090425,Hard,4,2,3:2,2,0,0,0,0,0,0,0,,not_observable_no_deciding_set_played,no completed match reached a deciding set
2009,2009-W-CHA-INA-01A-2009,Tournament of Champions,F,20091102,Hard,4,15,3:15,14,1,5,0,0,0,5,7,,not_observable_no_deciding_set_reached_6_all,"5 deciding set(s), none reached 6-6"
2009,2009-W-INT-AUS-01A-2009,Brisbane,I,20090105,Hard,32,31,3:31,30,1,11,2,0,0,9,7,3:1|11:1,deciding_set_tiebreak_at_6_all_length_unknown,2 deciding set(s) ended 7-6; the score string does not say whether the tiebreak was first to 7 or first to 10
2009,2009-W-INT-AUS-02A-2009,Hobart,I,20090112,Hard,32,31,3:31,30,1,9,1,0,0,8,7,7:1,deciding_set_tiebreak_at_6_all_length_unknown,1 deciding set(s) ended 7-6; the score string does not say whether the tiebreak was first to 7 or first to 10
2009,2009-W-INT-AUT-01A-2009,Bad Gastein,I,20090720,Clay,32,31,3:31,30,1,12,0,0,0,12,6,,not_observable_no_deciding_set_reached_6_all,"12 deciding set(s), none reached 6-6"
2009,2009-W-INT-AUT-02A-2009,Linz,I,20091012,Hard,32,31,3:31,31,0,6,0,0,0,6,7,,not_observable_no_deciding_set_reached_6_all,"6 deciding set(s), none reached 6-6"
2009,2009-W-INT-CAN-01A-2009,Quebec City,I,20090914,Hard,32,31,3:31,29,2,3,0,0,0,3,7,,not_observable_no_deciding_set_reached_6_all,"3 deciding set(s), none reached 6-6"
2009,2009-W-INT-CHN-01A-2009,Guangzhou,I,20090914,Hard,32,31,3:31,30,1,9,2,0,0,7,7,2:1|7:1,deciding_set_tiebreak_at_6_all_length_unknown,2 deciding set(s) ended 7-6; the score string does not say whether the tiebreak was first to 7 or first to 10
2009,2009-W-INT-COL-01A-2009,Bogota,I,20090216,Clay,32,31,3:31,30,1,10,3,0,0,7,7,3:1|4:1|5:1,deciding_set_tiebreak_at_6_all_length_unknown,3 deciding set(s) ended 7-6; the score string does not say whether the tiebreak was first to 7 or first to 10
2009,2009-W-INT-CZE-01A-2009,Prague,I,20090713,Clay,32,31,3:31,31,0,8,0,0,0,8,7,,not_observable_no_deciding_set_reached_6_all,"8 deciding set(s), none reached 6-6"
2009,2009-W-INT-ESP-01A-2009,Marbella,I,20090406,Clay,32,31,3:31,31,0,16,1,0,0,15,7,6:1,deciding_set_tiebreak_at_6_all_length_unknown,1 deciding set(s) ended 7-6; the score string does not say whether the tiebreak was first to 7 or first to 10
2009,2009-W-INT-ESP-02A-2009,Barcelona,I,20090413,Clay,32,31,3:31,30,1,10,0,0,0,10,6,,not_observable_no_deciding_set_reached_6_all,"10 deciding set(s), none reached 6-6"
2009,2009-W-INT-FRA-01A-2009,Strasbourg,I,20090518,Clay,32,31,3:31,29,2,13,0,0,0,13,6,,not_observable_no_deciding_set_reached_6_all,"13 deciding set(s), none reached 6-6"
2009,2009-W-INT-GBR-01A-2009,Birmingham,I,20090608,Grass,56,55,3:55,55,0,18,2,0,0,16,7,3:1|5:1,deciding_set_tiebreak_at_6_all_length_unknown,2 deciding set(s) ended 7-6; the score string does not say whether the tiebreak was first to 7 or first to 10
2009,2009-W-INT-HUN-01A-2009,Budapest,I,20090706,Clay,32,31,3:31,31,0,12,0,0,0,12,7,,not_observable_no_deciding_set_reached_6_all,"12 deciding set(s), none reached 6-6"
2009,2009-W-INT-ITA-01A-2009,Palermo,I,20090713,Clay,32,31,3:31,29,2,4,1,0,0,3,7,3:1,deciding_set_tiebreak_at_6_all_length_unknown,1 deciding set(s) ended 7-6; the score string does not say whether the tiebreak was first to 7 or first to 10
2009,2009-W-INT-JPN-01A-2009,Osaka,I,20091012,Hard,32,31,3:31,28,3,10,0,0,0,10,7,,not_observable_no_deciding_set_reached_6_all,"10 deciding set(s), none reached 6-6"
2009,2009-W-INT-KOR-01A-2009,Seoul,I,20090921,Hard,32,31,3:31,30,1,11,0,0,0,11,7,,not_observable_no_deciding_set_reached_6_all,"11 deciding set(s), none reached 6-6"
2009,2009-W-INT-LUX-01A-2009,Luxembourg,I,20091019,Hard,32,31,3:31,30,1,10,2,0,0,8,7,5:1|6:1,deciding_set_tiebreak_at_6_all_length_unknown,2 deciding set(s) ended 7-6; the score string does not say whether the tiebreak was first to 7 or first to 10
2009,2009-W-INT-MAR-01A-2009,Fes,I,20090427,Clay,32,31,3:31,29,2,7,0,0,0,7,6,,not_observable_no_deciding_set_reached_6_all,"7 deciding set(s), none reached 6-6"
2009,2009-W-INT-MEX-01A-2009,Acapulco,I,20090223,Clay,32,31,3:31,30,1,11,1,0,0,10,7,3:1,deciding_set_tiebreak_at_6_all_length_unknown,1 deciding set(s) ended 7-6; the score string does not say whether the tiebreak was first to 7 or first to 10
2009,2009-W-INT-MEX-02A-2009,Monterrey,I,20090302,Hard,32,31,3:31,30,1,7,1,0,0,6,7,4:1,deciding_set_tiebreak_at_6_all_length_unknown,1 deciding set(s) ended 7-6; the score string does not say whether the tiebreak was first to 7 or first to 10
2009,2009-W-INT-NED-01A-2009,'s-Hertogenbosch,I,20090615,Grass,32,31,3:31,31,0,9,0,0,0,9,6,,not_observable_no_deciding_set_reached_6_all,"9 deciding set(s), none reached 6-6"
2009,2009-W-INT-NZL-01A-2009,Auckland,I,20090105,Hard,32,31,3:31,30,1,9,0,0,0,9,7,,not_observable_no_deciding_set_reached_6_all,"9 deciding set(s), none reached 6-6"
2009,2009-W-INT-POR-01A-2009,Estoril,I,20090504,Clay,32,31,3:31,29,2,11,1,0,0,10,7,1:1,deciding_set_tiebreak_at_6_all_length_unknown,1 deciding set(s) ended 7-6; the score string does not say whether the tiebreak was first to 7 or first to 10
2009,2009-W-INT-SLO-01A-2009,Portoroz,I,20090720,Hard,32,31,3:31,30,1,8,2,0,0,6,7,4:1|6:1,deciding_set_tiebreak_at_6_all_length_unknown,2 deciding set(s) ended 7-6; the score string does not say whether the tiebreak was first to 7 or first to 10
2009,2009-W-INT-SWE-01A-2009,Bastad,I,20090706,Clay,32,31,3:31,30,1,9,2,0,0,7,7,5:1|6:1,deciding_set_tiebreak_at_6_all_length_unknown,2 deciding set(s) ended 7-6; the score string does not say whether the tiebreak was first to 7 or first to 10
2009,2009-W-INT-THA-01A-2009,Pattaya,I,20090209,Hard,32,31,3:31,29,2,8,0,0,0,8,6,,not_observable_no_deciding_set_reached_6_all,"8 deciding set(s), none reached 6-6"
2009,2009-W-INT-TUR-01A-2009,Istanbul,I,20090727,Hard,32,31,3:31,30,1,13,0,0,0,13,7,,not_observable_no_deciding_set_reached_6_all,"13 deciding set(s), none reached 6-6"
2009,2009-W-INT-USA-01A-2009,Memphis,I,20090216,Hard,32,31,3:31,31,0,11,4,0,0,7,7,0:1|1:1|3:1|5:1,deciding_set_tiebreak_at_6_all_length_unknown,4 deciding set(s) ended 7-6; the score string does not say whether the tiebreak was first to 7 or first to 10
2009,2009-W-INT-USA-02A-2009,Ponte Vedra Beach,I,20090406,Clay,32,31,3:31,31,0,15,4,0,0,11,7,4:1|5:2|7:1,deciding_set_tiebreak_at_6_all_length_unknown,4 deciding set(s) ended 7-6; the score string does not say whether the tiebreak was first to 7 or first to 10
2009,2009-W-INT-UZB-01A-2009,Tashkent,I,20090921,Hard,32,31,3:31,31,0,7,2,0,0,5,7,4:1|9:1,deciding_set_tiebreak_at_6_all_length_unknown,2 deciding set(s) ended 7-6; the score string does not say whether the tiebreak was first to 7 or first to 10
2009,2009-W-PM-CHN-01A-2009,Beijing,PM,20091005,Hard,60,59,3:59,58,1,21,3,0,0,18,7,2:1|5:2,deciding_set_tiebreak_at_6_all_length_unknown,3 deciding set(s) ended 7-6; the score string does not say whether the tiebreak was first to 7 or first to 10
2009,2009-W-PM-ESP-01A-2009,Madrid,PM,20090511,Clay,60,59,3:59,54,5,17,3,0,0,14,7,4:1|5:2,deciding_set_tiebreak_at_6_all_length_unknown,3 deciding set(s) ended 7-6; the score string does not say whether the tiebreak was first to 7 or first to 10
2009,2009-W-PM-USA-01A-2009,Indian Wells,PM,20090309,Hard,96,95,3:95,91,4,20,1,0,0,19,7,4:1,deciding_set_tiebreak_at_6_all_length_unknown,1 deciding set(s) ended 7-6; the score string does not say whether the tiebreak was first to 7 or first to 10
2009,2009-W-PM-USA-02A-2009,Miami,PM,20090323,Hard,96,95,3:95,93,2,31,4,0,0,27,7,3:2|4:1|8:1,deciding_set_tiebreak_at_6_all_length_unknown,4 deciding set(s) ended 7-6; the score string does not say whether the tiebreak was first to 7 or first to 10
2009,2009-W-PR-AUS-01A-2009,Sydney,P,20090112,Hard,32,31,3:31,29,2,8,2,0,0,6,7,3:2,deciding_set_tiebreak_at_6_all_length_unknown,2 deciding set(s) ended 7-6; the score string does not say whether the tiebreak was first to 7 or first to 10
2009,2009-W-PR-CAN-01A-2009,Toronto,P,20090817,Hard,56,55,3:55,55,0,16,3,0,0,13,7,4:2|6:1,deciding_set_tiebreak_at_6_all_length_unknown,3 deciding set(s) ended 7-6; the score string does not say whether the tiebreak was first to 7 or first to 10
2009,2009-W-PR-FRA-01A-2009,Paris,P,20090209,Carpet,32,31,3:31,30,1,10,0,0,0,10,7,,not_observable_no_deciding_set_reached_6_all,"10 deciding set(s), none reached 6-6"
2009,2009-W-PR-GBR-01A-2009,Eastbourne,P,20090615,Grass,32,31,3:31,28,3,8,1,0,0,7,7,4:1,deciding_set_tiebreak_at_6_all_length_unknown,1 deciding set(s) ended 7-6; the score string does not say whether the tiebreak was first to 7 or first to 10
2009,2009-W-PR-GER-01A-2009,Stuttgart,P,20090427,Clay,32,31,3:31,31,0,11,1,0,0,10,7,4:1,deciding_set_tiebreak_at_6_all_length_unknown,1 deciding set(s) ended 7-6; the score string does not say whether the tiebreak was first to 7 or first to 10
2009,2009-W-PR-ITA-01A-2009,Rome,P,20090504,Clay,56,55,3:55,53,2,21,2,0,0,19,7,3:1|7:1,deciding_set_tiebreak_at_6_all_length_unknown,2 deciding set(s) ended 7-6; the score string does not say whether the tiebreak was first to 7 or first to 10
2009,2009-W-PR-JPN-01A-2009,Tokyo,P,20090928,Hard,56,55,3:55,51,4,20,1,0,0,19,7,4:1,deciding_set_tiebreak_at_6_all_length_unknown,1 deciding set(s) ended 7-6; the score string does not say whether the tiebreak was first to 7 or first to 10
2009,2009-W-PR-POL-01A-2009,Warsaw,P,20090518,Clay,32,31,3:31,31,0,12,2,0,0,10,7,2:1|3:1,deciding_set_tiebreak_at_6_all_length_unknown,2 deciding set(s) ended 7-6; the score string does not say whether the tiebreak was first to 7 or first to 10
2009,2009-W-PR-RUS-01A-2009,Moscow,P,20091019,Hard,32,31,3:31,28,3,7,0,0,0,7,6,,not_observable_no_deciding_set_reached_6_all,"7 deciding set(s), none reached 6-6"
2009,2009-W-PR-UAE-01A-2009,Dubai,P,20090216,Hard,56,55,3:55,52,3,14,2,0,0,12,7,3:1|6:1,deciding_set_tiebreak_at_6_all_length_unknown,2 deciding set(s) ended 7-6; the score string does not say whether the tiebreak was first to 7 or first to 10
2009,2009-W-PR-USA-01A-2009,Charleston,P,20090413,Clay,56,55,3:55,53,2,12,0,0,0,12,7,,not_observable_no_deciding_set_reached_6_all,"12 deciding set(s), none reached 6-6"
2009,2009-W-PR-USA-02A-2009,Stanford,P,20090727,Hard,32,31,3:31,31,0,10,1,0,0,9,7,5:1,deciding_set_tiebreak_at_6_all_length_unknown,1 deciding set(s) ended 7-6; the score string does not say whether the tiebreak was first to 7 or first to 10
2009,2009-W-PR-USA-03A-2009,Los Angeles,P,20090803,Hard,56,55,3:55,51,4,24,2,0,0,22,7,5:1|6:1,deciding_set_tiebreak_at_6_all_length_unknown,2 deciding set(s) ended 7-6; the score string does not say whether the tiebreak was first to 7 or first to 10
2009,2009-W-PR-USA-04A-2009,Cincinnati,P,20090810,Hard,56,55,3:55,54,1,14,3,0,0,11,7,4:1|5:1|6:1,deciding_set_tiebreak_at_6_all_length_unknown,3 deciding set(s) ended 7-6; the score string does not say whether the tiebreak was first to 7 or first to 10
2009,2009-W-PR-USA-05A-2009,New Haven,P,20090824,Hard,32,31,3:31,29,2,14,2,0,0,12,7,2:1|5:1,deciding_set_tiebreak_at_6_all_length_unknown,2 deciding set(s) ended 7-6; the score string does not say whether the tiebreak was first to 7 or first to 10
2009,2009-W-SL-AUS-01A-2009,Australian Open,G,20090119,Hard,128,127,3:127,122,5,38,0,0,4,34,9,,deciding_set_extends_past_6_all_cap_unknown,4 deciding set(s) went past 7 games (longest 9); that rules out a tiebreak at 6-all but does not separate an advantage set from a tiebreak at a later game count
2009,2009-W-SL-FRA-01A-2009,Roland Garros,G,20090525,Clay,128,127,3:127,125,2,44,0,0,6,38,10,,deciding_set_extends_past_6_all_cap_unknown,6 deciding set(s) went past 7 games (longest 10); that rules out a tiebreak at 6-all but does not separate an advantage set from a tiebreak at a later game count
2009,2009-W-SL-GBR-01A-2009,Wimbledon,G,20090622,Grass,128,127,3:127,123,4,41,0,0,4,37,9,,deciding_set_extends_past_6_all_cap_unknown,4 deciding set(s) went past 7 games (longest 9); that rules out a tiebreak at 6-all but does not separate an advantage set from a tiebreak at a later game count
2009,2009-W-SL-USA-01A-2009,US Open,G,20090831,Hard,128,127,3:127,126,1,42,6,0,0,36,7,3:1|5:2|6:2|7:1,deciding_set_tiebreak_at_6_all_length_unknown,6 deciding set(s) ended 7-6; the score string does not say whether the tiebreak was first to 7 or first to 10
2009,2009-W-WT-QAT-01A-2009,WTA Tour Championships,F,20091026,Hard,4,15,3:15,12,3,6,1,0,0,5,7,4:1,deciding_set_tiebreak_at_6_all_length_unknown,1 deciding set(s) ended 7-6; the score string does not say whether the tiebreak was first to 7 or first to 10
2010,2010-D001,Fed Cup WG R1: UKR vs ITA,D,20100206,Hard,4,4,3:4,4,0,1,0,0,0,1,6,,not_observable_no_deciding_set_reached_6_all,"1 deciding set(s), none reached 6-6"
2010,2010-D002,Fed Cup WG R1: CZE vs GER,D,20100206,Hard,4,4,3:4,4,0,1,0,0,0,1,6,,not_observable_no_deciding_set_reached_6_all,"1 deciding set(s), none reached 6-6"
2010,2010-D003,Fed Cup WG R1: SRB vs RUS,D,20100206,Hard,4,4,3:4,4,0,2,0,0,0,2,6,,not_observable_no_deciding_set_reached_6_all,"2 deciding set(s), none reached 6-6"
2010,2010-D004,Fed Cup WG R1: FRA vs USA,D,20100206,Clay,4,4,3:4,4,0,0,0,0,0,0,0,,not_observable_no_deciding_set_played,no completed match reached a deciding set
2010,2010-D005,Fed Cup WG2 R1: AUS vs ESP,D,20100206,Hard,4,4,3:4,4,0,1,0,0,0,1,6,,not_observable_no_deciding_set_reached_6_all,"1 deciding set(s), none reached 6-6"
2010,2010-D006,Fed Cup WG2 R1: POL vs BEL,D,20100206,Hard,4,4,3:4,4,0,2,0,0,0,2,7,,not_observable_no_deciding_set_reached_6_all,"2 deciding set(s), none reached 6-6"
2010,2010-D007,Fed Cup WG2 R1: EST vs ARG,D,20100206,Hard,4,4,3:4,4,0,0,0,0,0,0,0,,not_observable_no_deciding_set_played,no completed match reached a deciding set
2010,2010-D008,Fed Cup WG2 R1: SVK vs CHN,D,20100206,Hard,4,4,3:4,4,0,0,0,0,0,0,0,,not_observable_no_deciding_set_played,no completed match reached a deciding set
2010,2010-D009,Fed Cup WG SF: ITA vs CZE,D,20100424,Clay,4,4,3:4,4,0,0,0,0,0,0,0,,not_observable_no_deciding_set_played,no completed match reached a deciding set
2010,2010-D010,Fed Cup WG SF: USA vs RUS,D,20100424,Hard,4,4,3:4,4,0,2,0,0,0,2,6,,not_observable_no_deciding_set_reached_6_all,"2 deciding set(s), none reached 6-6"
2010,2010-D011,Fed Cup WG F: USA vs ITA,D,20101106,Hard,4,4,3:4,4,0,0,0,0,0,0,0,,not_observable_no_deciding_set_played,no completed match reached a deciding set
2010,2010-D012,Fed Cup WG PO: BEL vs EST,D,20100424,Clay,4,4,3:4,4,0,3,0,0,0,3,6,,not_observable_no_deciding_set_reached_6_all,"3 deciding set(s), none reached 6-6"
2010,2010-D013,Fed Cup WG PO: UKR vs AUS,D,20100424,Clay,4,4,3:4,4,0,2,0,0,0,2,7,,not_observable_no_deciding_set_reached_6_all,"2 deciding set(s), none reached 6-6"
2010,2010-D014,Fed Cup WG PO: GER vs FRA,D,20100424,Clay,4,4,3:4,4,0,1,0,0,0,1,6,,not_observable_no_deciding_set_reached_6_all,"1 deciding set(s), none reached 6-6"
2010,2010-D015,Fed Cup WG PO: SRB vs SVK,D,20100424,Clay,4,4,3:4,4,0,0,0,0,0,0,0,,not_observable_no_deciding_set_played,no completed match reached a deciding set
2010,2010-D016,Fed Cup WG2 PO: POL vs ESP,D,20100424,Carpet,4,4,3:4,4,0,0,0,0,0,0,0,,not_observable_no_deciding_set_played,no completed match reached a deciding set
2010,2010-D017,Fed Cup WG2 PO: SWE vs CHN,D,20100425,Hard,4,4,3:4,4,0,2,0,0,1,1,8,,deciding_set_extends_past_6_all_cap_unknown,1 deciding set(s) went past 7 games (longest 8); that rules out a tiebreak at 6-all but does not separate an advantage set from a tiebreak at a later game count
2010,2010-D018,Fed Cup WG2 PO: CAN vs ARG,D,20100424,Carpet,4,4,3:4,4,0,1,0,0,0,1,6,,not_observable_no_deciding_set_reached_6_all,"1 deciding set(s), none reached 6-6"
2010,2010-D019,Fed Cup WG2 PO: SLO vs JPN,D,20100424,Clay,4,4,3:4,4,0,1,0,0,0,1,6,,not_observable_no_deciding_set_reached_6_all,"1 deciding set(s), none reached 6-6"
2010,2010-D020,Fed Cup G1 RRA: JPN vs NZL,D,20100204,Hard,4,2,3:2,2,0,1,0,0,0,1,6,,not_observable_no_deciding_set_reached_6_all,"1 deciding set(s), none reached 6-6"
2010,2010-D021,Fed Cup G1 RRA: JPN vs INA,D,20100203,Hard,4,2,3:2,2,0,0,0,0,0,0,0,,not_observable_no_deciding_set_played,no completed match reached a deciding set
2010,2010-D022,Fed Cup G1 RRA: JPN vs KOR,D,20100205,Hard,4,2,3:2,2,0,0,0,0,0,0,0,,not_observable_no_deciding_set_played,no completed match reached a deciding set
2010,2010-D023,Fed Cup G1 RRA: NZL vs INA,D,20100205,Hard,4,2,3:1|5:1,1,1,0,0,0,0,0,0,,not_observable_no_deciding_set_played,no completed match reached a deciding set
2010,2010-D024,Fed Cup G1 RRA: NZL vs KOR,D,20100203,Hard,4,2,3:2,2,0,0,0,0,0,0,0,,not_observable_no_deciding_set_played,no completed match reached a deciding set
2010,2010-D025,Fed Cup G1 RRA: INA vs KOR,D,20100204,Hard,4,2,3:2,2,0,0,0,0,0,0,0,,not_observable_no_deciding_set_played,no completed match reached a deciding set
2010,2010-D026,Fed Cup G1 RRB: UZB vs TPE,D,20100204,Hard,4,2,3:2,2,0,0,0,0,0,0,0,,not_observable_no_deciding_set_played,no completed match reached a deciding set
2010,2010-D027,Fed Cup G1 RRB: UZB vs THA,D,20100203,Hard,4,2,3:2,2,0,0,0,0,0,0,0,,not_observable_no_deciding_set_played,no completed match reached a deciding set
2010,2010-D028,Fed Cup G1 RRB: UZB vs KAZ,D,20100205,Hard,4,2,3:2,2,0,0,0,0,0,0,0,,not_observable_no_deciding_set_played,no completed match reached a deciding set
2010,2010-D029,Fed Cup G1 RRB: TPE vs THA,D,20100205,Hard,4,2,3:2,2,0,0,0,0,0,0,0,,not_observable_no_deciding_set_played,no completed match reached a deciding set
2010,2010-D030,Fed Cup G1 RRB: TPE vs KAZ,D,20100203,Hard,4,2,3:2,2,0,0,0,0,0,0,0,,not_observable_no_deciding_set_played,no completed match reached a deciding set
2010,2010-D031,Fed Cup G1 RRB: THA vs KAZ,D,20100204,Hard,4,2,3:2,2,0,0,0,0,0,0,0,,not_observable_no_deciding_set_played,no completed match reached a deciding set
2010,2010-D032,Fed Cup G2 RRA: IND vs SIN,D,20100204,Hard,4,2,3:2,2,0,0,0,0,0,0,0,,not_observable_no_deciding_set_played,no completed match reached a deciding set
2010,2010-D033,Fed Cup G2 RRA: MAS vs IND,D,20100205,Hard,4,2,3:2,2,0,0,0,0,0,0,0,,not_observable_no_deciding_set_played,no completed match reached a deciding set
2010,2010-D034,Fed Cup G2 RRA: MAS vs SIN,D,20100203,Hard,4,2,3:2,2,0,0,0,0,0,0,0,,not_observable_no_deciding_set_played,no completed match reached a deciding set
2010,2010-D035,Fed Cup G2 RRB: HKG vs PHI,D,20100204,Hard,4,2,3:2,2,0,1,0,0,0,1,6,,not_observable_no_deciding_set_reached_6_all,"1 deciding set(s), none reached 6-6"
2010,2010-D036,Fed Cup G2 RRB: HKG vs SYR,D,20100203,Hard,4,2,3:2,2,0,0,0,0,0,0,0,,not_observable_no_deciding_set_played,no completed match reached a deciding set
2010,2010-D037,Fed Cup G2 RRB: HKG vs KGZ,D,20100205,Hard,4,2,3:2,2,0,1,0,0,0,1,6,,not_observable_no_deciding_set_reached_6_all,"1 deciding set(s), none reached 6-6"
2010,2010-D038,Fed Cup G2 RRB: PHI vs SYR,D,20100205,Hard,4,2,3:2,2,0,1,0,0,0,1,6,,not_observable_no_deciding_set_reached_6_all,"1 deciding set(s), none reached 6-6"
2010,2010-D039,Fed Cup G2 RRB: PHI vs KGZ,D,20100203,Hard,4,2,3:2,2,0,0,0,0,0,0,0,,not_observable_no_deciding_set_played,no completed match reached a deciding set
2010,2010-D040,Fed Cup G2 RRB: SYR vs KGZ,D,20100204,Hard,4,2,3:2,2,0,0,0,0,0,0,0,,not_observable_no_deciding_set_played,no completed match reached a deciding set
2010,2010-D041,Fed Cup G1 RRA: CAN vs BRA,D,20100205,Clay,4,2,3:2,2,0,1,0,0,0,1,6,,not_observable_no_deciding_set_reached_6_all,"1 deciding set(s), none reached 6-6"
2010,2010-D042,Fed Cup G1 RRA: CAN vs PUR,D,20100204,Clay,4,2,3:2,2,0,0,0,0,0,0,0,,not_observable_no_deciding_set_played,no completed match reached a deciding set
2010,2010-D043,Fed Cup G1 RRA: CAN vs CUB,D,20100203,Clay,4,2,3:2,2,0,0,0,0,0,0,0,,not_observable_no_deciding_set_played,no completed match reached a deciding set
2010,2010-D044,Fed Cup G1 RRA: BRA vs PUR,D,20100203,Clay,4,2,3:2,2,0,0,0,0,0,0,0,,not_observable_no_deciding_set_played,no completed match reached a deciding set
2010,2010-D045,Fed Cup G1 RRA: BRA vs CUB,D,20100204,Clay,4,2,3:2,2,0,0,0,0,0,0,0,,not_observable_no_deciding_set_played,no completed match reached a deciding set
2010,2010-D046,Fed Cup G1 RRA: PUR vs CUB,D,20100205,Clay,4,2,3:2,2,0,0,0,0,0,0,0,,not_observable_no_deciding_set_played,no completed match reached a deciding set
2010,2010-D047,Fed Cup G1 RRB: PAR vs COL,D,20100205,Clay,4,2,3:2,2,0,1,0,0,0,1,6,,not_observable_no_deciding_set_reached_6_all,"1 deciding set(s), none reached 6-6"
2010,2010-D048,Fed Cup G1 RRB: COL vs CHI,D,20100204,Clay,4,2,3:2,2,0,0,0,0,0,0,0,,not_observable_no_deciding_set_played,no completed match reached a deciding set
2010,2010-D049,Fed Cup G1 RRB: COL vs BOL,D,20100203,Clay,4,2,3:2,2,0,0,0,0,0,0,0,,not_observable_no_deciding_set_played,no completed match reached a deciding set
2010,2010-D050,Fed Cup G1 RRB: PAR vs CHI,D,20100203,Clay,4,2,3:2,2,0,0,0,0,0,0,0,,not_observable_no_deciding_set_played,no completed match reached a deciding set
2010,2010-D051,Fed Cup G1 RRB: PAR vs BOL,D,20100204,Clay,4,2,3:2,2,0,1,0,0,0,1,6,,not_observable_no_deciding_set_reached_6_all,"1 deciding set(s), none reached 6-6"
2010,2010-D052,Fed Cup G1 RRB: CHI vs BOL,D,20100205,Clay,4,2,3:2,2,0,0,0,0,0,0,0,,not_observable_no_deciding_set_played,no completed match reached a deciding set
2010,2010-D053,Fed Cup G1 RRA: ISR vs SLO,D,20100203,Hard,4,2,3:2,2,0,0,0,0,0,0,0,,not_observable_no_deciding_set_played,no completed match reached a deciding set
2010,2010-D054,Fed Cup G1 RRA: ISR vs NED,D,20100205,Hard,4,2,3:2,2,0,1,0,0,0,1,6,,not_observable_no_deciding_set_reached_6_all,"1 deciding set(s), none reached 6-6"
2010,2010-D055,Fed Cup G1 RRA: ISR vs BUL,D,20100204,Hard,4,2,3:2,2,0,0,0,0,0,0,0,,not_observable_no_deciding_set_played,no completed match reached a deciding set
2010,2010-D056,Fed Cup G1 RRA: SLO vs NED,D,20100204,Hard,4,2,3:2,2,0,2,0,0,0,2,6,,not_observable_no_deciding_set_reached_6_all,"2 deciding set(s), none reached 6-6"
2010,2010-D057,Fed Cup G1 RRA: SLO vs BUL,D,20100205,Hard,4,2,3:2,2,0,1,0,0,0,1,6,,not_observable_no_deciding_set_reached_6_all,"1 deciding set(s), none reached 6-6"
2010,2010-D058,Fed Cup G1 RRA: NED vs BUL,D,20100203,Hard,4,2,3:2,2,0,2,0,0,0,2,6,,not_observable_no_deciding_set_reached_6_all,"2 deciding set(s), none reached 6-6"
2010,2010-D059,Fed Cup G1 RRB: POR vs CRO,D,20100203,Hard,4,2,3:2,2,0,0,0,0,0,0,0,,not_observable_no_deciding_set_played,no completed match reached a deciding set
2010,2010-D060,Fed Cup G1 RRB: CRO vs SUI,D,20100205,Hard,4,2,3:2,2,0,1,1,0,0,0,7,0:1,deciding_set_tiebreak_at_6_all_length_unknown,1 deciding set(s) ended 7-6; the score string does not say whether the tiebreak was first to 7 or first to 10
2010,2010-D061,Fed Cup G1 RRB: CRO vs ROU,D,20100204,Hard,4,2,3:2,2,0,1,1,0,0,0,7,2:1,deciding_set_tiebreak_at_6_all_length_unknown,1 deciding set(s) ended 7-6; the score string does not say whether the tiebreak was first to 7 or first to 10
2010,2010-D062,Fed Cup G1 RRB: POR vs SUI,D,20100204,Hard,4,2,3:2,2,0,0,0,0,0,0,0,,not_observable_no_deciding_set_played,no completed match reached a deciding set
2010,2010-D063,Fed Cup G1 RRB: POR vs ROU,D,20100205,Hard,4,2,3:2,2,0,1,0,0,0,1,6,,not_observable_no_deciding_set_reached_6_all,"1 deciding set(s), none reached 6-6"
2010,2010-D064,Fed Cup G1 RRB: SUI vs ROU,D,20100203,Hard,4,2,3:2,2,0,2,0,0,0,2,6,,not_observable_no_deciding_set_reached_6_all,"2 deciding set(s), none reached 6-6"
2010,2010-D065,Fed Cup G1 RRC: SWE vs DEN,D,20100203,Hard,4,2,3:2,2,0,0,0,0,0,0,0,,not_observable_no_deciding_set_played,no completed match reached a deciding set
2010,2010-D066,Fed Cup G1 RRC: SWE vs HUN,D,20100205,Hard,4,2,3:2,2,0,0,0,0,0,0,0,,not_observable_no_deciding_set_played,no completed match reached a deciding set
2010,2010-D067,Fed Cup G1 RRC: SWE vs LAT,D,20100204,Hard,4,2,3:2,2,0,0,0,0,0,0,0,,not_observable_no_deciding_set_played,no completed match reached a deciding set
2010,2010-D068,Fed Cup G1 RRC: DEN vs HUN,D,20100204,Hard,4,2,3:2,2,0,0,0,0,0,0,0,,not_observable_no_deciding_set_played,no completed match reached a deciding set
2010,2010-D069,Fed Cup G1 RRC: DEN vs LAT,D,20100205,Hard,4,2,3:2,2,0,1,0,0,0,1,6,,not_observable_no_deciding_set_reached_6_all,"1 deciding set(s), none reached 6-6"
2010,2010-D070,Fed Cup G1 RRC: HUN vs LAT,D,20100203,Hard,4,2,3:2,2,0,1,0,0,0,1,7,,not_observable_no_deciding_set_reached_6_all,"1 deciding set(s), none reached 6-6"
2010,2010-D071,Fed Cup G1 RRD: BLR vs AUT,D,20100203,Hard,4,2,3:1|5:1,1,1,0,0,0,0,0,0,,not_observable_no_deciding_set_played,no completed match reached a deciding set
2010,2010-D072,Fed Cup G1 RRD: BLR vs GBR,D,20100205,Hard,4,2,3:2,2,0,0,0,0,0,0,0,,not_observable_no_deciding_set_played,no completed match reached a deciding set
2010,2010-D073,Fed Cup G1 RRD: BLR vs BIH,D,20100204,Hard,4,2,3:2,2,0,0,0,0,0,0,0,,not_observable_no_deciding_set_played,no completed match reached a deciding set
2010,2010-D074,Fed Cup G1 RRD: AUT vs GBR,D,20100204,Hard,4,2,3:2,2,0,0,0,0,0,0,0,,not_observable_no_deciding_set_played,no completed match reached a deciding set
2010,2010-D075,Fed Cup G1 RRD: AUT vs BIH,D,20100205,Hard,4,2,3:2,2,0,0,0,0,0,0,0,,not_observable_no_deciding_set_played,no completed match reached a deciding set
2010,2010-D076,Fed Cup G1 RRD: GBR vs BIH,D,20100203,Hard,4,2,3:2,2,0,0,0,0,0,0,0,,not_observable_no_deciding_set_played,no completed match reached a deciding set
2010,2010-D077,Fed Cup G1 PO: JPN vs TPE,D,20100206,Hard,4,2,3:2,2,0,0,0,0,0,0,0,,not_observable_no_deciding_set_played,no completed match reached a deciding set
2010,2010-D078,Fed Cup G1 PO: KOR vs KAZ,D,20100206,Hard,4,2,3:2,2,0,0,0,0,0,0,0,,not_observable_no_deciding_set_played,no completed match reached a deciding set
2010,2010-D079,Fed Cup G1 PO: NZL vs THA,D,20100206,Hard,4,2,3:2,2,0,0,0,0,0,0,0,,not_observable_no_deciding_set_played,no completed match reached a deciding set
2010,2010-D080,Fed Cup G1 PO: INA vs UZB,D,20100206,Hard,4,2,3:1|5:1,1,1,0,0,0,0,0,0,,not_observable_no_deciding_set_played,no completed match reached a deciding set
2010,2010-D081,Fed Cup G2 PO: IND vs KGZ,D,20100206,Hard,4,2,3:2,2,0,1,0,0,0,1,6,,not_observable_no_deciding_set_reached_6_all,"1 deciding set(s), none reached 6-6"
2010,2010-D082,Fed Cup G2 PO: MAS vs HKG,D,20100206,Hard,4,2,3:2,2,0,0,0,0,0,0,0,,not_observable_no_deciding_set_played,no completed match reached a deciding set
2010,2010-D083,Fed Cup G2 PO: SIN vs PHI,D,20100206,Hard,4,2,3:2,2,0,1,0,0,0,1,6,,not_observable_no_deciding_set_reached_6_all,"1 deciding set(s), none reached 6-6"
2010,2010-D084,Fed Cup G1 PO: POR vs BUL,D,20100206,Hard,4,2,3:2,2,0,0,0,0,0,0,0,,not_observable_no_deciding_set_played,no completed match reached a deciding set
2010,2010-D085,Fed Cup G1 PO: LAT vs BIH,D,20100206,Hard,4,2,3:2,2,0,1,1,0,0,0,7,5:1,deciding_set_tiebreak_at_6_all_length_unknown,1 deciding set(s) ended 7-6; the score string does not say whether the tiebreak was first to 7 or first to 10
2010,2010-D086,Fed Cup G1 PO: AUT vs SWE,D,20100206,Hard,4,2,3:2,2,0,0,0,0,0,0,0,,not_observable_no_deciding_set_played,no completed match reached a deciding set
2010,2010-D087,Fed Cup G1 PO: SUI vs SLO,D,20100206,Hard,4,2,3:2,2,0,1,0,0,0,1,6,,not_observable_no_deciding_set_reached_6_all,"1 deciding set(s), none reached 6-6"
2010,2010-D088,Fed Cup G1 PO: GBR vs NED,D,20100206,Hard,4,2,3:2,2,0,1,0,0,0,1,6,,not_observable_no_deciding_set_reached_6_all,"1 deciding set(s), none reached 6-6"
2010,2010-D089,Fed Cup G1 PO: HUN vs ROU,D,20100206,Hard,4,2,3:2,2,0,0,0,0,0,0,0,,not_observable_no_deciding_set_played,no completed match reached a deciding set
2010,2010-D090,Fed Cup G1 PO: ISR vs DEN,D,20100206,Hard,4,2,3:1|5:1,1,1,0,0,0,0,0,0,,not_observable_no_deciding_set_played,no completed match reached a deciding set
2010,2010-D091,Fed Cup G1 PO: BLR vs CRO,D,20100206,Hard,4,2,3:2,2,0,0,0,0,0,0,0,,not_observable_no_deciding_set_played,no completed match reached a deciding set
2010,2010-D092,Fed Cup G1 PO: CAN vs COL,D,20100206,Clay,4,2,3:2,2,0,0,0,0,0,0,0,,not_observable_no_deciding_set_played,no completed match reached a deciding set
2010,2010-D093,Fed Cup G1 PO: PAR vs BRA,D,20100206,Clay,4,2,3:2,2,0,2,0,0,0,2,6,,not_observable_no_deciding_set_reached_6_all,"2 deciding set(s), none reached 6-6"
2010,2010-D094,Fed Cup G1 PO: CUB vs CHI,D,20100206,Clay,4,2,3:2,2,0,1,0,0,0,1,6,,not_observable_no_deciding_set_reached_6_all,"1 deciding set(s), none reached 6-6"
2010,2010-D095,Fed Cup G1 PO: PUR vs BOL,D,20100206,Clay,4,2,3:2,2,0,1,0,0,0,1,6,,not_observable_no_deciding_set_reached_6_all,"1 deciding set(s), none reached 6-6"
2010,2010-D096,Fed Cup G2 RRA: BAH vs DOM,D,20100423,Clay,4,2,3:1|5:1,1,1,0,0,0,0,0,0,,not_observable_no_deciding_set_played,no completed match reached a deciding set
2010,2010-D097,Fed Cup G2 RRA: BAH vs TRI,D,20100420,Clay,4,2,3:2,2,0,0,0,0,0,0,0,,not_observable_no_deciding_set_played,no completed match reached a deciding set
2010,2010-D098,Fed Cup G2 RRA: ECU vs BAH,D,20100419,Clay,4,2,3:2,2,0,1,0,0,0,1,6,,not_observable_no_deciding_set_reached_6_all,"1 deciding set(s), none reached 6-6"
2010,2010-D099,Fed Cup G2 RRA: BAH vs CRC,D,20100421,Clay,4,2,3:2,2,0,1,0,0,0,1,6,,not_observable_no_deciding_set_reached_6_all,"1 deciding set(s), none reached 6-6"
2010,2010-D100,Fed Cup G2 RRA: DOM vs TRI,D,20100421,Clay,4,2,3:2,2,0,1,0,0,0,1,6,,not_observable_no_deciding_set_reached_6_all,"1 deciding set(s), none reached 6-6"
2010,2010-D101,Fed Cup G2 RRA: ECU vs DOM,D,20100422,Clay,4,2,3:2,2,0,0,0,0,0,0,0,,not_observable_no_deciding_set_played,no completed match reached a deciding set
2010,2010-D102,Fed Cup G2 RRA: DOM vs CRC,D,20100419,Clay,4,2,3:2,2,0,0,0,0,0,0,0,,not_observable_no_deciding_set_played,no completed match reached a deciding set
2010,2010-D103,Fed Cup G2 RRA: ECU vs TRI,D,20100423,Clay,4,2,3:2,2,0,0,0,0,0,0,0,,not_observable_no_deciding_set_played,no completed match reached a deciding set
2010,2010-D104,Fed Cup G2 RRA: TRI vs CRC,D,20100422,Clay,4,2,3:2,2,0,2,0,0,0,2,6,,not_observable_no_deciding_set_reached_6_all,"2 deciding set(s), none reached 6-6"
2010,2010-D105,Fed Cup G2 RRA: ECU vs CRC,D,20100420,Clay,4,2,3:2,2,0,0,0,0,0,0,0,,not_observable_no_deciding_set_played,no completed match reached a deciding set
2010,2010-D106,Fed Cup G2 RRB: GUA vs MEX,D,20100420,Clay,4,2,3:2,2,0,0,0,0,0,0,0,,not_observable_no_deciding_set_played,no completed match reached a deciding set
2010,2010-D107,Fed Cup G2 RRB: GUA vs PER,D,20100421,Clay,4,2,3:2,2,0,0,0,0,0,0,0,,not_observable_no_deciding_set_played,no completed match reached a deciding set
2010,2010-D108,Fed Cup G2 RRB: GUA vs PAN,D,20100419,Clay,4,2,3:2,2,0,0,0,0,0,0,0,,not_observable_no_deciding_set_played,no completed match reached a deciding set
2010,2010-D109,Fed Cup G2 RRB: GUA vs BER,D,20100423,Clay,4,2,3:2,2,0,0,0,0,0,0,0,,not_observable_no_deciding_set_played,no completed match reached a deciding set
2010,2010-D110,Fed Cup G2 RRB: MEX vs PER,D,20100423,Clay,4,2,3:2,2,0,2,0,0,0,2,6,,not_observable_no_deciding_set_reached_6_all,"2 deciding set(s), none reached 6-6"
2010,2010-D111,Fed Cup G2 RRB: MEX vs PAN,D,20100422,Clay,4,2,3:2,2,0,0,0,0,0,0,0,,not_observable_no_deciding_set_played,no completed match reached a deciding set
2010,2010-D112,Fed Cup G2 RRB: MEX vs BER,D,20100419,Clay,4,2,3:2,2,0,0,0,0,0,0,0,,not_observable_no_deciding_set_played,no completed match reached a deciding set
2010,2010-D113,Fed Cup G2 RRB: PER vs PAN,D,20100420,Clay,4,2,3:2,2,0,0,0,0,0,0,0,,not_observable_no_deciding_set_played,no completed match reached a deciding set
2010,2010-D114,Fed Cup G2 RRB: PER vs BER,D,20100422,Clay,4,2,3:2,2,0,0,0,0,0,0,0,,not_observable_no_deciding_set_played,no completed match reached a deciding set
2010,2010-D115,Fed Cup G2 RRB: PAN vs BER,D,20100421,Clay,4,2,3:2,2,0,1,0,0,0,1,6,,not_observable_no_deciding_set_reached_6_all,"1 deciding set(s), none reached 6-6"
2010,2010-D116,Fed Cup G3 RRA: EGY vs TUR,D,20100421,Clay,4,2,3:2,2,0,0,0,0,0,0,0,,not_observable_no_deciding_set_played,no completed match reached a deciding set
2010,2010-D117,Fed Cup G3 RRA: TUR vs MDA,D,20100422,Clay,4,2,3:2,2,0,0,0,0,0,0,0,,not_observable_no_deciding_set_played,no completed match reached a deciding set
2010,2010-D118,Fed Cup G3 RRA: EGY vs MDA,D,20100423,Clay,4,2,3:2,2,0,0,0,0,0,0,0,,not_observable_no_deciding_set_played,no completed match reached a deciding set
2010,2010-D119,Fed Cup G3 RRB: MAR vs IRL,D,20100422,Clay,4,2,3:2,2,0,0,0,0,0,0,0,,not_observable_no_deciding_set_played,no completed match reached a deciding set
2010,2010-D120,Fed Cup G3 RRB: MAR vs MLT,D,20100423,Clay,4,2,3:2,2,0,0,0,0,0,0,0,,not_observable_no_deciding_set_played,no completed match reached a deciding set
2010,2010-D121,Fed Cup G3 RRB: MAR vs ALG,D,20100421,Clay,4,2,3:2,2,0,1,0,0,0,1,6,,not_observable_no_deciding_set_reached_6_all,"1 deciding set(s), none reached 6-6"
2010,2010-D122,Fed Cup G3 RRB: IRL vs MLT,D,20100421,Clay,4,2,3:2,2,0,1,0,0,0,1,6,,not_observable_no_deciding_set_reached_6_all,"1 deciding set(s), none reached 6-6"
2010,2010-D123,Fed Cup G3 RRB: IRL vs ALG,D,20100423,Clay,4,2,3:2,2,0,2,0,0,0,2,6,,not_observable_no_deciding_set_reached_6_all,"2 deciding set(s), none reached 6-6"
2010,2010-D124,Fed Cup G3 RRB: MLT vs ALG,D,20100422,Clay,4,2,3:2,2,0,0,0,0,0,0,0,,not_observable_no_deciding_set_played,no completed match reached a deciding set
2010,2010-D125,Fed Cup G2 PO: ECU vs MEX,D,20100424,Clay,4,2,3:2,2,0,0,0,0,0,0,0,,not_observable_no_deciding_set_played,no completed match reached a deciding set
2010,2010-D126,Fed Cup G2 PO: PER vs BAH,D,20100424,Clay,4,2,3:2,2,0,0,0,0,0,0,0,,not_observable_no_deciding_set_played,no completed match reached a deciding set
2010,2010-D127,Fed Cup G3 PO: EGY vs MAR,D,20100424,Clay,4,2,3:2,2,0,0,0,0,0,0,0,,not_observable_no_deciding_set_played,no completed match reached a deciding set
2010,2010-D128,Fed Cup G3 PO: TUR vs ALG,D,20100424,Clay,4,2,3:2,2,0,0,0,0,0,0,0,,not_observable_no_deciding_set_played,no completed match reached a deciding set
2010,2010-D129,Fed Cup G3 PO: MDA vs IRL,D,20100424,Clay,4,2,3:2,2,0,0,0,0,0,0,0,,not_observable_no_deciding_set_played,no completed match reached a deciding set
2010,2010-D130,Fed Cup G2 PO: GRE vs GEO,D,20100501,Clay,4,2,3:2,2,0,1,0,0,0,1,6,,not_observable_no_deciding_set_reached_6_all,"1 deciding set(s), none reached 6-6"
2010,2010-D131,Fed Cup G2 PO: FIN vs LUX,D,20100501,Clay,4,2,3:2,2,0,1,0,0,0,1,6,,not_observable_no_deciding_set_reached_6_all,"1 deciding set(s), none reached 6-6"
2010,2010-D132,Fed Cup G2 PO: LIE vs NOR,D,20100501,Clay,4,2,3:2,2,0,0,0,0,0,0,0,,not_observable_no_deciding_set_played,no completed match reached a deciding set
2010,2010-D133,Fed Cup G2 PO: ARM vs RSA,D,20100501,Clay,4,2,3:2,2,0,1,0,0,0,1,6,,not_observable_no_deciding_set_reached_6_all,"1 deciding set(s), none reached 6-6"
2010,2010-D134,Fed Cup G2 PO: GUA vs CRC,D,20100424,Clay,4,2,3:2,2,0,0,0,0,0,0,0,,not_observable_no_deciding_set_played,no completed match reached a deciding set
2010,2010-D135,Fed Cup G2 PO: BER vs TRI,D,20100424,Clay,4,2,3:2,2,0,1,0,0,0,1,7,,not_observable_no_deciding_set_reached_6_all,"1 deciding set(s), none reached 6-6"
2010,2010-D136,Fed Cup G2 PO: PAN vs DOM,D,20100424,Clay,4,2,3:2,2,0,0,0,0,0,0,0,,not_observable_no_deciding_set_played,no completed match reached a deciding set
2010,2010-D137,Fed Cup G2 RRA: RSA vs GRE,D,20100430,Clay,4,2,3:2,2,0,0,0,0,0,0,0,,not_observable_no_deciding_set_played,no completed match reached a deciding set
2010,2010-D138,Fed Cup G2 RRA: RSA vs LUX,D,20100429,Clay,4,2,3:2,2,0,0,0,0,0,0,0,,not_observable_no_deciding_set_played,no completed match reached a deciding set
2010,2010-D139,Fed Cup G2 RRA: RSA vs LIE,D,20100430,Clay,4,2,3:2,2,0,0,0,0,0,0,0,,not_observable_no_deciding_set_played,no completed match reached a deciding set
2010,2010-D140,Fed Cup G2 RRA: GRE vs LUX,D,20100430,Clay,4,2,3:1|5:1,1,1,0,0,0,0,0,0,,not_observable_no_deciding_set_played,no completed match reached a deciding set
2010,2010-D141,Fed Cup G2 RRA: GRE vs LIE,D,20100428,Clay,4,2,3:2,2,0,1,1,0,0,0,7,1:1,deciding_set_tiebreak_at_6_all_length_unknown,1 deciding set(s) ended 7-6; the score string does not say whether the tiebreak was first to 7 or first to 10
2010,2010-D142,Fed Cup G2 RRA: LUX vs LIE,D,20100430,Clay,4,2,3:2,2,0,0,0,0,0,0,0,,not_observable_no_deciding_set_played,no completed match reached a deciding set
2010,2010-D143,Fed Cup G2 RRB: ARM vs GEO,D,20100430,Clay,4,2,3:2,2,0,1,0,0,0,1,6,,not_observable_no_deciding_set_reached_6_all,"1 deciding set(s), none reached 6-6"
2010,2010-D144,Fed Cup G2 RRB: ARM vs NOR,D,20100428,Clay,4,2,3:2,2,0,2,0,0,0,2,6,,not_observable_no_deciding_set_reached_6_all,"2 deciding set(s), none reached 6-6"
2010,2010-D145,Fed Cup G2 RRB: ARM vs FIN,D,20100430,Clay,4,2,3:2,2,0,0,0,0,0,0,0,,not_observable_no_deciding_set_played,no completed match reached a deciding set
2010,2010-D146,Fed Cup G2 RRB: GEO vs NOR,D,20100430,Clay,4,2,3:2,2,0,0,0,0,0,0,0,,not_observable_no_deciding_set_played,no completed match reached a deciding set
2010,2010-D147,Fed Cup G2 RRB: GEO vs FIN,D,20100428,Clay,4,2,3:2,2,0,0,0,0,0,0,0,,not_observable_no_deciding_set_played,no completed match reached a deciding set
2010,2010-D148,Fed Cup G2 RRB: NOR vs FIN,D,20100430,Clay,4,2,3:2,2,0,0,0,0,0,0,0,,not_observable_no_deciding_set_played,no completed match reached a deciding set
2010,2010-W-CHA-INA-01A-2010,Tournament of Champions,F,20101101,Hard,8,7,3:7,7,0,2,0,0,0,2,6,,not_observable_no_deciding_set_reached_6_all,"2 deciding set(s), none reached 6-6"
2010,2010-W-INT-AUS-01A-2010,Brisbane,I,20100104,Hard,32,31,3:31,31,0,17,3,0,0,14,7,1:1|5:1|6:1,deciding_set_tiebreak_at_6_all_length_unknown,3 deciding set(s) ended 7-6; the score string does not say whether the tiebreak was first to 7 or first to 10
2010,2010-W-INT-AUS-02A-2010,Hobart,I,20100111,Hard,32,31,3:31,30,1,10,2,0,0,8,7,4:1|5:1,deciding_set_tiebreak_at_6_all_length_unknown,2 deciding set(s) ended 7-6; the score string does not say whether the tiebreak was first to 7 or first to 10
2010,2010-W-INT-AUT-01A-2010,Bad Gastein,I,20100719,Clay,32,31,3:31,30,1,10,0,0,0,10,6,,not_observable_no_deciding_set_reached_6_all,"10 deciding set(s), none reached 6-6"
2010,2010-W-INT-AUT-02A-2010,Linz,I,20101011,Hard,32,31,3:31,30,1,6,1,0,0,5,7,4:1,deciding_set_tiebreak_at_6_all_length_unknown,1 deciding set(s) ended 7-6; the score string does not say whether the tiebreak was first to 7 or first to 10
2010,2010-W-INT-CAN-01A-2010,Quebec City,I,20100913,Hard,32,31,3:31,31,0,9,1,0,0,8,7,3:1,deciding_set_tiebreak_at_6_all_length_unknown,1 deciding set(s) ended 7-6; the score string does not say whether the tiebreak was first to 7 or first to 10
2010,2010-W-INT-CHN-01A-2010,Guangzhou,I,20100913,Hard,32,31,3:31,31,0,14,0,0,0,14,7,,not_observable_no_deciding_set_reached_6_all,"14 deciding set(s), none reached 6-6"
2010,2010-W-INT-COL-01A-2010,Bogota,I,20100215,Clay,32,31,3:31,31,0,8,0,0,0,8,6,,not_observable_no_deciding_set_reached_6_all,"8 deciding set(s), none reached 6-6"
2010,2010-W-INT-CZE-01A-2010,Prague,I,20100712,Clay,32,31,3:31,29,2,9,0,0,0,9,7,,not_observable_no_deciding_set_reached_6_all,"9 deciding set(s), none reached 6-6"
2010,2010-W-INT-DEN-01A-2010,Copenhagen,I,20100802,Hard,32,31,3:31,31,0,11,1,0,0,10,7,3:1,deciding_set_tiebreak_at_6_all_length_unknown,1 deciding set(s) ended 7-6; the score string does not say whether the tiebreak was first to 7 or first to 10
2010,2010-W-INT-ESP-01A-2010,Marbella,I,20100405,Clay,32,31,3:31,30,1,8,0,0,0,8,6,,not_observable_no_deciding_set_reached_6_all,"8 deciding set(s), none reached 6-6"
2010,2010-W-INT-ESP-02A-2010,Barcelona,I,20100412,Clay,32,31,3:31,31,0,11,2,0,0,9,7,4:1|5:1,deciding_set_tiebreak_at_6_all_length_unknown,2 deciding set(s) ended 7-6; the score string does not say whether the tiebreak was first to 7 or first to 10
2010,2010-W-INT-FRA-01A-2010,Strasbourg,I,20100517,Clay,32,31,3:31,29,2,10,3,0,0,7,7,5:1|6:1|8:1,deciding_set_tiebreak_at_6_all_length_unknown,3 deciding set(s) ended 7-6; the score string does not say whether the tiebreak was first to 7 or first to 10
2010,2010-W-INT-GBR-01A-2010,Birmingham,I,20100607,Grass,56,55,3:55,52,3,22,4,0,0,18,7,3:2|4:1|5:1,deciding_set_tiebreak_at_6_all_length_unknown,4 deciding set(s) ended 7-6; the score string does not say whether the tiebreak was first to 7 or first to 10
2010,2010-W-INT-HUN-01A-2010,Budapest,I,20100705,Clay,32,31,3:31,31,0,11,1,0,0,10,7,4:1,deciding_set_tiebreak_at_6_all_length_unknown,1 deciding set(s) ended 7-6; the score string does not say whether the tiebreak was first to 7 or first to 10
2010,2010-W-INT-ITA-01A-2010,Palermo,I,20100712,Clay,32,31,3:31,30,1,4,1,0,0,3,7,7:1,deciding_set_tiebreak_at_6_all_length_unknown,1 deciding set(s) ended 7-6; the score string does not say whether the tiebreak was first to 7 or first to 10
2010,2010-W-INT-JPN-01A-2010,Osaka,I,20101011,Hard,32,31,3:31,30,1,8,1,0,0,7,7,4:1,deciding_set_tiebreak_at_6_all_length_unknown,1 deciding set(s) ended 7-6; the score string does not say whether the tiebreak was first to 7 or first to 10
2010,2010-W-INT-KOR-01A-2010,Seoul,I,20100920,Hard,32,31,3:31,30,1,6,0,0,0,6,7,,not_observable_no_deciding_set_reached_6_all,"6 deciding set(s), none reached 6-6"
2010,2010-W-INT-LUX-01A-2010,Luxembourg,I,20101018,Hard,32,31,3:31,29,2,5,1,0,0,4,7,2:1,deciding_set_tiebreak_at_6_all_length_unknown,1 deciding set(s) ended 7-6; the score string does not say whether the tiebreak was first to 7 or first to 10
2010,2010-W-INT-MAR-01A-2010,Fes,I,20100426,Clay,32,31,3:31,30,1,9,0,0,0,9,7,,not_observable_no_deciding_set_reached_6_all,"9 deciding set(s), none reached 6-6"
2010,2010-W-INT-MAS-01A-2010,Kuala Lumpur,I,20100222,Hard,32,31,3:31,30,1,8,1,0,0,7,7,5:1,deciding_set_tiebreak_at_6_all_length_unknown,1 deciding set(s) ended 7-6; the score string does not say whether the tiebreak was first to 7 or first to 10
2010,2010-W-INT-MEX-01A-2010,Acapulco,I,20100222,Clay,32,31,3:31,30,1,11,0,0,0,11,7,,not_observable_no_deciding_set_reached_6_all,"11 deciding set(s), none reached 6-6"
2010,2010-W-INT-MEX-02A-2010,Monterrey,I,20100301,Hard,32,31,3:31,30,1,13,0,0,0,13,6,,not_observable_no_deciding_set_reached_6_all,"13 deciding set(s), none reached 6-6"
2010,2010-W-INT-NED-01A-2010,'s Hertogenbosch,I,20100614,Grass,32,31,3:31,30,1,14,1,0,0,13,7,4:1,deciding_set_tiebreak_at_6_all_length_unknown,1 deciding set(s) ended 7-6; the score string does not say whether the tiebreak was first to 7 or first to 10
2010,2010-W-INT-NZL-01A-2010,Auckland,I,20100104,Hard,32,31,3:31,31,0,3,0,0,0,3,7,,not_observable_no_deciding_set_reached_6_all,"3 deciding set(s), none reached 6-6"
2010,2010-W-INT-POR-01A-2010,Estoril,I,20100503,Clay,32,31,3:31,30,1,14,1,0,0,13,7,2:1,deciding_set_tiebreak_at_6_all_length_unknown,1 deciding set(s) ended 7-6; the score string does not say whether the tiebreak was first to 7 or first to 10
2010,2010-W-INT-SLO-01A-2010,Portoroz,I,20100719,Hard,32,31,3:31,29,2,8,0,0,0,8,7,,not_observable_no_deciding_set_reached_6_all,"8 deciding set(s), none reached 6-6"
2010,2010-W-INT-SWE-01A-2010,Bastad,I,20100705,Clay,32,31,3:31,29,2,9,1,0,0,8,7,1:1,deciding_set_tiebreak_at_6_all_length_unknown,1 deciding set(s) ended 7-6; the score string does not say whether the tiebreak was first to 7 or first to 10
2010,2010-W-INT-THA-01A-2010,Pattaya,I,20100208,Hard,32,31,3:31,29,2,11,1,0,0,10,7,3:1,deciding_set_tiebreak_at_6_all_length_unknown,1 deciding set(s) ended 7-6; the score string does not say whether the tiebreak was first to 7 or first to 10
2010,2010-W-INT-TUR-01A-2010,Istanbul,I,20100726,Hard,32,31,3:31,31,0,9,1,0,0,8,7,2:1,deciding_set_tiebreak_at_6_all_length_unknown,1 deciding set(s) ended 7-6; the score string does not say whether the tiebreak was first to 7 or first to 10
2010,2010-W-INT-USA-01A-2010,Memphis,I,20100215,Hard,32,31,3:31,31,0,8,1,0,0,7,7,0:1,deciding_set_tiebreak_at_6_all_length_unknown,1 deciding set(s) ended 7-6; the score string does not say whether the tiebreak was first to 7 or first to 10
2010,2010-W-INT-USA-02A-2010,Ponte Vedra Beach,I,20100405,Clay,32,31,3:31,31,0,10,0,0,0,10,7,,not_observable_no_deciding_set_reached_6_all,"10 deciding set(s), none reached 6-6"
2010,2010-W-INT-UZB-01A-2010,Tashkent,I,20100920,Hard,32,31,3:31,30,1,12,0,0,0,12,7,,not_observable_no_deciding_set_reached_6_all,"12 deciding set(s), none reached 6-6"
2010,2010-W-PM-CHN-01A-2010,Beijing,PM,20101004,Hard,60,59,3:59,57,2,18,1,0,0,17,7,4:1,deciding_set_tiebreak_at_6_all_length_unknown,1 deciding set(s) ended 7-6; the score string does not say whether the tiebreak was first to 7 or first to 10
2010,2010-W-PM-ESP-01A-2010,Madrid,PM,20100510,Clay,60,59,3:59,55,4,21,2,0,0,19,7,5:1|6:1,deciding_set_tiebreak_at_6_all_length_unknown,2 deciding set(s) ended 7-6; the score string does not say whether the tiebreak was first to 7 or first to 10
2010,2010-W-PM-USA-01A-2010,Indian Wells,PM,20100308,Hard,96,95,3:95,93,2,33,5,0,0,28,7,1:1|3:1|4:1|7:1|8:1,deciding_set_tiebreak_at_6_all_length_unknown,5 deciding set(s) ended 7-6; the score string does not say whether the tiebreak was first to 7 or first to 10
2010,2010-W-PM-USA-02A-2010,Miami,PM,20100322,Hard,96,95,3:95,93,2,28,4,0,0,24,7,3:1|4:1|6:2,deciding_set_tiebreak_at_6_all_length_unknown,4 deciding set(s) ended 7-6; the score string does not say whether the tiebreak was first to 7 or first to 10
2010,2010-W-PR-AUS-01A-2010,Sydney,P,20100111,Hard,30,29,3:29,28,1,10,0,0,0,10,7,,not_observable_no_deciding_set_reached_6_all,"10 deciding set(s), none reached 6-6"
2010,2010-W-PR-CAN-01A-2010,Montreal,P,20100816,Hard,56,55,3:55,53,2,18,1,0,0,17,7,3:1,deciding_set_tiebreak_at_6_all_length_unknown,1 deciding set(s) ended 7-6; the score string does not say whether the tiebreak was first to 7 or first to 10
2010,2010-W-PR-FRA-01A-2010,Paris,P,20100208,Carpet,30,29,3:29,28,1,9,0,0,0,9,7,,not_observable_no_deciding_set_reached_6_all,"9 deciding set(s), none reached 6-6"
2010,2010-W-PR-GBR-01A-2010,Eastbourne,P,20100614,Grass,32,31,3:31,29,2,13,4,0,0,9,7,2:1|4:2|5:1,deciding_set_tiebreak_at_6_all_length_unknown,4 deciding set(s) ended 7-6; the score string does not say whether the tiebreak was first to 7 or first to 10
2010,2010-W-PR-GER-01A-2010,Stuttgart,P,20100426,Clay,30,29,3:29,28,1,8,0,0,0,8,7,,not_observable_no_deciding_set_reached_6_all,"8 deciding set(s), none reached 6-6"
2010,2010-W-PR-ITA-01A-2010,Rome,P,20100503,Clay,56,55,3:55,55,0,19,3,0,0,16,7,1:1|5:2,deciding_set_tiebreak_at_6_all_length_unknown,3 deciding set(s) ended 7-6; the score string does not say whether the tiebreak was first to 7 or first to 10
2010,2010-W-PR-JPN-01A-2010,Tokyo,P,20100927,Hard,56,55,3:55,51,4,10,0,0,0,10,7,,not_observable_no_deciding_set_reached_6_all,"10 deciding set(s), none reached 6-6"
2010,2010-W-PR-POL-01A-2010,Warsaw,P,20100517,Clay,30,29,3:29,28,1,8,0,0,0,8,7,,not_observable_no_deciding_set_reached_6_all,"8 deciding set(s), none reached 6-6"
2010,2010-W-PR-RUS-01A-2010,Moscow,P,20101018,Hard,30,29,3:29,29,0,11,2,0,0,9,7,1:1|5:1,deciding_set_tiebreak_at_6_all_length_unknown,2 deciding set(s) ended 7-6; the score string does not say whether the tiebreak was first to 7 or first to 10
2010,2010-W-PR-UAE-01A-2010,Dubai,P,20100215,Hard,56,55,3:55,51,4,16,1,0,0,15,7,4:1,deciding_set_tiebreak_at_6_all_length_unknown,1 deciding set(s) ended 7-6; the score string does not say whether the tiebreak was first to 7 or first to 10
2010,2010-W-PR-USA-01A-2010,Charleston,P,20100412,Clay,56,55,3:55,50,5,16,0,0,0,16,7,,not_observable_no_deciding_set_reached_6_all,"16 deciding set(s), none reached 6-6"
2010,2010-W-PR-USA-02A-2010,Stanford,P,20100726,Hard,30,29,3:29,29,0,10,0,0,0,10,6,,not_observable_no_deciding_set_reached_6_all,"10 deciding set(s), none reached 6-6"
2010,2010-W-PR-USA-03A-2010,San Diego,P,20100802,Hard,30,29,3:29,28,1,11,0,0,0,11,7,,not_observable_no_deciding_set_reached_6_all,"11 deciding set(s), none reached 6-6"
2010,2010-W-PR-USA-04A-2010,Cincinnati,P,20100809,Hard,56,55,3:55,52,3,12,2,0,0,10,7,2:1|4:1,deciding_set_tiebreak_at_6_all_length_unknown,2 deciding set(s) ended 7-6; the score string does not say whether the tiebreak was first to 7 or first to 10
2010,2010-W-PR-USA-05A-2010,New Haven,P,20100823,Hard,30,29,3:29,28,1,11,2,0,0,9,7,4:1|5:1,deciding_set_tiebreak_at_6_all_length_unknown,2 deciding set(s) ended 7-6; the score string does not say whether the tiebreak was first to 7 or first to 10
2010,2010-W-SL-AUS-01A-2010,Australian Open,G,20100118,Hard,128,127,3:127,126,1,38,0,0,2,36,10,,deciding_set_extends_past_6_all_cap_unknown,2 deciding set(s) went past 7 games (longest 10); that rules out a tiebreak at 6-all but does not separate an advantage set from a tiebreak at a later game count
2010,2010-W-SL-FRA-01A-2010,Roland Garros,G,20100524,Clay,128,127,3:127,126,1,31,0,0,2,29,10,,deciding_set_extends_past_6_all_cap_unknown,2 deciding set(s) went past 7 games (longest 10); that rules out a tiebreak at 6-all but does not separate an advantage set from a tiebreak at a later game count
2010,2010-W-SL-GBR-01A-2010,Wimbledon,G,20100621,Grass,128,127,3:127,124,3,31,0,0,2,29,9,,deciding_set_extends_past_6_all_cap_unknown,2 deciding set(s) went past 7 games (longest 9); that rules out a tiebreak at 6-all but does not separate an advantage set from a tiebreak at a later game count
2010,2010-W-SL-USA-01A-2010,US Open,G,20100830,Hard,128,127,3:127,124,3,32,4,0,0,28,7,2:1|4:1|6:1|7:1,deciding_set_tiebreak_at_6_all_length_unknown,4 deciding set(s) ended 7-6; the score string does not say whether the tiebreak was first to 7 or first to 10
2010,2010-W-WT-QAT-01A-2010,WTA Championships,F,20101025,Hard,4,15,3:15,15,0,4,1,0,0,3,7,4:1,deciding_set_tiebreak_at_6_all_length_unknown,1 deciding set(s) ended 7-6; the score string does not say whether the tiebreak was first to 7 or first to 10
2011,2011-D001,Fed Cup WG R1: AUS vs ITA,D,20110205,Hard,4,4,3:4,4,0,3,0,0,0,3,7,,not_observable_no_deciding_set_reached_6_all,"3 deciding set(s), none reached 6-6"
2011,2011-D002,Fed Cup WG R1: RUS vs FRA,D,20110205,Hard,4,4,3:4,4,0,2,0,0,0,2,6,,not_observable_no_deciding_set_reached_6_all,"2 deciding set(s), none reached 6-6"
2011,2011-D003,Fed Cup WG R1: SVK vs CZE,D,20110205,Hard,4,4,3:3|5:1,3,1,0,0,0,0,0,0,,not_observable_no_deciding_set_played,no completed match reached a deciding set
2011,2011-D004,Fed Cup WG R1: BEL vs USA,D,20110205,Hard,4,4,3:4,4,0,1,0,0,0,1,6,,not_observable_no_deciding_set_reached_6_all,"1 deciding set(s), none reached 6-6"
2011,2011-D005,Fed Cup WG SF: RUS vs ITA,D,20110416,Hard,4,4,3:4,4,0,1,0,0,0,1,6,,not_observable_no_deciding_set_reached_6_all,"1 deciding set(s), none reached 6-6"
2011,2011-D006,Fed Cup WG SF: BEL vs CZE,D,20110416,Hard,4,4,3:4,4,0,1,0,0,0,1,6,,not_observable_no_deciding_set_reached_6_all,"1 deciding set(s), none reached 6-6"
2011,2011-D007,Fed Cup WG F: RUS vs CZE,D,20111105,Hard,4,4,3:4,4,0,1,0,0,0,1,6,,not_observable_no_deciding_set_reached_6_all,"1 deciding set(s), none reached 6-6"
2011,2011-D008,Fed Cup WG PO: GER vs USA,D,20110416,Clay,4,4,3:4,4,0,0,0,0,0,0,0,,not_observable_no_deciding_set_played,no completed match reached a deciding set
2011,2011-D009,Fed Cup WG PO: ESP vs FRA,D,20110416,Clay,4,4,3:4,4,0,1,0,0,0,1,6,,not_observable_no_deciding_set_reached_6_all,"1 deciding set(s), none reached 6-6"
2011,2011-D010,Fed Cup WG PO: SVK vs SRB,D,20110416,Clay,4,4,3:3|5:1,3,1,2,0,0,0,2,7,,not_observable_no_deciding_set_reached_6_all,"2 deciding set(s), none reached 6-6"
2011,2011-D011,Fed Cup WG PO: AUS vs UKR,D,20110416,Clay,4,4,3:4,4,0,0,0,0,0,0,0,,not_observable_no_deciding_set_played,no completed match reached a deciding set
2011,2011-D012,Fed Cup WG2 PO: BLR vs EST,D,20110416,Hard,4,4,3:4,4,0,0,0,0,0,0,0,,not_observable_no_deciding_set_played,no completed match reached a deciding set
2011,2011-D013,Fed Cup WG2 PO: JPN vs ARG,D,20110716,Hard,4,3,3:3,3,0,0,0,0,0,0,0,,not_observable_no_deciding_set_played,no completed match reached a deciding set
2011,2011-D014,Fed Cup WG2 PO: SLO vs CAN,D,20110416,Clay,4,4,3:4,4,0,1,0,0,1,0,8,,deciding_set_extends_past_6_all_cap_unknown,1 deciding set(s) went past 7 games (longest 8); that rules out a tiebreak at 6-all but does not separate an advantage set from a tiebreak at a later game count
2011,2011-D015,Fed Cup WG2 PO: SUI vs SWE,D,20110416,Clay,4,4,3:4,4,0,1,0,0,0,1,6,,not_observable_no_deciding_set_reached_6_all,"1 deciding set(s), none reached 6-6"
2011,2011-D016,Fed Cup WG2 R1: EST vs ESP,D,20110205,Hard,4,4,3:4,4,0,1,0,0,0,1,6,,not_observable_no_deciding_set_reached_6_all,"1 deciding set(s), none reached 6-6"
2011,2011-D017,Fed Cup WG2 R1: SLO vs GER,D,20110205,Clay,4,4,3:4,4,0,0,0,0,0,0,0,,not_observable_no_deciding_set_played,no completed match reached a deciding set
2011,2011-D018,Fed Cup WG2 R1: SRB vs CAN,D,20110205,Hard,4,4,3:4,4,0,1,0,0,0,1,7,,not_observable_no_deciding_set_reached_6_all,"1 deciding set(s), none reached 6-6"
2011,2011-D019,Fed Cup WG2 R1: SWE vs UKR,D,20110205,Hard,4,4,3:4,4,0,1,0,0,0,1,6,,not_observable_no_deciding_set_reached_6_all,"1 deciding set(s), none reached 6-6"
2011,2011-D020,Fed Cup G1 RRA: SUI vs GBR,D,20110202,Hard,4,2,3:2,2,0,0,0,0,0,0,0,,not_observable_no_deciding_set_played,no completed match reached a deciding set
2011,2011-D021,Fed Cup G1 RRA: SUI vs DEN,D,20110203,Hard,4,2,3:2,2,0,0,0,0,0,0,0,,not_observable_no_deciding_set_played,no completed match reached a deciding set
2011,2011-D022,Fed Cup G1 RRA: GBR vs DEN,D,20110204,Hard,4,2,3:2,2,0,0,0,0,0,0,0,,not_observable_no_deciding_set_played,no completed match reached a deciding set
2011,2011-D023,Fed Cup G1 RRB: POL vs ISR,D,20110203,Hard,4,2,3:2,2,0,0,0,0,0,0,0,,not_observable_no_deciding_set_played,no completed match reached a deciding set
2011,2011-D024,Fed Cup G1 RRB: POL vs BUL,D,20110202,Hard,4,2,3:2,2,0,1,1,0,0,0,7,5:1,deciding_set_tiebreak_at_6_all_length_unknown,1 deciding set(s) ended 7-6; the score string does not say whether the tiebreak was first to 7 or first to 10
2011,2011-D025,Fed Cup G1 RRB: POL vs LUX,D,20110204,Hard,4,2,3:2,2,0,0,0,0,0,0,0,,not_observable_no_deciding_set_played,no completed match reached a deciding set
2011,2011-D026,Fed Cup G1 RRB: ISR vs BUL,D,20110204,Hard,4,2,3:2,2,0,1,0,0,0,1,6,,not_observable_no_deciding_set_reached_6_all,"1 deciding set(s), none reached 6-6"
2011,2011-D027,Fed Cup G1 RRB: ISR vs LUX,D,20110202,Hard,4,2,3:2,2,0,1,0,0,0,1,6,,not_observable_no_deciding_set_reached_6_all,"1 deciding set(s), none reached 6-6"
2011,2011-D028,Fed Cup G1 RRB: BUL vs LUX,D,20110203,Hard,4,2,3:2,2,0,0,0,0,0,0,0,,not_observable_no_deciding_set_played,no completed match reached a deciding set
2011,2011-D029,Fed Cup G1 RRC: BLR vs AUT,D,20110202,Hard,4,2,3:2,2,0,0,0,0,0,0,0,,not_observable_no_deciding_set_played,no completed match reached a deciding set
2011,2011-D030,Fed Cup G1 RRC: BLR vs CRO,D,20110203,Hard,4,2,3:2,2,0,0,0,0,0,0,0,,not_observable_no_deciding_set_played,no completed match reached a deciding set
2011,2011-D031,Fed Cup G1 RRC: BLR vs GRE,D,20110204,Hard,4,2,3:1|5:1,1,1,0,0,0,0,0,0,,not_observable_no_deciding_set_played,no completed match reached a deciding set
2011,2011-D032,Fed Cup G1 RRC: AUT vs CRO,D,20110204,Hard,4,2,3:2,2,0,2,0,0,0,2,7,,not_observable_no_deciding_set_reached_6_all,"2 deciding set(s), none reached 6-6"
2011,2011-D033,Fed Cup G1 RRC: AUT vs GRE,D,20110203,Hard,4,2,3:2,2,0,1,0,0,0,1,6,,not_observable_no_deciding_set_reached_6_all,"1 deciding set(s), none reached 6-6"
2011,2011-D034,Fed Cup G1 RRC: CRO vs GRE,D,20110202,Hard,4,2,3:2,2,0,2,0,0,0,2,6,,not_observable_no_deciding_set_reached_6_all,"2 deciding set(s), none reached 6-6"
2011,2011-D035,Fed Cup G1 RRD: NED vs HUN,D,20110203,Hard,4,2,3:2,2,0,0,0,0,0,0,0,,not_observable_no_deciding_set_played,no completed match reached a deciding set
2011,2011-D036,Fed Cup G1 RRD: NED vs ROU,D,20110202,Hard,4,2,3:2,2,0,0,0,0,0,0,0,,not_observable_no_deciding_set_played,no completed match reached a deciding set
2011,2011-D037,Fed Cup G1 RRD: NED vs LAT,D,20110204,Hard,4,2,3:2,2,0,0,0,0,0,0,0,,not_observable_no_deciding_set_played,no completed match reached a deciding set
2011,2011-D038,Fed Cup G1 RRD: HUN vs ROU,D,20110204,Hard,4,2,3:2,2,0,0,0,0,0,0,0,,not_observable_no_deciding_set_played,no completed match reached a deciding set
2011,2011-D039,Fed Cup G1 RRD: HUN vs LAT,D,20110202,Hard,4,2,3:2,2,0,0,0,0,0,0,0,,not_observable_no_deciding_set_played,no completed match reached a deciding set
2011,2011-D040,Fed Cup G1 RRD: ROU vs LAT,D,20110203,Hard,4,2,3:2,2,0,0,0,0,0,0,0,,not_observable_no_deciding_set_played,no completed match reached a deciding set
2011,2011-D041,Fed Cup G1 RRA: CHN vs UZB,D,20110131,Hard,4,2,3:2,2,0,1,0,0,0,1,6,,not_observable_no_deciding_set_reached_6_all,"1 deciding set(s), none reached 6-6"
2011,2011-D042,Fed Cup G1 RRA: THA vs CHN,D,20110131,Hard,4,2,3:1|5:1,1,1,1,0,0,0,1,6,,not_observable_no_deciding_set_reached_6_all,"1 deciding set(s), none reached 6-6"
2011,2011-D043,Fed Cup G1 RRA: CHN vs IND,D,20110131,Hard,4,2,3:2,2,0,1,0,0,0,1,6,,not_observable_no_deciding_set_reached_6_all,"1 deciding set(s), none reached 6-6"
2011,2011-D044,Fed Cup G1 RRA: THA vs UZB,D,20110131,Hard,4,2,3:2,2,0,0,0,0,0,0,0,,not_observable_no_deciding_set_played,no completed match reached a deciding set
2011,2011-D045,Fed Cup G1 RRA: UZB vs IND,D,20110131,Hard,4,2,3:2,2,0,0,0,0,0,0,0,,not_observable_no_deciding_set_played,no completed match reached a deciding set
2011,2011-D046,Fed Cup G1 RRA: THA vs IND,D,20110131,Hard,4,2,3:2,2,0,0,0,0,0,0,0,,not_observable_no_deciding_set_played,no completed match reached a deciding set
2011,2011-D047,Fed Cup G1 RRB: JPN vs TPE,D,20110131,Hard,4,2,3:2,2,0,1,0,0,0,1,6,,not_observable_no_deciding_set_reached_6_all,"1 deciding set(s), none reached 6-6"
2011,2011-D048,Fed Cup G1 RRB: JPN vs KAZ,D,20110131,Hard,4,2,3:1|5:1,1,1,0,0,0,0,0,0,,not_observable_no_deciding_set_played,no completed match reached a deciding set
2011,2011-D049,Fed Cup G1 RRB: JPN vs KOR,D,20110131,Hard,4,2,3:2,2,0,0,0,0,0,0,0,,not_observable_no_deciding_set_played,no completed match reached a deciding set
2011,2011-D050,Fed Cup G1 RRB: TPE vs KAZ,D,20110131,Hard,4,2,3:2,2,0,0,0,0,0,0,0,,not_observable_no_deciding_set_played,no completed match reached a deciding set
2011,2011-D051,Fed Cup G1 RRB: TPE vs KOR,D,20110131,Hard,4,2,3:1|5:1,1,1,0,0,0,0,0,0,,not_observable_no_deciding_set_played,no completed match reached a deciding set
2011,2011-D052,Fed Cup G1 RRB: KAZ vs KOR,D,20110131,Hard,4,2,3:2,2,0,0,0,0,0,0,0,,not_observable_no_deciding_set_played,no completed match reached a deciding set
2011,2011-D053,Fed Cup G2 RRA: INA vs KGZ,D,20110131,Hard,4,2,3:2,2,0,0,0,0,0,0,0,,not_observable_no_deciding_set_played,no completed match reached a deciding set
2011,2011-D054,Fed Cup G2 RRA: INA vs PHI,D,20110131,Hard,4,2,3:2,2,0,0,0,0,0,0,0,,not_observable_no_deciding_set_played,no completed match reached a deciding set
2011,2011-D055,Fed Cup G2 RRA: INA vs PAK,D,20110131,Hard,4,2,3:2,2,0,0,0,0,0,0,0,,not_observable_no_deciding_set_played,no completed match reached a deciding set
2011,2011-D056,Fed Cup G2 RRA: KGZ vs PHI,D,20110131,Hard,4,2,3:2,2,0,0,0,0,0,0,0,,not_observable_no_deciding_set_played,no completed match reached a deciding set
2011,2011-D057,Fed Cup G2 RRA: KGZ vs PAK,D,20110131,Hard,4,2,3:2,2,0,0,0,0,0,0,0,,not_observable_no_deciding_set_played,no completed match reached a deciding set
2011,2011-D058,Fed Cup G2 RRA: PHI vs PAK,D,20110131,Hard,4,2,3:2,2,0,1,0,0,0,1,6,,not_observable_no_deciding_set_reached_6_all,"1 deciding set(s), none reached 6-6"
2011,2011-D059,Fed Cup G2 RRB: HKG vs SIN,D,20110131,Hard,4,2,3:2,2,0,0,0,0,0,0,0,,not_observable_no_deciding_set_played,no completed match reached a deciding set
2011,2011-D060,Fed Cup G2 RRB: HKG vs TKM,D,20110131,Hard,4,2,3:2,2,0,0,0,0,0,0,0,,not_observable_no_deciding_set_played,no completed match reached a deciding set
2011,2011-D061,Fed Cup G2 RRB: HKG vs OMA,D,20110131,Hard,4,2,3:2,2,0,1,0,0,0,1,6,,not_observable_no_deciding_set_reached_6_all,"1 deciding set(s), none reached 6-6"
2011,2011-D062,Fed Cup G2 RRB: SIN vs TKM,D,20110131,Hard,4,2,3:2,2,0,0,0,0,0,0,0,,not_observable_no_deciding_set_played,no completed match reached a deciding set
2011,2011-D063,Fed Cup G2 RRB: SIN vs OMA,D,20110131,Hard,4,2,3:2,2,0,0,0,0,0,0,0,,not_observable_no_deciding_set_played,no completed match reached a deciding set
2011,2011-D064,Fed Cup G2 RRB: TKM vs OMA,D,20110131,Hard,4,2,3:2,2,0,1,0,0,0,1,6,,not_observable_no_deciding_set_reached_6_all,"1 deciding set(s), none reached 6-6"
2011,2011-D065,Fed Cup G1 RRA: ARG vs PAR,D,20110203,Clay,4,2,3:2,2,0,1,0,0,0,1,6,,not_observable_no_deciding_set_reached_6_all,"1 deciding set(s), none reached 6-6"
2011,2011-D066,Fed Cup G1 RRA: ARG vs PER,D,20110204,Clay,4,2,3:2,2,0,0,0,0,0,0,0,,not_observable_no_deciding_set_played,no completed match reached a deciding set
2011,2011-D067,Fed Cup G1 RRA: ARG vs BOL,D,20110202,Clay,4,2,3:2,2,0,0,0,0,0,0,0,,not_observable_no_deciding_set_played,no completed match reached a deciding set
2011,2011-D068,Fed Cup G1 RRA: PAR vs PER,D,20110202,Clay,4,2,3:2,2,0,0,0,0,0,0,0,,not_observable_no_deciding_set_played,no completed match reached a deciding set
2011,2011-D069,Fed Cup G1 RRA: PAR vs BOL,D,20110204,Clay,4,2,3:2,2,0,0,0,0,0,0,0,,not_observable_no_deciding_set_played,no completed match reached a deciding set
2011,2011-D070,Fed Cup G1 RRA: PER vs BOL,D,20110203,Clay,4,2,3:2,2,0,0,0,0,0,0,0,,not_observable_no_deciding_set_played,no completed match reached a deciding set
2011,2011-D071,Fed Cup G1 RRB: COL vs BRA,D,20110204,Clay,4,2,3:2,2,0,0,0,0,0,0,0,,not_observable_no_deciding_set_played,no completed match reached a deciding set
2011,2011-D072,Fed Cup G1 RRB: COL vs CHI,D,20110203,Clay,4,2,3:2,2,0,0,0,0,0,0,0,,not_observable_no_deciding_set_played,no completed match reached a deciding set
2011,2011-D073,Fed Cup G1 RRB: COL vs MEX,D,20110202,Clay,4,2,3:2,2,0,1,0,0,0,1,6,,not_observable_no_deciding_set_reached_6_all,"1 deciding set(s), none reached 6-6"
2011,2011-D074,Fed Cup G1 RRB: BRA vs CHI,D,20110202,Clay,4,2,3:2,2,0,0,0,0,0,0,0,,not_observable_no_deciding_set_played,no completed match reached a deciding set
2011,2011-D075,Fed Cup G1 RRB: BRA vs MEX,D,20110203,Clay,4,2,3:2,2,0,0,0,0,0,0,0,,not_observable_no_deciding_set_played,no completed match reached a deciding set
2011,2011-D076,Fed Cup G1 RRB: CHI vs MEX,D,20110204,Clay,4,2,3:2,2,0,0,0,0,0,0,0,,not_observable_no_deciding_set_played,no completed match reached a deciding set
2011,2011-D077,Fed Cup G1 PO: IND vs TPE,D,20110131,Hard,4,2,3:2,2,0,0,0,0,0,0,0,,not_observable_no_deciding_set_played,no completed match reached a deciding set
2011,2011-D078,Fed Cup G1 PO: THA vs KAZ,D,20110131,Hard,4,2,3:2,2,0,1,0,0,0,1,6,,not_observable_no_deciding_set_reached_6_all,"1 deciding set(s), none reached 6-6"
2011,2011-D079,Fed Cup G1 PO: CHN vs KOR,D,20110131,Hard,4,2,3:2,2,0,0,0,0,0,0,0,,not_observable_no_deciding_set_played,no completed match reached a deciding set
2011,2011-D080,Fed Cup G1 PO: UZB vs JPN,D,20110131,Hard,4,2,3:2,2,0,0,0,0,0,0,0,,not_observable_no_deciding_set_played,no completed match reached a deciding set
2011,2011-D081,Fed Cup G2 PO: PHI vs SIN,D,20110131,Hard,4,2,3:2,2,0,1,1,0,0,0,7,5:1,deciding_set_tiebreak_at_6_all_length_unknown,1 deciding set(s) ended 7-6; the score string does not say whether the tiebreak was first to 7 or first to 10
2011,2011-D082,Fed Cup G2 PO: PAK vs TKM,D,20110131,Hard,4,2,3:2,2,0,0,0,0,0,0,0,,not_observable_no_deciding_set_played,no completed match reached a deciding set
2011,2011-D083,Fed Cup G2 PO: KGZ vs OMA,D,20110131,Hard,4,2,3:2,2,0,0,0,0,0,0,0,,not_observable_no_deciding_set_played,no completed match reached a deciding set
2011,2011-D084,Fed Cup G2 PO: INA vs HKG,D,20110131,Hard,4,2,3:2,2,0,1,0,0,0,1,7,,not_observable_no_deciding_set_reached_6_all,"1 deciding set(s), none reached 6-6"
2011,2011-D085,Fed Cup G1 PO: PAR vs MEX,D,20110205,Clay,4,2,3:2,2,0,1,0,0,0,1,6,,not_observable_no_deciding_set_reached_6_all,"1 deciding set(s), none reached 6-6"
2011,2011-D086,Fed Cup G1 PO: CHI vs BOL,D,20110205,Clay,4,2,3:2,2,0,1,0,0,0,1,6,,not_observable_no_deciding_set_reached_6_all,"1 deciding set(s), none reached 6-6"
2011,2011-D087,Fed Cup G1 PO: PER vs BRA,D,20110205,Clay,4,2,3:2,2,0,0,0,0,0,0,0,,not_observable_no_deciding_set_played,no completed match reached a deciding set
2011,2011-D088,Fed Cup G1 PO: ARG vs COL,D,20110205,Clay,4,2,3:2,2,0,0,0,0,0,0,0,,not_observable_no_deciding_set_played,no completed match reached a deciding set
2011,2011-D089,Fed Cup G1 PO: DEN vs GRE,D,20110205,Hard,4,2,3:2,2,0,0,0,0,0,0,0,,not_observable_no_deciding_set_played,no completed match reached a deciding set
2011,2011-D090,Fed Cup G1 PO: BUL vs LAT,D,20110205,Hard,4,2,3:2,2,0,1,0,0,0,1,6,,not_observable_no_deciding_set_reached_6_all,"1 deciding set(s), none reached 6-6"
2011,2011-D091,Fed Cup G1 PO: CRO vs GBR,D,20110205,Hard,4,2,3:2,2,0,0,0,0,0,0,0,,not_observable_no_deciding_set_played,no completed match reached a deciding set
2011,2011-D092,Fed Cup G1 PO: ISR vs ROU,D,20110205,Hard,4,2,3:2,2,0,0,0,0,0,0,0,,not_observable_no_deciding_set_played,no completed match reached a deciding set
2011,2011-D093,Fed Cup G1 PO: AUT vs LUX,D,20110205,Hard,4,2,3:2,2,0,0,0,0,0,0,0,,not_observable_no_deciding_set_played,no completed match reached a deciding set
2011,2011-D094,Fed Cup G1 PO: BLR vs POL,D,20110205,Hard,4,2,3:2,2,0,0,0,0,0,0,0,,not_observable_no_deciding_set_played,no completed match reached a deciding set
2011,2011-D095,Fed Cup G1 PO: NED vs SUI,D,20110205,Hard,4,2,3:2,2,0,1,0,0,0,1,7,,not_observable_no_deciding_set_reached_6_all,"1 deciding set(s), none reached 6-6"
2011,2011-D096,Fed Cup G3 RRA: RSA vs ALG,D,20110504,Clay,4,2,3:2,2,0,0,0,0,0,0,0,,not_observable_no_deciding_set_played,no completed match reached a deciding set
2011,2011-D097,Fed Cup G3 RRA: RSA vs LTU,D,20110505,Clay,4,2,3:2,2,0,0,0,0,0,0,0,,not_observable_no_deciding_set_played,no completed match reached a deciding set
2011,2011-D098,Fed Cup G3 RRA: RSA vs MNE,D,20110506,Clay,4,2,3:2,2,0,0,0,0,0,0,0,,not_observable_no_deciding_set_played,no completed match reached a deciding set
2011,2011-D099,Fed Cup G3 RRA: ALG vs LTU,D,20110506,Clay,4,2,3:2,2,0,0,0,0,0,0,0,,not_observable_no_deciding_set_played,no completed match reached a deciding set
2011,2011-D100,Fed Cup G3 RRA: ALG vs MNE,D,20110505,Clay,4,2,3:2,2,0,0,0,0,0,0,0,,not_observable_no_deciding_set_played,no completed match reached a deciding set
2011,2011-D101,Fed Cup G3 RRA: LTU vs MNE,D,20110504,Clay,4,2,3:2,2,0,0,0,0,0,0,0,,not_observable_no_deciding_set_played,no completed match reached a deciding set
2011,2011-D102,Fed Cup G3 RRB: EGY vs NOR,D,20110506,Clay,4,2,3:2,2,0,1,0,0,0,1,6,,not_observable_no_deciding_set_reached_6_all,"1 deciding set(s), none reached 6-6"
2011,2011-D103,Fed Cup G3 RRB: NOR vs IRL,D,20110503,Clay,4,2,3:2,2,0,0,0,0,0,0,0,,not_observable_no_deciding_set_played,no completed match reached a deciding set
2011,2011-D104,Fed Cup G3 RRB: NOR vs MDA,D,20110504,Clay,4,2,3:2,2,0,1,0,0,0,1,6,,not_observable_no_deciding_set_reached_6_all,"1 deciding set(s), none reached 6-6"
2011,2011-D105,Fed Cup G3 RRB: NOR vs TUN,D,20110505,Clay,4,2,3:2,2,0,0,0,0,0,0,0,,not_observable_no_deciding_set_played,no completed match reached a deciding set
2011,2011-D106,Fed Cup G3 RRB: EGY vs IRL,D,20110504,Clay,4,2,3:2,2,0,1,0,0,0,1,6,,not_observable_no_deciding_set_reached_6_all,"1 deciding set(s), none reached 6-6"
2011,2011-D107,Fed Cup G3 RRB: EGY vs MDA,D,20110505,Clay,4,2,3:2,2,0,1,0,0,0,1,6,,not_observable_no_deciding_set_reached_6_all,"1 deciding set(s), none reached 6-6"
2011,2011-D108,Fed Cup G3 RRB: EGY vs TUN,D,20110502,Clay,4,2,3:2,2,0,0,0,0,0,0,0,,not_observable_no_deciding_set_played,no completed match reached a deciding set
2011,2011-D109,Fed Cup G3 RRB: IRL vs MDA,D,20110502,Clay,4,2,3:2,2,0,0,0,0,0,0,0,,not_observable_no_deciding_set_played,no completed match reached a deciding set
2011,2011-D110,Fed Cup G3 RRB: IRL vs TUN,D,20110506,Clay,4,2,3:2,2,0,0,0,0,0,0,0,,not_observable_no_deciding_set_played,no completed match reached a deciding set
2011,2011-D111,Fed Cup G3 RRB: MDA vs TUN,D,20110503,Clay,4,2,3:2,2,0,0,0,0,0,0,0,,not_observable_no_deciding_set_played,no completed match reached a deciding set
2011,2011-D112,Fed Cup G2 RRA: FIN vs MAR,D,20110504,Clay,4,2,3:2,2,0,1,0,0,0,1,6,,not_observable_no_deciding_set_reached_6_all,"1 deciding set(s), none reached 6-6"
2011,2011-D113,Fed Cup G2 RRA: FIN vs POR,D,20110506,Clay,4,2,3:2,2,0,1,0,0,0,1,7,,not_observable_no_deciding_set_reached_6_all,"1 deciding set(s), none reached 6-6"
2011,2011-D114,Fed Cup G2 RRA: MAR vs POR,D,20110505,Clay,4,2,3:2,2,0,2,0,0,0,2,6,,not_observable_no_deciding_set_reached_6_all,"2 deciding set(s), none reached 6-6"
2011,2011-D115,Fed Cup G2 RRB: GEO vs ARM,D,20110504,Clay,4,2,3:2,2,0,0,0,0,0,0,0,,not_observable_no_deciding_set_played,no completed match reached a deciding set
2011,2011-D116,Fed Cup G2 RRB: GEO vs BIH,D,20110505,Clay,4,2,3:2,2,0,0,0,0,0,0,0,,not_observable_no_deciding_set_played,no completed match reached a deciding set
2011,2011-D117,Fed Cup G2 RRB: GEO vs TUR,D,20110506,Clay,4,2,3:2,2,0,1,0,0,0,1,7,,not_observable_no_deciding_set_reached_6_all,"1 deciding set(s), none reached 6-6"
2011,2011-D118,Fed Cup G2 RRB: ARM vs BIH,D,20110506,Clay,4,2,3:2,2,0,1,0,0,0,1,6,,not_observable_no_deciding_set_reached_6_all,"1 deciding set(s), none reached 6-6"
2011,2011-D119,Fed Cup G2 RRB: ARM vs TUR,D,20110505,Clay,4,2,3:2,2,0,0,0,0,0,0,0,,not_observable_no_deciding_set_played,no completed match reached a deciding set
2011,2011-D120,Fed Cup G2 RRB: BIH vs TUR,D,20110504,Clay,4,2,3:2,2,0,1,0,0,0,1,7,,not_observable_no_deciding_set_reached_6_all,"1 deciding set(s), none reached 6-6"
2011,2011-D121,Fed Cup G3 PO: EGY vs RSA,D,20110507,Clay,4,2,3:2,2,0,0,0,0,0,0,0,,not_observable_no_deciding_set_played,no completed match reached a deciding set
2011,2011-D122,Fed Cup G3 PO: TUN vs MNE,D,20110507,Clay,4,2,3:2,2,0,1,0,0,0,1,6,,not_observable_no_deciding_set_reached_6_all,"1 deciding set(s), none reached 6-6"
2011,2011-D125,Fed Cup G2 PO: POR vs GEO,D,20110507,Clay,4,2,3:2,2,0,1,1,0,0,0,7,6:1,deciding_set_tiebreak_at_6_all_length_unknown,1 deciding set(s) ended 7-6; the score string does not say whether the tiebreak was first to 7 or first to 10
2011,2011-D126,Fed Cup G2 PO: BIH vs FIN,D,20110507,Clay,4,2,3:2,2,0,1,0,0,0,1,6,,not_observable_no_deciding_set_reached_6_all,"1 deciding set(s), none reached 6-6"
2011,2011-D127,Fed Cup G2 PO: MAR vs TUR,D,20110507,Clay,4,2,3:2,2,0,1,0,0,0,1,7,,not_observable_no_deciding_set_reached_6_all,"1 deciding set(s), none reached 6-6"
2011,2011-D128,Fed Cup G2 RRA: PUR vs GUA,D,20110520,Hard,4,2,3:2,2,0,0,0,0,0,0,0,,not_observable_no_deciding_set_played,no completed match reached a deciding set
2011,2011-D129,Fed Cup G2 RRA: PUR vs TRI,D,20110519,Hard,4,2,3:2,2,0,1,0,0,0,1,6,,not_observable_no_deciding_set_reached_6_all,"1 deciding set(s), none reached 6-6"
2011,2011-D130,Fed Cup G2 RRA: DOM vs PUR,D,20110516,Hard,4,2,3:2,2,0,0,0,0,0,0,0,,not_observable_no_deciding_set_played,no completed match reached a deciding set
2011,2011-D131,Fed Cup G2 RRA: PUR vs URU,D,20110517,Hard,4,2,3:2,2,0,0,0,0,0,0,0,,not_observable_no_deciding_set_played,no completed match reached a deciding set
2011,2011-D132,Fed Cup G2 RRA: GUA vs TRI,D,20110516,Hard,4,2,3:2,2,0,0,0,0,0,0,0,,not_observable_no_deciding_set_played,no completed match reached a deciding set
2011,2011-D133,Fed Cup G2 RRA: DOM vs GUA,D,20110517,Hard,4,2,3:2,2,0,0,0,0,0,0,0,,not_observable_no_deciding_set_played,no completed match reached a deciding set
2011,2011-D134,Fed Cup G2 RRA: GUA vs URU,D,20110518,Hard,4,2,3:2,2,0,0,0,0,0,0,0,,not_observable_no_deciding_set_played,no completed match reached a deciding set
2011,2011-D135,Fed Cup G2 RRA: DOM vs TRI,D,20110518,Hard,4,2,3:2,2,0,0,0,0,0,0,0,,not_observable_no_deciding_set_played,no completed match reached a deciding set
2011,2011-D136,Fed Cup G2 RRA: TRI vs URU,D,20110520,Hard,4,2,3:2,2,0,1,0,0,0,1,6,,not_observable_no_deciding_set_reached_6_all,"1 deciding set(s), none reached 6-6"
2011,2011-D137,Fed Cup G2 RRA: DOM vs URU,D,20110519,Hard,4,2,3:2,2,0,0,0,0,0,0,0,,not_observable_no_deciding_set_played,no completed match reached a deciding set
2011,2011-D138,Fed Cup G2 RRB: BAH vs ECU,D,20110520,Hard,4,2,3:2,2,0,2,1,0,0,1,7,3:1,deciding_set_tiebreak_at_6_all_length_unknown,1 deciding set(s) ended 7-6; the score string does not say whether the tiebreak was first to 7 or first to 10
2011,2011-D139,Fed Cup G2 RRB: BAH vs CRC,D,20110519,Hard,4,2,3:2,2,0,0,0,0,0,0,0,,not_observable_no_deciding_set_played,no completed match reached a deciding set
2011,2011-D140,Fed Cup G2 RRB: BAH vs VEN,D,20110516,Hard,4,2,3:2,2,0,0,0,0,0,0,0,,not_observable_no_deciding_set_played,no completed match reached a deciding set
2011,2011-D141,Fed Cup G2 RRB: BAH vs PAN,D,20110517,Hard,4,2,3:2,2,0,0,0,0,0,0,0,,not_observable_no_deciding_set_played,no completed match reached a deciding set
2011,2011-D142,Fed Cup G2 RRB: ECU vs CRC,D,20110516,Hard,4,2,3:2,2,0,2,0,0,0,2,7,,not_observable_no_deciding_set_reached_6_all,"2 deciding set(s), none reached 6-6"
2011,2011-D143,Fed Cup G2 RRB: ECU vs VEN,D,20110517,Hard,4,2,3:2,2,0,0,0,0,0,0,0,,not_observable_no_deciding_set_played,no completed match reached a deciding set
2011,2011-D144,Fed Cup G2 RRB: ECU vs PAN,D,20110518,Hard,4,2,3:2,2,0,0,0,0,0,0,0,,not_observable_no_deciding_set_played,no completed match reached a deciding set
2011,2011-D145,Fed Cup G2 RRB: CRC vs VEN,D,20110518,Hard,4,2,3:2,2,0,0,0,0,0,0,0,,not_observable_no_deciding_set_played,no completed match reached a deciding set
2011,2011-D146,Fed Cup G2 RRB: CRC vs PAN,D,20110520,Hard,4,2,3:2,2,0,0,0,0,0,0,0,,not_observable_no_deciding_set_played,no completed match reached a deciding set
2011,2011-D147,Fed Cup G2 RRB: VEN vs PAN,D,20110519,Hard,4,2,3:2,2,0,0,0,0,0,0,0,,not_observable_no_deciding_set_played,no completed match reached a deciding set
2011,2011-D148,Fed Cup G2 PO: GUA vs BAH,D,20110521,Hard,4,2,3:2,2,0,0,0,0,0,0,0,,not_observable_no_deciding_set_played,no completed match reached a deciding set
2011,2011-D149,Fed Cup G2 PO: URU vs VEN,D,20110521,Hard,4,2,3:2,2,0,0,0,0,0,0,0,,not_observable_no_deciding_set_played,no completed match reached a deciding set
2011,2011-D150,Fed Cup G2 PO: TRI vs PAN,D,20110521,Hard,4,2,3:2,2,0,0,0,0,0,0,0,,not_observable_no_deciding_set_played,no completed match reached a deciding set
2011,2011-D151,Fed Cup G2 PO: DOM vs CRC,D,20110521,Hard,4,2,3:2,2,0,0,0,0,0,0,0,,not_observable_no_deciding_set_played,no completed match reached a deciding set
2011,2011-D152,Fed Cup G2 PO: PUR vs ECU,D,20110521,Hard,4,2,3:2,2,0,0,0,0,0,0,0,,not_observable_no_deciding_set_played,no completed match reached a deciding set
2011,2011-W-CHA-INA-01A-2011,Tournament of Champions,F,20111031,Hard,8,7,3:7,5,2,0,0,0,0,0,0,,not_observable_no_deciding_set_played,no completed match reached a deciding set
2011,2011-W-INT-AUS-01A-2011,Brisbane,I,20110103,Hard,32,31,3:31,31,0,9,0,0,0,9,7,,not_observable_no_deciding_set_reached_6_all,"9 deciding set(s), none reached 6-6"
2011,2011-W-INT-AUS-02A-2011,Hobart,I,20110110,Hard,32,31,3:31,30,1,6,1,0,0,5,7,3:1,deciding_set_tiebreak_at_6_all_length_unknown,1 deciding set(s) ended 7-6; the score string does not say whether the tiebreak was first to 7 or first to 10
2011,2011-W-INT-AUT-01A-2011,Bad Gastein,I,20110711,Clay,32,31,3:31,30,1,7,2,0,0,5,7,5:1|6:1,deciding_set_tiebreak_at_6_all_length_unknown,2 deciding set(s) ended 7-6; the score string does not say whether the tiebreak was first to 7 or first to 10
2011,2011-W-INT-AUT-02A-2011,Linz,I,20111010,Hard,32,31,3:31,27,4,12,1,0,0,11,7,7:1,deciding_set_tiebreak_at_6_all_length_unknown,1 deciding set(s) ended 7-6; the score string does not say whether the tiebreak was first to 7 or first to 10
2011,2011-W-INT-AZE-01A-2011,Baku,I,20110718,Hard,32,31,3:31,28,3,6,0,0,0,6,7,,not_observable_no_deciding_set_reached_6_all,"6 deciding set(s), none reached 6-6"
2011,2011-W-INT-CAN-01A-2011,Quebec City,I,20110912,Hard,32,31,3:31,31,0,15,1,0,0,14,7,4:1,deciding_set_tiebreak_at_6_all_length_unknown,1 deciding set(s) ended 7-6; the score string does not say whether the tiebreak was first to 7 or first to 10
2011,2011-W-INT-CHN-01A-2011,Guangzhou,I,20110919,Hard,32,31,3:31,30,1,12,1,0,0,11,7,4:1,deciding_set_tiebreak_at_6_all_length_unknown,1 deciding set(s) ended 7-6; the score string does not say whether the tiebreak was first to 7 or first to 10
2011,2011-W-INT-COL-01A-2011,Bogota,I,20110214,Clay,32,31,3:31,29,2,14,2,0,0,12,7,4:1|5:1,deciding_set_tiebreak_at_6_all_length_unknown,2 deciding set(s) ended 7-6; the score string does not say whether the tiebreak was first to 7 or first to 10
2011,2011-W-INT-DEN-01A-2011,Copenhagen,I,20110606,Hard,32,31,3:31,31,0,13,2,0,0,11,7,5:2,deciding_set_tiebreak_at_6_all_length_unknown,2 deciding set(s) ended 7-6; the score string does not say whether the tiebreak was first to 7 or first to 10
2011,2011-W-INT-ESP-01A-2011,Marbella,I,20110404,Clay,32,31,3:31,30,1,11,1,0,0,10,7,0:1,deciding_set_tiebreak_at_6_all_length_unknown,1 deciding set(s) ended 7-6; the score string does not say whether the tiebreak was first to 7 or first to 10
2011,2011-W-INT-ESP-02A-2011,Barcelona,I,20110425,Clay,32,31,3:31,30,1,7,1,0,0,6,7,4:1,deciding_set_tiebreak_at_6_all_length_unknown,1 deciding set(s) ended 7-6; the score string does not say whether the tiebreak was first to 7 or first to 10
2011,2011-W-INT-FRA-01A-2011,Strasbourg,I,20110516,Clay,32,31,3:31,28,3,4,1,0,0,3,7,5:1,deciding_set_tiebreak_at_6_all_length_unknown,1 deciding set(s) ended 7-6; the score string does not say whether the tiebreak was first to 7 or first to 10
2011,2011-W-INT-GBR-01A-2011,Birmingham,I,20110606,Grass,56,55,3:55,54,1,16,2,0,0,14,7,2:1|4:1,deciding_set_tiebreak_at_6_all_length_unknown,2 deciding set(s) ended 7-6; the score string does not say whether the tiebreak was first to 7 or first to 10
2011,2011-W-INT-HUN-01A-2011,Budapest,I,20110704,Clay,32,31,3:31,29,2,6,0,0,0,6,6,,not_observable_no_deciding_set_reached_6_all,"6 deciding set(s), none reached 6-6"
2011,2011-W-INT-ITA-01A-2011,Palermo,I,20110711,Clay,32,31,3:31,31,0,9,1,0,0,8,7,4:1,deciding_set_tiebreak_at_6_all_length_unknown,1 deciding set(s) ended 7-6; the score string does not say whether the tiebreak was first to 7 or first to 10
2011,2011-W-INT-JPN-01A-2011,Osaka,I,20111010,Hard,32,31,3:31,31,0,6,1,0,0,5,7,5:1,deciding_set_tiebreak_at_6_all_length_unknown,1 deciding set(s) ended 7-6; the score string does not say whether the tiebreak was first to 7 or first to 10
2011,2011-W-INT-KOR-01A-2011,Seoul,I,20110919,Hard,32,31,3:31,30,1,3,0,0,0,3,7,,not_observable_no_deciding_set_reached_6_all,"3 deciding set(s), none reached 6-6"
2011,2011-W-INT-LUX-01A-2011,Luxembourg,I,20111017,Hard,32,31,3:31,28,3,10,1,0,0,9,7,3:1,deciding_set_tiebreak_at_6_all_length_unknown,1 deciding set(s) ended 7-6; the score string does not say whether the tiebreak was first to 7 or first to 10
2011,2011-W-INT-MAR-01A-2011,Fes,I,20110418,Clay,32,31,3:31,28,3,10,0,0,0,10,6,,not_observable_no_deciding_set_reached_6_all,"10 deciding set(s), none reached 6-6"
2011,2011-W-INT-MAS-01A-2011,Kuala Lumpur,I,20110228,Hard,32,31,3:31,31,0,12,1,0,0,11,7,5:1,deciding_set_tiebreak_at_6_all_length_unknown,1 deciding set(s) ended 7-6; the score string does not say whether the tiebreak was first to 7 or first to 10
2011,2011-W-INT-MEX-01A-2011,Acapulco,I,20110221,Clay,32,31,3:31,28,3,9,0,0,0,9,6,,not_observable_no_deciding_set_reached_6_all,"9 deciding set(s), none reached 6-6"
2011,2011-W-INT-MEX-02A-2011,Monterrey,I,20110228,Hard,32,31,3:31,31,0,10,0,0,0,10,6,,not_observable_no_deciding_set_reached_6_all,"10 deciding set(s), none reached 6-6"
2011,2011-W-INT-NED-01A-2011,'s Hertogenbosch,I,20110613,Grass,32,31,3:31,30,1,5,0,0,0,5,7,,not_observable_no_deciding_set_reached_6_all,"5 deciding set(s), none reached 6-6"
2011,2011-W-INT-NZL-01A-2011,Auckland,I,20110103,Hard,32,31,3:31,30,1,9,0,0,0,9,7,,not_observable_no_deciding_set_reached_6_all,"9 deciding set(s), none reached 6-6"
2011,2011-W-INT-POR-01A-2011,Estoril,I,20110425,Clay,32,31,3:31,29,2,7,0,0,0,7,6,,not_observable_no_deciding_set_reached_6_all,"7 deciding set(s), none reached 6-6"
2011,2011-W-INT-SWE-01A-2011,Bastad,I,20110704,Clay,32,31,3:31,30,1,12,2,0,0,10,7,3:1|4:1,deciding_set_tiebreak_at_6_all_length_unknown,2 deciding set(s) ended 7-6; the score string does not say whether the tiebreak was first to 7 or first to 10
2011,2011-W-INT-THA-01A-2011,Pattaya,I,20110207,Hard,32,31,3:31,31,0,9,0,0,0,9,7,,not_observable_no_deciding_set_reached_6_all,"9 deciding set(s), none reached 6-6"
2011,2011-W-INT-USA-01A-2011,Memphis,I,20110214,Hard,32,31,3:31,30,1,9,2,0,0,7,7,5:1|9:1,deciding_set_tiebreak_at_6_all_length_unknown,2 deciding set(s) ended 7-6; the score string does not say whether the tiebreak was first to 7 or first to 10
2011,2011-W-INT-USA-02A-2011,Washington,I,20110725,Hard,32,31,3:31,30,1,9,1,0,0,8,7,2:1,deciding_set_tiebreak_at_6_all_length_unknown,1 deciding set(s) ended 7-6; the score string does not say whether the tiebreak was first to 7 or first to 10
2011,2011-W-INT-USA-03A-2011,Dallas,I,20110822,Hard,32,31,3:31,29,2,6,1,0,0,5,7,2:1,deciding_set_tiebreak_at_6_all_length_unknown,1 deciding set(s) ended 7-6; the score string does not say whether the tiebreak was first to 7 or first to 10
2011,2011-W-INT-UZB-01A-2011,Tashkent,I,20110912,Hard,32,31,3:31,30,1,11,0,0,0,11,6,,not_observable_no_deciding_set_reached_6_all,"11 deciding set(s), none reached 6-6"
2011,2011-W-PM-CHN-01A-2011,Beijing,PM,20111003,Hard,60,59,3:59,54,5,18,1,0,0,17,7,2:1,deciding_set_tiebreak_at_6_all_length_unknown,1 deciding set(s) ended 7-6; the score string does not say whether the tiebreak was first to 7 or first to 10
2011,2011-W-PM-ESP-01A-2011,Madrid,PM,20110502,Clay,64,63,3:63,62,1,24,3,0,0,21,7,3:2|4:1,deciding_set_tiebreak_at_6_all_length_unknown,3 deciding set(s) ended 7-6; the score string does not say whether the tiebreak was first to 7 or first to 10
2011,2011-W-PM-USA-01A-2011,Indian Wells,PM,20110307,Hard,96,95,3:95,90,5,35,4,0,0,31,7,3:2|4:1|6:1,deciding_set_tiebreak_at_6_all_length_unknown,4 deciding set(s) ended 7-6; the score string does not say whether the tiebreak was first to 7 or first to 10
2011,2011-W-PM-USA-02A-2011,Miami,PM,20110321,Hard,96,95,3:95,92,3,28,6,0,0,22,7,2:1|5:5,deciding_set_tiebreak_at_6_all_length_unknown,6 deciding set(s) ended 7-6; the score string does not say whether the tiebreak was first to 7 or first to 10
2011,2011-W-PR-AUS-01A-2011,Sydney,P,20110110,Hard,30,29,3:29,29,0,9,1,0,0,8,7,1:1,deciding_set_tiebreak_at_6_all_length_unknown,1 deciding set(s) ended 7-6; the score string does not say whether the tiebreak was first to 7 or first to 10
2011,2011-W-PR-BEL-01A-2011,Brussels,P,20110516,Clay,30,29,3:29,27,2,12,0,0,0,12,7,,not_observable_no_deciding_set_reached_6_all,"12 deciding set(s), none reached 6-6"
2011,2011-W-PR-CAN-01A-2011,Toronto,P,20110808,Hard,56,55,3:55,51,4,9,0,0,0,9,6,,not_observable_no_deciding_set_reached_6_all,"9 deciding set(s), none reached 6-6"
2011,2011-W-PR-FRA-01A-2011,Paris,P,20110207,Carpet,30,29,3:29,29,0,10,3,0,0,7,7,1:1|3:1|9:1,deciding_set_tiebreak_at_6_all_length_unknown,3 deciding set(s) ended 7-6; the score string does not say whether the tiebreak was first to 7 or first to 10
2011,2011-W-PR-GBR-01A-2011,Eastbourne,P,20110613,Grass,32,31,3:31,29,2,10,2,0,0,8,7,2:1|7:1,deciding_set_tiebreak_at_6_all_length_unknown,2 deciding set(s) ended 7-6; the score string does not say whether the tiebreak was first to 7 or first to 10
2011,2011-W-PR-GER-01A-2011,Stuttgart,P,20110418,Clay,28,27,3:27,25,2,6,1,0,0,5,7,3:1,deciding_set_tiebreak_at_6_all_length_unknown,1 deciding set(s) ended 7-6; the score string does not say whether the tiebreak was first to 7 or first to 10
2011,2011-W-PR-ITA-01A-2011,Rome,P,20110509,Clay,56,55,3:55,52,3,15,4,0,0,11,7,3:1|4:1|7:1|9:1,deciding_set_tiebreak_at_6_all_length_unknown,4 deciding set(s) ended 7-6; the score string does not say whether the tiebreak was first to 7 or first to 10
2011,2011-W-PR-JPN-01A-2011,Tokyo,P,20110926,Hard,56,55,3:55,53,2,15,0,0,0,15,7,,not_observable_no_deciding_set_reached_6_all,"15 deciding set(s), none reached 6-6"
2011,2011-W-PR-QAT-01A-2011,Doha,P,20110221,Hard,28,27,3:27,27,0,7,2,0,0,5,7,1:1|8:1,deciding_set_tiebreak_at_6_all_length_unknown,2 deciding set(s) ended 7-6; the score string does not say whether the tiebreak was first to 7 or first to 10
2011,2011-W-PR-RUS-01A-2011,Moscow,P,20111017,Hard,28,27,3:27,25,2,7,1,0,0,6,7,7:1,deciding_set_tiebreak_at_6_all_length_unknown,1 deciding set(s) ended 7-6; the score string does not say whether the tiebreak was first to 7 or first to 10
2011,2011-W-PR-UAE-01A-2011,Dubai,P,20110214,Hard,56,55,3:55,54,1,20,2,0,0,18,7,4:1|5:1,deciding_set_tiebreak_at_6_all_length_unknown,2 deciding set(s) ended 7-6; the score string does not say whether the tiebreak was first to 7 or first to 10
2011,2011-W-PR-USA-01A-2011,Charleston,P,20110404,Clay,56,55,3:55,54,1,18,2,0,0,16,7,3:1|6:1,deciding_set_tiebreak_at_6_all_length_unknown,2 deciding set(s) ended 7-6; the score string does not say whether the tiebreak was first to 7 or first to 10
2011,2011-W-PR-USA-02A-2011,Stanford,P,20110725,Hard,28,27,3:27,25,2,7,0,0,0,7,6,,not_observable_no_deciding_set_reached_6_all,"7 deciding set(s), none reached 6-6"
2011,2011-W-PR-USA-03A-2011,San Diego,P,20110801,Hard,56,55,3:55,51,4,21,3,0,0,18,7,3:1|7:2,deciding_set_tiebreak_at_6_all_length_unknown,3 deciding set(s) ended 7-6; the score string does not say whether the tiebreak was first to 7 or first to 10
2011,2011-W-PR-USA-04A-2011,Cincinnati,P,20110815,Hard,56,55,3:55,52,3,19,0,0,0,19,6,,not_observable_no_deciding_set_reached_6_all,"19 deciding set(s), none reached 6-6"
2011,2011-W-PR-USA-05A-2011,New Haven,P,20110822,Hard,30,29,3:29,28,1,7,1,0,0,6,7,9:1,deciding_set_tiebreak_at_6_all_length_unknown,1 deciding set(s) ended 7-6; the score string does not say whether the tiebreak was first to 7 or first to 10
2011,2011-W-SL-AUS-01A-2011,Australian Open,G,20110117,Hard,128,127,3:127,126,1,48,0,0,8,40,16,,advantage_deciding_set,"8 deciding set(s) went past 7 games with no tiebreak and the longest reached 16 games, past any 12-all cap"
2011,2011-W-SL-FRA-01A-2011,Roland Garros,G,20110523,Clay,128,127,3:127,125,2,38,0,0,2,36,9,,deciding_set_extends_past_6_all_cap_unknown,2 deciding set(s) went past 7 games (longest 9); that rules out a tiebreak at 6-all but does not separate an advantage set from a tiebreak at a later game count
2011,2011-W-SL-GBR-01A-2011,Wimbledon,G,20110620,Grass,128,127,3:127,125,2,44,0,0,8,36,11,,deciding_set_extends_past_6_all_cap_unknown,8 deciding set(s) went past 7 games (longest 11); that rules out a tiebreak at 6-all but does not separate an advantage set from a tiebreak at a later game count
2011,2011-W-SL-USA-01A-2011,US Open,G,20110829,Hard,128,127,3:127,121,6,32,2,0,0,30,7,3:2,deciding_set_tiebreak_at_6_all_length_unknown,2 deciding set(s) ended 7-6; the score string does not say whether the tiebreak was first to 7 or first to 10
2011,2011-W-WT-TUR-01A-2011,WTA Championships,F,20111024,Hard,4,15,3:15,15,0,6,0,0,0,6,7,,not_observable_no_deciding_set_reached_6_all,"6 deciding set(s), none reached 6-6"
2012,2012-D001,Fed Cup WG R1: RUS vs ESP,D,20120204,Hard,4,4,3:4,4,0,1,0,0,0,1,6,,not_observable_no_deciding_set_reached_6_all,"1 deciding set(s), none reached 6-6"
2012,2012-D002,Fed Cup WG R1: BEL vs SRB,D,20120204,Hard,4,4,3:4,4,0,0,0,0,0,0,0,,not_observable_no_deciding_set_played,no completed match reached a deciding set
2012,2012-D003,Fed Cup WG R1: ITA vs UKR,D,20120204,Clay,4,4,3:3|5:1,3,1,1,0,0,0,1,6,,not_observable_no_deciding_set_reached_6_all,"1 deciding set(s), none reached 6-6"
2012,2012-D004,Fed Cup WG R1: GER vs CZE,D,20120204,Hard,4,4,3:4,4,0,3,0,0,1,2,10,,deciding_set_extends_past_6_all_cap_unknown,1 deciding set(s) went past 7 games (longest 10); that rules out a tiebreak at 6-all but does not separate an advantage set from a tiebreak at a later game count
2012,2012-D005,Fed Cup WG SF: RUS vs SRB,D,20120421,Clay,4,4,3:4,4,0,2,0,0,0,2,6,,not_observable_no_deciding_set_reached_6_all,"2 deciding set(s), none reached 6-6"
2012,2012-D006,Fed Cup WG SF: CZE vs ITA,D,20120421,Hard,4,4,3:4,4,0,1,0,0,0,1,6,,not_observable_no_deciding_set_reached_6_all,"1 deciding set(s), none reached 6-6"
2012,2012-D007,Fed Cup WG F: CZE vs SRB,D,20121103,Hard,4,4,3:4,4,0,0,0,0,0,0,0,,not_observable_no_deciding_set_played,no completed match reached a deciding set
2012,2012-D008,Fed Cup WG PO: UKR vs USA,D,20120421,Clay,4,4,3:4,4,0,1,0,0,0,1,6,,not_observable_no_deciding_set_reached_6_all,"1 deciding set(s), none reached 6-6"
2012,2012-D009,Fed Cup WG PO: JPN vs BEL,D,20120421,Hard,4,4,3:4,4,0,0,0,0,0,0,0,,not_observable_no_deciding_set_played,no completed match reached a deciding set
2012,2012-D010,Fed Cup WG PO: ESP vs SVK,D,20120421,Clay,4,4,3:4,4,0,1,0,0,0,1,6,,not_observable_no_deciding_set_reached_6_all,"1 deciding set(s), none reached 6-6"
2012,2012-D011,Fed Cup WG PO: GER vs AUS,D,20120421,Clay,4,4,3:4,4,0,0,0,0,0,0,0,,not_observable_no_deciding_set_played,no completed match reached a deciding set
2012,2012-D012,Fed Cup WG2 R1: USA vs BLR,D,20120204,Hard,4,4,3:4,4,0,1,0,0,0,1,6,,not_observable_no_deciding_set_reached_6_all,"1 deciding set(s), none reached 6-6"
2012,2012-D013,Fed Cup WG2 R1: JPN vs SLO,D,20120204,Hard,4,4,3:4,4,0,3,0,0,0,3,6,,not_observable_no_deciding_set_reached_6_all,"3 deciding set(s), none reached 6-6"
2012,2012-D014,Fed Cup WG2 R1: SVK vs FRA,D,20120204,Hard,4,4,3:4,4,0,1,0,0,1,0,9,,deciding_set_extends_past_6_all_cap_unknown,1 deciding set(s) went past 7 games (longest 9); that rules out a tiebreak at 6-all but does not separate an advantage set from a tiebreak at a later game count
2012,2012-D015,Fed Cup WG2 R1: SUI vs AUS,D,20120204,Clay,4,4,3:4,4,0,2,0,0,2,0,8,,deciding_set_extends_past_6_all_cap_unknown,2 deciding set(s) went past 7 games (longest 8); that rules out a tiebreak at 6-all but does not separate an advantage set from a tiebreak at a later game count
2012,2012-D016,Fed Cup WG2 PO: FRA vs SLO,D,20120421,Hard,4,4,3:4,4,0,2,0,0,1,1,8,,deciding_set_extends_past_6_all_cap_unknown,1 deciding set(s) went past 7 games (longest 8); that rules out a tiebreak at 6-all but does not separate an advantage set from a tiebreak at a later game count
2012,2012-D017,Fed Cup WG2 PO: SUI vs BLR,D,20120421,Hard,4,4,3:4,4,0,2,0,0,0,2,6,,not_observable_no_deciding_set_reached_6_all,"2 deciding set(s), none reached 6-6"
2012,2012-D018,Fed Cup WG2 PO: SWE vs GBR,D,20120421,Hard,4,4,3:4,4,0,2,0,0,0,2,6,,not_observable_no_deciding_set_reached_6_all,"2 deciding set(s), none reached 6-6"
2012,2012-D019,Fed Cup WG2 PO: ARG vs CHN,D,20120421,Clay,4,4,3:4,4,0,1,0,0,0,1,6,,not_observable_no_deciding_set_reached_6_all,"1 deciding set(s), none reached 6-6"
2012,2012-D020,Fed Cup G1 RRA: EST vs AUT,D,20120202,Hard,4,2,3:2,2,0,0,0,0,0,0,0,,not_observable_no_deciding_set_played,no completed match reached a deciding set
2012,2012-D021,Fed Cup G1 RRA: EST vs BUL,D,20120201,Hard,4,2,3:2,2,0,0,0,0,0,0,0,,not_observable_no_deciding_set_played,no completed match reached a deciding set
2012,2012-D022,Fed Cup G1 RRA: AUT vs BUL,D,20120203,Hard,4,2,3:2,2,0,1,0,0,0,1,6,,not_observable_no_deciding_set_reached_6_all,"1 deciding set(s), none reached 6-6"
2012,2012-D023,Fed Cup G1 RRB: SWE vs HUN,D,20120202,Hard,4,2,3:2,2,0,0,0,0,0,0,0,,not_observable_no_deciding_set_played,no completed match reached a deciding set
2012,2012-D024,Fed Cup G1 RRB: SWE vs GRE,D,20120203,Hard,4,2,3:2,2,0,0,0,0,0,0,0,,not_observable_no_deciding_set_played,no completed match reached a deciding set
2012,2012-D025,Fed Cup G1 RRB: SWE vs BIH,D,20120201,Hard,4,2,3:2,2,0,0,0,0,0,0,0,,not_observable_no_deciding_set_played,no completed match reached a deciding set
2012,2012-D026,Fed Cup G1 RRB: HUN vs GRE,D,20120201,Hard,4,2,3:2,2,0,0,0,0,0,0,0,,not_observable_no_deciding_set_played,no completed match reached a deciding set
2012,2012-D027,Fed Cup G1 RRB: HUN vs BIH,D,20120203,Hard,4,2,3:2,2,0,1,0,0,0,1,6,,not_observable_no_deciding_set_reached_6_all,"1 deciding set(s), none reached 6-6"
2012,2012-D028,Fed Cup G1 RRB: GRE vs BIH,D,20120202,Hard,4,2,3:2,2,0,0,0,0,0,0,0,,not_observable_no_deciding_set_played,no completed match reached a deciding set
2012,2012-D029,Fed Cup G1 RRC: NED vs GBR,D,20120202,Hard,4,2,3:2,2,0,1,0,0,0,1,6,,not_observable_no_deciding_set_reached_6_all,"1 deciding set(s), none reached 6-6"
2012,2012-D030,Fed Cup G1 RRC: ISR vs NED,D,20120201,Hard,4,2,3:2,2,0,1,0,0,0,1,6,,not_observable_no_deciding_set_reached_6_all,"1 deciding set(s), none reached 6-6"
2012,2012-D031,Fed Cup G1 RRC: NED vs POR,D,20120203,Hard,4,2,3:2,2,0,1,0,0,0,1,6,,not_observable_no_deciding_set_reached_6_all,"1 deciding set(s), none reached 6-6"
2012,2012-D032,Fed Cup G1 RRC: ISR vs GBR,D,20120203,Hard,4,2,3:2,2,0,0,0,0,0,0,0,,not_observable_no_deciding_set_played,no completed match reached a deciding set
2012,2012-D033,Fed Cup G1 RRC: GBR vs POR,D,20120201,Hard,4,2,3:2,2,0,0,0,0,0,0,0,,not_observable_no_deciding_set_played,no completed match reached a deciding set
2012,2012-D034,Fed Cup G1 RRC: ISR vs POR,D,20120202,Hard,4,2,3:2,2,0,0,0,0,0,0,0,,not_observable_no_deciding_set_played,no completed match reached a deciding set
2012,2012-D035,Fed Cup G1 RRD: POL vs ROU,D,20120203,Hard,4,2,3:2,2,0,0,0,0,0,0,0,,not_observable_no_deciding_set_played,no completed match reached a deciding set
2012,2012-D036,Fed Cup G1 RRD: POL vs CRO,D,20120202,Hard,4,2,3:2,2,0,0,0,0,0,0,0,,not_observable_no_deciding_set_played,no completed match reached a deciding set
2012,2012-D037,Fed Cup G1 RRD: POL vs LUX,D,20120201,Hard,4,2,3:2,2,0,0,0,0,0,0,0,,not_observable_no_deciding_set_played,no completed match reached a deciding set
2012,2012-D038,Fed Cup G1 RRD: ROU vs CRO,D,20120201,Hard,4,2,3:2,2,0,1,0,0,0,1,6,,not_observable_no_deciding_set_reached_6_all,"1 deciding set(s), none reached 6-6"
2012,2012-D039,Fed Cup G1 RRD: ROU vs LUX,D,20120202,Hard,4,2,3:2,2,0,0,0,0,0,0,0,,not_observable_no_deciding_set_played,no completed match reached a deciding set
2012,2012-D040,Fed Cup G1 RRD: CRO vs LUX,D,20120203,Hard,4,2,3:1|5:1,1,1,1,0,0,0,1,6,,not_observable_no_deciding_set_reached_6_all,"1 deciding set(s), none reached 6-6"
2012,2012-D041,Fed Cup G1 RRA: CAN vs ARG,D,20120202,Clay,4,2,3:2,2,0,0,0,0,0,0,0,,not_observable_no_deciding_set_played,no completed match reached a deciding set
2012,2012-D042,Fed Cup G1 RRA: CAN vs PER,D,20120201,Clay,4,2,3:2,2,0,1,0,0,0,1,7,,not_observable_no_deciding_set_reached_6_all,"1 deciding set(s), none reached 6-6"
2012,2012-D043,Fed Cup G1 RRA: CAN vs BAH,D,20120203,Clay,4,2,3:2,2,0,0,0,0,0,0,0,,not_observable_no_deciding_set_played,no completed match reached a deciding set
2012,2012-D044,Fed Cup G1 RRA: ARG vs PER,D,20120203,Clay,4,2,3:2,2,0,0,0,0,0,0,0,,not_observable_no_deciding_set_played,no completed match reached a deciding set
2012,2012-D045,Fed Cup G1 RRA: ARG vs BAH,D,20120201,Clay,4,2,3:2,2,0,0,0,0,0,0,0,,not_observable_no_deciding_set_played,no completed match reached a deciding set
2012,2012-D046,Fed Cup G1 RRA: PER vs BAH,D,20120202,Clay,4,2,3:2,2,0,0,0,0,0,0,0,,not_observable_no_deciding_set_played,no completed match reached a deciding set
2012,2012-D047,Fed Cup G1 RRB: COL vs PAR,D,20120201,Clay,4,2,3:2,2,0,0,0,0,0,0,0,,not_observable_no_deciding_set_played,no completed match reached a deciding set
2012,2012-D048,Fed Cup G1 RRB: BRA vs COL,D,20120203,Clay,4,2,3:2,2,0,1,1,0,0,0,7,4:1,deciding_set_tiebreak_at_6_all_length_unknown,1 deciding set(s) ended 7-6; the score string does not say whether the tiebreak was first to 7 or first to 10
2012,2012-D049,Fed Cup G1 RRB: COL vs VEN,D,20120130,Clay,4,2,3:2,2,0,0,0,0,0,0,0,,not_observable_no_deciding_set_played,no completed match reached a deciding set
2012,2012-D050,Fed Cup G1 RRB: COL vs BOL,D,20120131,Clay,4,2,3:2,2,0,0,0,0,0,0,0,,not_observable_no_deciding_set_played,no completed match reached a deciding set
2012,2012-D051,Fed Cup G1 RRB: BRA vs PAR,D,20120131,Clay,4,2,3:2,2,0,0,0,0,0,0,0,,not_observable_no_deciding_set_played,no completed match reached a deciding set
2012,2012-D052,Fed Cup G1 RRB: PAR vs VEN,D,20120202,Clay,4,2,3:2,2,0,0,0,0,0,0,0,,not_observable_no_deciding_set_played,no completed match reached a deciding set
2012,2012-D053,Fed Cup G1 RRB: PAR vs BOL,D,20120130,Clay,4,2,3:2,2,0,0,0,0,0,0,0,,not_observable_no_deciding_set_played,no completed match reached a deciding set
2012,2012-D054,Fed Cup G1 RRB: BRA vs VEN,D,20120201,Clay,4,2,3:2,2,0,0,0,0,0,0,0,,not_observable_no_deciding_set_played,no completed match reached a deciding set
2012,2012-D055,Fed Cup G1 RRB: BRA vs BOL,D,20120202,Clay,4,2,3:2,2,0,0,0,0,0,0,0,,not_observable_no_deciding_set_played,no completed match reached a deciding set
2012,2012-D056,Fed Cup G1 RRB: VEN vs BOL,D,20120203,Clay,4,2,3:2,2,0,0,0,0,0,0,0,,not_observable_no_deciding_set_played,no completed match reached a deciding set
2012,2012-D057,Fed Cup G1 RRA: CHN vs UZB,D,20120203,Hard,4,2,3:2,2,0,1,0,0,0,1,6,,not_observable_no_deciding_set_reached_6_all,"1 deciding set(s), none reached 6-6"
2012,2012-D058,Fed Cup G1 RRA: CHN vs TPE,D,20120202,Hard,4,2,3:2,2,0,0,0,0,0,0,0,,not_observable_no_deciding_set_played,no completed match reached a deciding set
2012,2012-D059,Fed Cup G1 RRA: UZB vs TPE,D,20120201,Hard,4,2,3:2,2,0,1,0,0,0,1,7,,not_observable_no_deciding_set_reached_6_all,"1 deciding set(s), none reached 6-6"
2012,2012-D060,Fed Cup G1 RRB: THA vs KAZ,D,20120203,Hard,4,2,3:2,2,0,0,0,0,0,0,0,,not_observable_no_deciding_set_played,no completed match reached a deciding set
2012,2012-D061,Fed Cup G1 RRB: THA vs KOR,D,20120202,Hard,4,2,3:2,2,0,1,0,0,0,1,6,,not_observable_no_deciding_set_reached_6_all,"1 deciding set(s), none reached 6-6"
2012,2012-D062,Fed Cup G1 RRB: THA vs INA,D,20120201,Hard,4,2,3:2,2,0,0,0,0,0,0,0,,not_observable_no_deciding_set_played,no completed match reached a deciding set
2012,2012-D063,Fed Cup G1 RRB: KAZ vs KOR,D,20120201,Hard,4,2,3:2,2,0,0,0,0,0,0,0,,not_observable_no_deciding_set_played,no completed match reached a deciding set
2012,2012-D064,Fed Cup G1 RRB: KAZ vs INA,D,20120202,Hard,4,2,3:2,2,0,0,0,0,0,0,0,,not_observable_no_deciding_set_played,no completed match reached a deciding set
2012,2012-D065,Fed Cup G1 RRB: KOR vs INA,D,20120203,Hard,4,2,3:2,2,0,0,0,0,0,0,0,,not_observable_no_deciding_set_played,no completed match reached a deciding set
2012,2012-D066,Fed Cup G2 RRA: HKG vs SIN,D,20120202,Hard,4,2,3:2,2,0,0,0,0,0,0,0,,not_observable_no_deciding_set_played,no completed match reached a deciding set
2012,2012-D067,Fed Cup G2 RRA: HKG vs KGZ,D,20120203,Hard,4,2,3:2,2,0,1,0,0,0,1,6,,not_observable_no_deciding_set_reached_6_all,"1 deciding set(s), none reached 6-6"
2012,2012-D068,Fed Cup G2 RRA: HKG vs PAK,D,20120201,Hard,4,2,3:2,2,0,0,0,0,0,0,0,,not_observable_no_deciding_set_played,no completed match reached a deciding set
2012,2012-D069,Fed Cup G2 RRA: HKG vs SRI,D,20120131,Hard,4,2,3:2,2,0,0,0,0,0,0,0,,not_observable_no_deciding_set_played,no completed match reached a deciding set
2012,2012-D070,Fed Cup G2 RRA: SIN vs KGZ,D,20120201,Hard,4,2,3:2,2,0,1,0,0,0,1,6,,not_observable_no_deciding_set_reached_6_all,"1 deciding set(s), none reached 6-6"
2012,2012-D071,Fed Cup G2 RRA: SIN vs PAK,D,20120131,Hard,4,2,3:2,2,0,1,0,0,0,1,6,,not_observable_no_deciding_set_reached_6_all,"1 deciding set(s), none reached 6-6"
2012,2012-D072,Fed Cup G2 RRA: SIN vs SRI,D,20120130,Hard,4,2,3:2,2,0,0,0,0,0,0,0,,not_observable_no_deciding_set_played,no completed match reached a deciding set
2012,2012-D073,Fed Cup G2 RRA: KGZ vs PAK,D,20120130,Hard,4,2,3:2,2,0,0,0,0,0,0,0,,not_observable_no_deciding_set_played,no completed match reached a deciding set
2012,2012-D074,Fed Cup G2 RRA: KGZ vs SRI,D,20120202,Hard,4,2,3:2,2,0,0,0,0,0,0,0,,not_observable_no_deciding_set_played,no completed match reached a deciding set
2012,2012-D075,Fed Cup G2 RRA: PAK vs SRI,D,20120203,Hard,4,2,3:2,2,0,0,0,0,0,0,0,,not_observable_no_deciding_set_played,no completed match reached a deciding set
2012,2012-D076,Fed Cup G2 RRB: PHI vs IND,D,20120203,Hard,4,2,3:2,2,0,1,0,0,0,1,6,,not_observable_no_deciding_set_reached_6_all,"1 deciding set(s), none reached 6-6"
2012,2012-D077,Fed Cup G2 RRB: PHI vs TKM,D,20120202,Hard,4,2,3:2,2,0,1,0,0,0,1,6,,not_observable_no_deciding_set_reached_6_all,"1 deciding set(s), none reached 6-6"
2012,2012-D078,Fed Cup G2 RRB: PHI vs OMA,D,20120201,Hard,4,2,3:2,2,0,1,0,0,0,1,6,,not_observable_no_deciding_set_reached_6_all,"1 deciding set(s), none reached 6-6"
2012,2012-D079,Fed Cup G2 RRB: PHI vs IRI,D,20120131,Hard,4,2,3:2,2,0,0,0,0,0,0,0,,not_observable_no_deciding_set_played,no completed match reached a deciding set
2012,2012-D080,Fed Cup G2 RRB: IND vs TKM,D,20120201,Hard,4,2,3:2,2,0,0,0,0,0,0,0,,not_observable_no_deciding_set_played,no completed match reached a deciding set
2012,2012-D081,Fed Cup G2 RRB: IND vs OMA,D,20120131,Hard,4,2,3:2,2,0,1,0,0,0,1,6,,not_observable_no_deciding_set_reached_6_all,"1 deciding set(s), none reached 6-6"
2012,2012-D082,Fed Cup G2 RRB: IND vs IRI,D,20120130,Hard,4,2,3:2,2,0,0,0,0,0,0,0,,not_observable_no_deciding_set_played,no completed match reached a deciding set
2012,2012-D083,Fed Cup G2 RRB: TKM vs OMA,D,20120130,Hard,4,2,3:2,2,0,0,0,0,0,0,0,,not_observable_no_deciding_set_played,no completed match reached a deciding set
2012,2012-D084,Fed Cup G2 RRB: TKM vs IRI,D,20120203,Hard,4,2,3:2,2,0,0,0,0,0,0,0,,not_observable_no_deciding_set_played,no completed match reached a deciding set
2012,2012-D085,Fed Cup G2 RRB: OMA vs IRI,D,20120202,Hard,4,2,3:2,2,0,0,0,0,0,0,0,,not_observable_no_deciding_set_played,no completed match reached a deciding set
2012,2012-D086,Fed Cup G1 PO: CHN vs KAZ,D,20120204,Hard,4,2,3:2,2,0,2,0,0,0,2,6,,not_observable_no_deciding_set_reached_6_all,"2 deciding set(s), none reached 6-6"
2012,2012-D087,Fed Cup G1 PO: TPE vs THA,D,20120204,Hard,4,2,3:2,2,0,0,0,0,0,0,0,,not_observable_no_deciding_set_played,no completed match reached a deciding set
2012,2012-D088,Fed Cup G1 PO: UZB vs INA,D,20120204,Hard,4,2,3:2,2,0,1,0,0,0,1,6,,not_observable_no_deciding_set_reached_6_all,"1 deciding set(s), none reached 6-6"
2012,2012-D089,Fed Cup G2 PO: HKG vs IND,D,20120204,Hard,4,2,3:2,2,0,1,0,0,0,1,6,,not_observable_no_deciding_set_reached_6_all,"1 deciding set(s), none reached 6-6"
2012,2012-D090,Fed Cup G2 PO: KGZ vs PHI,D,20120204,Hard,4,2,3:2,2,0,0,0,0,0,0,0,,not_observable_no_deciding_set_played,no completed match reached a deciding set
2012,2012-D091,Fed Cup G2 PO: SIN vs TKM,D,20120204,Hard,4,2,3:2,2,0,0,0,0,0,0,0,,not_observable_no_deciding_set_played,no completed match reached a deciding set
2012,2012-D092,Fed Cup G2 PO: PAK vs OMA,D,20120204,Hard,4,2,3:2,2,0,0,0,0,0,0,0,,not_observable_no_deciding_set_played,no completed match reached a deciding set
2012,2012-D093,Fed Cup G2 PO: SRI vs IRI,D,20120204,Hard,4,2,3:2,2,0,0,0,0,0,0,0,,not_observable_no_deciding_set_played,no completed match reached a deciding set
2012,2012-D094,Fed Cup G1 PO: AUT vs GBR,D,20120204,Hard,4,2,3:2,2,0,0,0,0,0,0,0,,not_observable_no_deciding_set_played,no completed match reached a deciding set
2012,2012-D095,Fed Cup G1 PO: SWE vs POL,D,20120204,Hard,4,2,3:2,2,0,0,0,0,0,0,0,,not_observable_no_deciding_set_played,no completed match reached a deciding set
2012,2012-D096,Fed Cup G1 PO: BUL vs POR,D,20120204,Hard,4,2,3:2,2,0,0,0,0,0,0,0,,not_observable_no_deciding_set_played,no completed match reached a deciding set
2012,2012-D097,Fed Cup G1 PO: HUN vs ROU,D,20120204,Hard,4,2,3:2,2,0,0,0,0,0,0,0,,not_observable_no_deciding_set_played,no completed match reached a deciding set
2012,2012-D098,Fed Cup G1 PO: BIH vs CRO,D,20120204,Hard,4,2,3:1|5:1,1,1,0,0,0,0,0,0,,not_observable_no_deciding_set_played,no completed match reached a deciding set
2012,2012-D099,Fed Cup G1 PO: EST vs NED,D,20120204,Hard,4,2,3:2,2,0,1,0,0,0,1,6,,not_observable_no_deciding_set_reached_6_all,"1 deciding set(s), none reached 6-6"
2012,2012-D100,Fed Cup G1 PO: GRE vs LUX,D,20120204,Hard,4,2,3:2,2,0,1,0,0,0,1,7,,not_observable_no_deciding_set_reached_6_all,"1 deciding set(s), none reached 6-6"
2012,2012-D101,Fed Cup G1 PO: ARG vs COL,D,20120204,Clay,4,2,3:2,2,0,1,0,0,0,1,6,,not_observable_no_deciding_set_reached_6_all,"1 deciding set(s), none reached 6-6"
2012,2012-D102,Fed Cup G1 PO: CAN vs PAR,D,20120204,Clay,4,2,3:2,2,0,2,0,0,0,2,6,,not_observable_no_deciding_set_reached_6_all,"2 deciding set(s), none reached 6-6"
2012,2012-D103,Fed Cup G1 PO: PER vs BOL,D,20120204,Clay,4,2,3:2,2,0,0,0,0,0,0,0,,not_observable_no_deciding_set_played,no completed match reached a deciding set
2012,2012-D104,Fed Cup G1 PO: VEN vs BAH,D,20120204,Clay,4,2,3:2,2,0,0,0,0,0,0,0,,not_observable_no_deciding_set_played,no completed match reached a deciding set
2012,2012-D105,Fed Cup G3 RRA: MAR vs ARM,D,20120420,Clay,4,2,3:2,2,0,0,0,0,0,0,0,,not_observable_no_deciding_set_played,no completed match reached a deciding set
2012,2012-D106,Fed Cup G3 RRA: MAR vs IRL,D,20120418,Clay,4,2,3:2,2,0,0,0,0,0,0,0,,not_observable_no_deciding_set_played,no completed match reached a deciding set
2012,2012-D107,Fed Cup G3 RRA: MAR vs MLT,D,20120419,Clay,4,2,3:2,2,0,1,0,0,0,1,6,,not_observable_no_deciding_set_reached_6_all,"1 deciding set(s), none reached 6-6"
2012,2012-D108,Fed Cup G3 RRA: MAR vs KEN,D,20120417,Clay,4,2,3:2,2,0,0,0,0,0,0,0,,not_observable_no_deciding_set_played,no completed match reached a deciding set
2012,2012-D109,Fed Cup G3 RRA: ARM vs IRL,D,20120419,Clay,4,2,3:2,2,0,1,0,0,0,1,6,,not_observable_no_deciding_set_reached_6_all,"1 deciding set(s), none reached 6-6"
2012,2012-D110,Fed Cup G3 RRA: ARM vs MLT,D,20120417,Clay,4,2,3:2,2,0,0,0,0,0,0,0,,not_observable_no_deciding_set_played,no completed match reached a deciding set
2012,2012-D111,Fed Cup G3 RRA: ARM vs KEN,D,20120416,Clay,4,2,3:2,2,0,0,0,0,0,0,0,,not_observable_no_deciding_set_played,no completed match reached a deciding set
2012,2012-D112,Fed Cup G3 RRA: IRL vs MLT,D,20120416,Clay,4,2,3:2,2,0,1,0,0,0,1,6,,not_observable_no_deciding_set_reached_6_all,"1 deciding set(s), none reached 6-6"
2012,2012-D113,Fed Cup G3 RRA: IRL vs KEN,D,20120420,Clay,4,2,3:2,2,0,0,0,0,0,0,0,,not_observable_no_deciding_set_played,no completed match reached a deciding set
2012,2012-D114,Fed Cup G3 RRA: MLT vs KEN,D,20120418,Clay,4,2,3:2,2,0,0,0,0,0,0,0,,not_observable_no_deciding_set_played,no completed match reached a deciding set
2012,2012-D115,Fed Cup G3 RRB: EGY vs TUN,D,20120419,Clay,4,2,3:2,2,0,0,0,0,0,0,0,,not_observable_no_deciding_set_played,no completed match reached a deciding set
2012,2012-D116,Fed Cup G3 RRB: EGY vs LTU,D,20120418,Clay,4,2,3:2,2,0,0,0,0,0,0,0,,not_observable_no_deciding_set_played,no completed match reached a deciding set
2012,2012-D117,Fed Cup G3 RRB: EGY vs MDA,D,20120420,Clay,4,2,3:2,2,0,1,0,0,0,1,6,,not_observable_no_deciding_set_reached_6_all,"1 deciding set(s), none reached 6-6"
2012,2012-D118,Fed Cup G3 RRB: EGY vs CYP,D,20120416,Clay,4,2,3:2,2,0,2,0,0,0,2,6,,not_observable_no_deciding_set_reached_6_all,"2 deciding set(s), none reached 6-6"
2012,2012-D119,Fed Cup G3 RRB: EGY vs NAM,D,20120417,Clay,4,2,3:2,2,0,1,0,0,0,1,6,,not_observable_no_deciding_set_reached_6_all,"1 deciding set(s), none reached 6-6"
2012,2012-D120,Fed Cup G3 RRB: TUN vs LTU,D,20120420,Clay,4,2,3:2,2,0,2,1,0,0,1,7,7:1,deciding_set_tiebreak_at_6_all_length_unknown,1 deciding set(s) ended 7-6; the score string does not say whether the tiebreak was first to 7 or first to 10
2012,2012-D121,Fed Cup G3 RRB: TUN vs MDA,D,20120416,Clay,4,2,3:2,2,0,0,0,0,0,0,0,,not_observable_no_deciding_set_played,no completed match reached a deciding set
2012,2012-D122,Fed Cup G3 RRB: TUN vs CYP,D,20120417,Clay,4,2,3:2,2,0,0,0,0,0,0,0,,not_observable_no_deciding_set_played,no completed match reached a deciding set
2012,2012-D123,Fed Cup G3 RRB: TUN vs NAM,D,20120418,Clay,4,2,3:2,2,0,0,0,0,0,0,0,,not_observable_no_deciding_set_played,no completed match reached a deciding set
2012,2012-D124,Fed Cup G3 RRB: LTU vs MDA,D,20120417,Clay,4,2,3:2,2,0,0,0,0,0,0,0,,not_observable_no_deciding_set_played,no completed match reached a deciding set
2012,2012-D125,Fed Cup G3 RRB: LTU vs CYP,D,20120419,Clay,4,2,3:2,2,0,0,0,0,0,0,0,,not_observable_no_deciding_set_played,no completed match reached a deciding set
2012,2012-D126,Fed Cup G3 RRB: LTU vs NAM,D,20120416,Clay,4,2,3:2,2,0,0,0,0,0,0,0,,not_observable_no_deciding_set_played,no completed match reached a deciding set
2012,2012-D127,Fed Cup G3 RRB: MDA vs CYP,D,20120418,Clay,4,2,3:2,2,0,1,0,0,0,1,6,,not_observable_no_deciding_set_reached_6_all,"1 deciding set(s), none reached 6-6"
2012,2012-D128,Fed Cup G3 RRB: MDA vs NAM,D,20120419,Clay,4,2,3:2,2,0,1,0,0,0,1,7,,not_observable_no_deciding_set_reached_6_all,"1 deciding set(s), none reached 6-6"
2012,2012-D129,Fed Cup G3 RRB: CYP vs NAM,D,20120420,Clay,4,2,3:2,2,0,0,0,0,0,0,0,,not_observable_no_deciding_set_played,no completed match reached a deciding set
2012,2012-D130,Fed Cup G2 RRA: GUA vs ECU,D,20120418,Clay,4,2,3:2,2,0,0,0,0,0,0,0,,not_observable_no_deciding_set_played,no completed match reached a deciding set
2012,2012-D131,Fed Cup G2 RRA: GUA vs TRI,D,20120419,Clay,4,2,3:2,2,0,1,0,0,0,1,6,,not_observable_no_deciding_set_reached_6_all,"1 deciding set(s), none reached 6-6"
2012,2012-D132,Fed Cup G2 RRA: GUA vs DOM,D,20120417,Clay,4,2,3:2,2,0,1,0,0,0,1,6,,not_observable_no_deciding_set_reached_6_all,"1 deciding set(s), none reached 6-6"
2012,2012-D133,Fed Cup G2 RRA: ECU vs TRI,D,20120417,Clay,4,2,3:1|5:1,1,1,1,0,0,0,1,6,,not_observable_no_deciding_set_reached_6_all,"1 deciding set(s), none reached 6-6"
2012,2012-D134,Fed Cup G2 RRA: ECU vs DOM,D,20120419,Clay,4,2,3:2,2,0,0,0,0,0,0,0,,not_observable_no_deciding_set_played,no completed match reached a deciding set
2012,2012-D135,Fed Cup G2 RRA: TRI vs DOM,D,20120418,Clay,4,2,3:2,2,0,0,0,0,0,0,0,,not_observable_no_deciding_set_played,no completed match reached a deciding set
2012,2012-D136,Fed Cup G2 RRB: MEX vs CHI,D,20120417,Clay,4,2,3:2,2,0,0,0,0,0,0,0,,not_observable_no_deciding_set_played,no completed match reached a deciding set
2012,2012-D137,Fed Cup G2 RRB: CHI vs PUR,D,20120418,Clay,4,2,3:2,2,0,1,0,0,0,1,6,,not_observable_no_deciding_set_reached_6_all,"1 deciding set(s), none reached 6-6"
2012,2012-D138,Fed Cup G2 RRB: CHI vs URU,D,20120419,Clay,4,2,3:2,2,0,1,0,0,0,1,6,,not_observable_no_deciding_set_reached_6_all,"1 deciding set(s), none reached 6-6"
2012,2012-D139,Fed Cup G2 RRB: CHI vs CRC,D,20120420,Clay,4,2,3:2,2,0,0,0,0,0,0,0,,not_observable_no_deciding_set_played,no completed match reached a deciding set
2012,2012-D140,Fed Cup G2 RRB: MEX vs PUR,D,20120419,Clay,4,2,3:2,2,0,0,0,0,0,0,0,,not_observable_no_deciding_set_played,no completed match reached a deciding set
2012,2012-D141,Fed Cup G2 RRB: MEX vs URU,D,20120420,Clay,4,2,3:2,2,0,0,0,0,0,0,0,,not_observable_no_deciding_set_played,no completed match reached a deciding set
2012,2012-D142,Fed Cup G2 RRB: MEX vs CRC,D,20120416,Clay,4,2,3:2,2,0,0,0,0,0,0,0,,not_observable_no_deciding_set_played,no completed match reached a deciding set
2012,2012-D143,Fed Cup G2 RRB: PUR vs URU,D,20120416,Clay,4,2,3:2,2,0,0,0,0,0,0,0,,not_observable_no_deciding_set_played,no completed match reached a deciding set
2012,2012-D144,Fed Cup G2 RRB: PUR vs CRC,D,20120417,Clay,4,2,3:2,2,0,1,0,0,0,1,6,,not_observable_no_deciding_set_reached_6_all,"1 deciding set(s), none reached 6-6"
2012,2012-D145,Fed Cup G2 RRB: URU vs CRC,D,20120418,Clay,4,2,3:2,2,0,0,0,0,0,0,0,,not_observable_no_deciding_set_played,no completed match reached a deciding set
2012,2012-D146,Fed Cup G2 RRA: FIN vs RSA,D,20120419,Clay,4,2,3:2,2,0,0,0,0,0,0,0,,not_observable_no_deciding_set_played,no completed match reached a deciding set
2012,2012-D147,Fed Cup G2 RRA: FIN vs DEN,D,20120420,Clay,4,2,3:2,2,0,0,0,0,0,0,0,,not_observable_no_deciding_set_played,no completed match reached a deciding set
2012,2012-D148,Fed Cup G2 RRA: FIN vs MNE,D,20120418,Clay,4,2,3:2,2,0,2,0,0,0,2,6,,not_observable_no_deciding_set_reached_6_all,"2 deciding set(s), none reached 6-6"
2012,2012-D149,Fed Cup G2 RRA: RSA vs DEN,D,20120418,Clay,4,2,3:2,2,0,1,0,0,0,1,6,,not_observable_no_deciding_set_reached_6_all,"1 deciding set(s), none reached 6-6"
2012,2012-D150,Fed Cup G2 RRA: RSA vs MNE,D,20120420,Clay,4,2,3:2,2,0,0,0,0,0,0,0,,not_observable_no_deciding_set_played,no completed match reached a deciding set
2012,2012-D151,Fed Cup G2 RRA: DEN vs MNE,D,20120419,Clay,4,2,3:2,2,0,0,0,0,0,0,0,,not_observable_no_deciding_set_played,no completed match reached a deciding set
2012,2012-D152,Fed Cup G2 RRB: GEO vs LAT,D,20120419,Clay,4,2,3:2,2,0,1,0,0,0,1,6,,not_observable_no_deciding_set_reached_6_all,"1 deciding set(s), none reached 6-6"
2012,2012-D153,Fed Cup G2 RRB: GEO vs TUR,D,20120420,Clay,4,2,3:2,2,0,0,0,0,0,0,0,,not_observable_no_deciding_set_played,no completed match reached a deciding set
2012,2012-D154,Fed Cup G2 RRB: GEO vs NOR,D,20120418,Clay,4,2,3:2,2,0,0,0,0,0,0,0,,not_observable_no_deciding_set_played,no completed match reached a deciding set
2012,2012-D155,Fed Cup G2 RRB: LAT vs TUR,D,20120418,Clay,4,2,3:2,2,0,1,0,0,0,1,6,,not_observable_no_deciding_set_reached_6_all,"1 deciding set(s), none reached 6-6"
2012,2012-D156,Fed Cup G2 RRB: LAT vs NOR,D,20120420,Clay,4,2,3:2,2,0,0,0,0,0,0,0,,not_observable_no_deciding_set_played,no completed match reached a deciding set
2012,2012-D157,Fed Cup G2 RRB: TUR vs NOR,D,20120419,Clay,4,2,3:2,2,0,0,0,0,0,0,0,,not_observable_no_deciding_set_played,no completed match reached a deciding set
2012,2012-D158,Fed Cup G2 PO: FIN vs NOR,D,20120421,Clay,4,2,3:2,2,0,1,0,0,0,1,6,,not_observable_no_deciding_set_reached_6_all,"1 deciding set(s), none reached 6-6"
2012,2012-D159,Fed Cup G2 PO: DEN vs LAT,D,20120421,Clay,4,2,3:2,2,0,1,0,0,0,1,6,,not_observable_no_deciding_set_reached_6_all,"1 deciding set(s), none reached 6-6"
2012,2012-D160,Fed Cup G2 PO: RSA vs TUR,D,20120421,Clay,4,2,3:2,2,0,1,0,0,0,1,6,,not_observable_no_deciding_set_reached_6_all,"1 deciding set(s), none reached 6-6"
2012,2012-D161,Fed Cup G2 PO: MNE vs GEO,D,20120421,Clay,4,2,3:2,2,0,0,0,0,0,0,0,,not_observable_no_deciding_set_played,no completed match reached a deciding set
2012,2012-D162,Fed Cup G3 PO: MAR vs LTU,D,20120421,Clay,4,2,3:2,2,0,1,0,0,0,1,6,,not_observable_no_deciding_set_reached_6_all,"1 deciding set(s), none reached 6-6"
2012,2012-D163,Fed Cup G3 PO: IRL vs TUN,D,20120421,Clay,4,2,3:2,2,0,1,0,0,0,1,6,,not_observable_no_deciding_set_reached_6_all,"1 deciding set(s), none reached 6-6"
2012,2012-D164,Fed Cup G3 PO: EGY vs ARM,D,20120421,Clay,4,2,3:2,2,0,0,0,0,0,0,0,,not_observable_no_deciding_set_played,no completed match reached a deciding set
2012,2012-D165,Fed Cup G3 PO: MLT vs MDA,D,20120421,Clay,4,2,3:2,2,0,0,0,0,0,0,0,,not_observable_no_deciding_set_played,no completed match reached a deciding set
2012,2012-D166,Fed Cup G3 PO: KEN vs CYP,D,20120421,Clay,4,2,3:2,2,0,0,0,0,0,0,0,,not_observable_no_deciding_set_played,no completed match reached a deciding set
2012,2012-D167,Fed Cup G2 PO: MEX vs TRI,D,20120421,Clay,4,2,3:2,2,0,1,0,0,0,1,6,,not_observable_no_deciding_set_reached_6_all,"1 deciding set(s), none reached 6-6"
2012,2012-D168,Fed Cup G2 PO: GUA vs CHI,D,20120421,Clay,4,2,3:2,2,0,0,0,0,0,0,0,,not_observable_no_deciding_set_played,no completed match reached a deciding set
2012,2012-D169,Fed Cup G2 PO: ECU vs PUR,D,20120421,Clay,4,2,3:2,2,0,1,0,0,0,1,6,,not_observable_no_deciding_set_reached_6_all,"1 deciding set(s), none reached 6-6"
2012,2012-D170,Fed Cup G2 PO: DOM vs URU,D,20120421,Clay,4,2,3:2,2,0,0,0,0,0,0,0,,not_observable_no_deciding_set_played,no completed match reached a deciding set
2012,2012-W-CHA-BUL-01A-2012,Tournament of Champions,F,20121029,Hard,4,15,3:15,14,1,6,1,0,0,5,7,4:1,deciding_set_tiebreak_at_6_all_length_unknown,1 deciding set(s) ended 7-6; the score string does not say whether the tiebreak was first to 7 or first to 10
2012,2012-W-INT-AUS-01A-2012,Hobart,I,20120109,Hard,32,31,3:31,30,1,7,1,0,0,6,7,2:1,deciding_set_tiebreak_at_6_all_length_unknown,1 deciding set(s) ended 7-6; the score string does not say whether the tiebreak was first to 7 or first to 10
2012,2012-W-INT-AUT-01A-2012,Bad Gastein,I,20120611,Clay,32,31,3:31,31,0,9,2,0,0,7,7,3:1|5:1,deciding_set_tiebreak_at_6_all_length_unknown,2 deciding set(s) ended 7-6; the score string does not say whether the tiebreak was first to 7 or first to 10
2012,2012-W-INT-AUT-02A-2012,Linz,I,20121008,Hard,32,31,3:31,30,1,6,0,0,0,6,7,,not_observable_no_deciding_set_reached_6_all,"6 deciding set(s), none reached 6-6"
2012,2012-W-INT-AZE-01A-2012,Baku,I,20120723,Hard,32,31,3:31,28,3,13,1,0,0,12,7,1:1,deciding_set_tiebreak_at_6_all_length_unknown,1 deciding set(s) ended 7-6; the score string does not say whether the tiebreak was first to 7 or first to 10
2012,2012-W-INT-CAN-01A-2012,Quebec City,I,20120910,Hard,32,31,3:31,29,2,10,2,0,0,8,7,4:1|5:1,deciding_set_tiebreak_at_6_all_length_unknown,2 deciding set(s) ended 7-6; the score string does not say whether the tiebreak was first to 7 or first to 10
2012,2012-W-INT-CHN-01A-2012,Guangzhou,I,20120917,Hard,32,31,3:31,26,5,6,0,0,0,6,7,,not_observable_no_deciding_set_reached_6_all,"6 deciding set(s), none reached 6-6"
2012,2012-W-INT-COL-01A-2012,Bogota,I,20120213,Clay,32,31,3:31,31,0,12,2,0,0,10,7,3:1|4:1,deciding_set_tiebreak_at_6_all_length_unknown,2 deciding set(s) ended 7-6; the score string does not say whether the tiebreak was first to 7 or first to 10
2012,2012-W-INT-DEN-01A-2012,Copenhagen,I,20120409,Hard,32,31,3:31,30,1,12,1,0,0,11,7,2:1,deciding_set_tiebreak_at_6_all_length_unknown,1 deciding set(s) ended 7-6; the score string does not say whether the tiebreak was first to 7 or first to 10
2012,2012-W-INT-ESP-01A-2012,Barcelona,I,20120409,Clay,32,31,3:31,30,1,9,0,0,0,9,7,,not_observable_no_deciding_set_reached_6_all,"9 deciding set(s), none reached 6-6"
2012,2012-W-INT-FRA-01A-2012,Strasbourg,I,20120521,Clay,32,31,3:31,29,2,12,1,0,0,11,7,5:1,deciding_set_tiebreak_at_6_all_length_unknown,1 deciding set(s) ended 7-6; the score string does not say whether the tiebreak was first to 7 or first to 10
2012,2012-W-INT-GBR-01A-2012,Birmingham,I,20120611,Grass,56,55,3:55,51,4,23,1,0,0,22,7,2:1,deciding_set_tiebreak_at_6_all_length_unknown,1 deciding set(s) ended 7-6; the score string does not say whether the tiebreak was first to 7 or first to 10
2012,2012-W-INT-HUN-01A-2012,Budapest,I,20120430,Clay,32,31,3:31,28,3,14,3,0,0,11,7,2:1|6:2,deciding_set_tiebreak_at_6_all_length_unknown,3 deciding set(s) ended 7-6; the score string does not say whether the tiebreak was first to 7 or first to 10
2012,2012-W-INT-ITA-01A-2012,Palermo,I,20120709,Clay,32,31,3:31,29,2,9,0,0,0,9,7,,not_observable_no_deciding_set_reached_6_all,"9 deciding set(s), none reached 6-6"
2012,2012-W-INT-JPN-01A-2012,Osaka,I,20121008,Hard,32,31,3:31,30,1,11,3,0,0,8,7,3:1|4:2,deciding_set_tiebreak_at_6_all_length_unknown,3 deciding set(s) ended 7-6; the score string does not say whether the tiebreak was first to 7 or first to 10
2012,2012-W-INT-KOR-01A-2012,Seoul,I,20120917,Hard,32,31,3:31,29,2,7,1,0,0,6,7,1:1,deciding_set_tiebreak_at_6_all_length_unknown,1 deciding set(s) ended 7-6; the score string does not say whether the tiebreak was first to 7 or first to 10
2012,2012-W-INT-LUX-01A-2012,Luxembourg,I,20121015,Hard,32,31,3:31,30,1,7,0,0,0,7,6,,not_observable_no_deciding_set_reached_6_all,"7 deciding set(s), none reached 6-6"
2012,2012-W-INT-MAR-01A-2012,Fes,I,20120423,Clay,32,31,3:31,27,4,7,1,0,0,6,7,9:1,deciding_set_tiebreak_at_6_all_length_unknown,1 deciding set(s) ended 7-6; the score string does not say whether the tiebreak was first to 7 or first to 10
2012,2012-W-INT-MAS-01A-2012,Kuala Lumpur,I,20120227,Hard,32,31,3:31,28,3,14,3,0,0,11,7,2:2|5:1,deciding_set_tiebreak_at_6_all_length_unknown,3 deciding set(s) ended 7-6; the score string does not say whether the tiebreak was first to 7 or first to 10
2012,2012-W-INT-MEX-01A-2012,Monterrey,I,20120220,Hard,32,31,3:31,31,0,8,1,0,0,7,7,5:1,deciding_set_tiebreak_at_6_all_length_unknown,1 deciding set(s) ended 7-6; the score string does not say whether the tiebreak was first to 7 or first to 10
2012,2012-W-INT-MEX-02A-2012,Acapulco,I,20120227,Clay,32,31,3:31,31,0,11,2,0,0,9,7,2:1|3:1,deciding_set_tiebreak_at_6_all_length_unknown,2 deciding set(s) ended 7-6; the score string does not say whether the tiebreak was first to 7 or first to 10
2012,2012-W-INT-NED-01A-2012,'s Hertogenbosch,I,20120618,Grass,32,31,3:31,30,1,8,1,0,0,7,7,8:1,deciding_set_tiebreak_at_6_all_length_unknown,1 deciding set(s) ended 7-6; the score string does not say whether the tiebreak was first to 7 or first to 10
2012,2012-W-INT-NZL-01A-2012,Auckland,I,20120102,Hard,32,31,3:31,29,2,9,0,0,0,9,6,,not_observable_no_deciding_set_reached_6_all,"9 deciding set(s), none reached 6-6"
2012,2012-W-INT-POR-01A-2012,Estoril,I,20120430,Clay,32,31,3:31,29,2,8,0,0,0,8,7,,not_observable_no_deciding_set_reached_6_all,"8 deciding set(s), none reached 6-6"
2012,2012-W-INT-SWE-01A-2012,Bastad,I,20120716,Clay,32,31,3:31,28,3,5,0,0,0,5,7,,not_observable_no_deciding_set_reached_6_all,"5 deciding set(s), none reached 6-6"
2012,2012-W-INT-THA-01A-2012,Pattaya,I,20120206,Hard,32,31,3:31,28,3,5,1,0,0,4,7,3:1,deciding_set_tiebreak_at_6_all_length_unknown,1 deciding set(s) ended 7-6; the score string does not say whether the tiebreak was first to 7 or first to 10
2012,2012-W-INT-USA-01A-2012,Memphis,I,20120220,Hard,32,31,3:31,31,0,10,1,0,0,9,7,3:1,deciding_set_tiebreak_at_6_all_length_unknown,1 deciding set(s) ended 7-6; the score string does not say whether the tiebreak was first to 7 or first to 10
2012,2012-W-INT-USA-02A-2012,Washington,I,20120730,Hard,32,31,3:31,31,0,12,1,0,0,11,7,5:1,deciding_set_tiebreak_at_6_all_length_unknown,1 deciding set(s) ended 7-6; the score string does not say whether the tiebreak was first to 7 or first to 10
2012,2012-W-INT-USA-03A-2012,Dallas,I,20120820,Hard,32,31,3:31,29,2,5,1,0,0,4,7,9:1,deciding_set_tiebreak_at_6_all_length_unknown,1 deciding set(s) ended 7-6; the score string does not say whether the tiebreak was first to 7 or first to 10
2012,2012-W-INT-UZB-01A-2012,Tashkent,I,20120910,Hard,32,31,3:31,31,0,11,1,0,0,10,7,3:1,deciding_set_tiebreak_at_6_all_length_unknown,1 deciding set(s) ended 7-6; the score string does not say whether the tiebreak was first to 7 or first to 10
2012,2012-W-OL-GBR-01A-2012,Olympics,O,20120730,Grass,64,64,3:64,62,2,17,0,0,1,16,10,,deciding_set_extends_past_6_all_cap_unknown,1 deciding set(s) went past 7 games (longest 10); that rules out a tiebreak at 6-all but does not separate an advantage set from a tiebreak at a later game count
2012,2012-W-PM-CHN-01A-2012,Beijing,PM,20121001,Hard,60,59,3:59,55,4,14,3,0,0,11,7,3:2|6:1,deciding_set_tiebreak_at_6_all_length_unknown,3 deciding set(s) ended 7-6; the score string does not say whether the tiebreak was first to 7 or first to 10
2012,2012-W-PM-ESP-01A-2012,Madrid,PM,20120507,Clay,64,63,3:63,62,1,16,2,0,0,14,7,5:1|6:1,deciding_set_tiebreak_at_6_all_length_unknown,2 deciding set(s) ended 7-6; the score string does not say whether the tiebreak was first to 7 or first to 10
2012,2012-W-PM-USA-01A-2012,Indian Wells,PM,20120305,Hard,96,95,3:95,84,11,31,6,0,0,25,7,4:2|5:2|6:1|7:1,deciding_set_tiebreak_at_6_all_length_unknown,6 deciding set(s) ended 7-6; the score string does not say whether the tiebreak was first to 7 or first to 10
2012,2012-W-PM-USA-02A-2012,Miami,PM,20120319,Hard,96,95,3:95,93,2,30,5,0,0,25,7,4:2|5:1|6:1|7:1,deciding_set_tiebreak_at_6_all_length_unknown,5 deciding set(s) ended 7-6; the score string does not say whether the tiebreak was first to 7 or first to 10
2012,2012-W-PR-AUS-01A-2012,Brisbane,P,20120102,Hard,32,31,3:31,27,4,9,0,0,0,9,7,,not_observable_no_deciding_set_reached_6_all,"9 deciding set(s), none reached 6-6"
2012,2012-W-PR-AUS-02A-2012,Sydney,P,20120109,Hard,30,29,3:29,27,2,8,0,0,0,8,6,,not_observable_no_deciding_set_reached_6_all,"8 deciding set(s), none reached 6-6"
2012,2012-W-PR-BEL-01A-2012,Brussels,P,20120521,Clay,30,29,3:29,28,1,6,1,0,0,5,7,3:1,deciding_set_tiebreak_at_6_all_length_unknown,1 deciding set(s) ended 7-6; the score string does not say whether the tiebreak was first to 7 or first to 10
2012,2012-W-PR-CAN-01A-2012,Montreal,P,20120806,Hard,48,47,3:47,44,3,15,2,0,0,13,7,5:2,deciding_set_tiebreak_at_6_all_length_unknown,2 deciding set(s) ended 7-6; the score string does not say whether the tiebreak was first to 7 or first to 10
2012,2012-W-PR-FRA-01A-2012,Paris,P,20120206,Carpet,30,29,3:29,27,2,9,1,0,0,8,7,2:1,deciding_set_tiebreak_at_6_all_length_unknown,1 deciding set(s) ended 7-6; the score string does not say whether the tiebreak was first to 7 or first to 10
2012,2012-W-PR-GBR-01A-2012,Eastbourne,P,20120618,Grass,32,31,3:31,30,1,14,2,0,0,12,7,5:1|6:1,deciding_set_tiebreak_at_6_all_length_unknown,2 deciding set(s) ended 7-6; the score string does not say whether the tiebreak was first to 7 or first to 10
2012,2012-W-PR-GER-01A-2012,Stuttgart,P,20120423,Clay,28,27,3:27,24,3,6,0,0,0,6,7,,not_observable_no_deciding_set_reached_6_all,"6 deciding set(s), none reached 6-6"
2012,2012-W-PR-ITA-01A-2012,Rome,P,20120514,Clay,56,55,3:55,49,6,14,3,0,0,11,7,4:1|5:2,deciding_set_tiebreak_at_6_all_length_unknown,3 deciding set(s) ended 7-6; the score string does not say whether the tiebreak was first to 7 or first to 10
2012,2012-W-PR-JPN-01A-2012,Tokyo,P,20120924,Hard,56,55,3:55,52,3,19,0,0,0,19,7,,not_observable_no_deciding_set_reached_6_all,"19 deciding set(s), none reached 6-6"
2012,2012-W-PR-QAT-01A-2012,Doha,P,20120213,Hard,56,55,3:55,52,3,12,2,0,0,10,7,3:1|4:1,deciding_set_tiebreak_at_6_all_length_unknown,2 deciding set(s) ended 7-6; the score string does not say whether the tiebreak was first to 7 or first to 10
2012,2012-W-PR-RUS-01A-2012,Moscow,P,20121015,Hard,28,27,3:27,27,0,8,0,0,0,8,7,,not_observable_no_deciding_set_reached_6_all,"8 deciding set(s), none reached 6-6"
2012,2012-W-PR-UAE-01A-2012,Dubai,P,20120220,Hard,28,27,3:27,26,1,7,1,0,0,6,7,4:1,deciding_set_tiebreak_at_6_all_length_unknown,1 deciding set(s) ended 7-6; the score string does not say whether the tiebreak was first to 7 or first to 10
2012,2012-W-PR-USA-01A-2012,Charleston,P,20120402,Clay,56,55,3:55,53,2,17,0,0,0,17,6,,not_observable_no_deciding_set_reached_6_all,"17 deciding set(s), none reached 6-6"
2012,2012-W-PR-USA-02A-2012,Stanford,P,20120709,Hard,28,27,3:27,26,1,9,0,0,0,9,7,,not_observable_no_deciding_set_reached_6_all,"9 deciding set(s), none reached 6-6"
2012,2012-W-PR-USA-03A-2012,San Diego,P,20120716,Hard,28,27,3:27,26,1,10,1,0,0,9,7,5:1,deciding_set_tiebreak_at_6_all_length_unknown,1 deciding set(s) ended 7-6; the score string does not say whether the tiebreak was first to 7 or first to 10
2012,2012-W-PR-USA-04A-2012,Cincinnati,P,20120813,Hard,55,54,3:54,49,5,16,2,0,0,14,7,6:1|8:1,deciding_set_tiebreak_at_6_all_length_unknown,2 deciding set(s) ended 7-6; the score string does not say whether the tiebreak was first to 7 or first to 10
2012,2012-W-PR-USA-05A-2012,New Haven,P,20120820,Hard,30,29,3:29,25,4,4,0,0,0,4,7,,not_observable_no_deciding_set_reached_6_all,"4 deciding set(s), none reached 6-6"
2012,2012-W-SL-AUS-01A-2012,Australian Open,G,20120116,Hard,128,127,3:127,123,4,31,0,0,1,30,10,,deciding_set_extends_past_6_all_cap_unknown,1 deciding set(s) went past 7 games (longest 10); that rules out a tiebreak at 6-all but does not separate an advantage set from a tiebreak at a later game count
2012,2012-W-SL-FRA-01A-2012,Roland Garros,G,20120528,Clay,128,127,3:127,125,2,38,0,0,2,36,8,,deciding_set_extends_past_6_all_cap_unknown,2 deciding set(s) went past 7 games (longest 8); that rules out a tiebreak at 6-all but does not separate an advantage set from a tiebreak at a later game count
2012,2012-W-SL-GBR-01A-2012,Wimbledon,G,20120625,Grass,128,127,3:127,125,2,39,0,0,6,33,10,,deciding_set_extends_past_6_all_cap_unknown,6 deciding set(s) went past 7 games (longest 10); that rules out a tiebreak at 6-all but does not separate an advantage set from a tiebreak at a later game count
2012,2012-W-SL-USA-01A-2012,US Open,G,20120827,Hard,128,127,3:127,124,3,31,1,0,0,30,7,5:1,deciding_set_tiebreak_at_6_all_length_unknown,1 deciding set(s) ended 7-6; the score string does not say whether the tiebreak was first to 7 or first to 10
2012,2012-W-WT-TUR-01A-2012,WTA Championships,F,20121022,Hard,4,15,3:15,15,0,4,0,0,0,4,7,,not_observable_no_deciding_set_reached_6_all,"4 deciding set(s), none reached 6-6"
2013,2013-D001,Fed Cup WG R1: CZE vs AUS,D,20130209,Hard,4,3,3:3,3,0,1,0,0,0,1,6,,not_observable_no_deciding_set_reached_6_all,"1 deciding set(s), none reached 6-6"
2013,2013-D002,Fed Cup WG R1: ITA vs USA,D,20130209,Clay,4,4,3:4,4,0,2,0,0,0,2,7,,not_observable_no_deciding_set_reached_6_all,"2 deciding set(s), none reached 6-6"
2013,2013-D003,Fed Cup WG R1: RUS vs JPN,D,20130209,Hard,4,4,3:4,4,0,0,0,0,0,0,0,,not_observable_no_deciding_set_played,no completed match reached a deciding set
2013,2013-D004,Fed Cup WG R1: SRB vs SVK,D,20130209,Hard,4,4,3:4,4,0,1,0,0,1,0,11,,deciding_set_extends_past_6_all_cap_unknown,1 deciding set(s) went past 7 games (longest 11); that rules out a tiebreak at 6-all but does not separate an advantage set from a tiebreak at a later game count
2013,2013-D005,Fed Cup WG SF: ITA vs CZE,D,20130420,Clay,4,4,3:4,4,0,2,0,0,0,2,6,,not_observable_no_deciding_set_reached_6_all,"2 deciding set(s), none reached 6-6"
2013,2013-D006,Fed Cup WG SF: RUS vs SVK,D,20130420,Clay,4,4,3:4,4,0,2,0,0,0,2,6,,not_observable_no_deciding_set_reached_6_all,"2 deciding set(s), none reached 6-6"
2013,2013-D007,Fed Cup WG PO: GER vs SRB,D,20130420,Clay,4,4,3:4,4,0,2,0,0,0,2,6,,not_observable_no_deciding_set_reached_6_all,"2 deciding set(s), none reached 6-6"
2013,2013-D008,Fed Cup WG PO: USA vs SWE,D,20130420,Hard,4,4,3:4,4,0,1,0,0,0,1,6,,not_observable_no_deciding_set_reached_6_all,"1 deciding set(s), none reached 6-6"
2013,2013-D009,Fed Cup WG PO: SUI vs AUS,D,20130420,Clay,4,4,3:4,4,0,0,0,0,0,0,0,,not_observable_no_deciding_set_played,no completed match reached a deciding set
2013,2013-D010,Fed Cup WG PO: ESP vs JPN,D,20130420,Clay,4,3,3:3,3,0,0,0,0,0,0,0,,not_observable_no_deciding_set_played,no completed match reached a deciding set
2013,2013-D011,Fed Cup WG2 R1: SUI vs BEL,D,20130209,Clay,4,4,3:4,4,0,1,0,0,1,0,8,,deciding_set_extends_past_6_all_cap_unknown,1 deciding set(s) went past 7 games (longest 8); that rules out a tiebreak at 6-all but does not separate an advantage set from a tiebreak at a later game count
2013,2013-D012,Fed Cup WG2 R1: ARG vs SWE,D,20130209,Clay,4,4,3:3|5:1,3,1,1,0,0,0,1,6,,not_observable_no_deciding_set_reached_6_all,"1 deciding set(s), none reached 6-6"
2013,2013-D013,Fed Cup WG2 R1: ESP vs UKR,D,20130209,Clay,4,3,3:3,3,0,1,0,0,1,0,8,,deciding_set_extends_past_6_all_cap_unknown,1 deciding set(s) went past 7 games (longest 8); that rules out a tiebreak at 6-all but does not separate an advantage set from a tiebreak at a later game count
2013,2013-D014,Fed Cup WG2 R1: FRA vs GER,D,20130209,Clay,4,3,3:3,3,0,0,0,0,0,0,0,,not_observable_no_deciding_set_played,no completed match reached a deciding set
2013,2013-D015,Fed Cup WG2 PO: BEL vs POL,D,20130420,Hard,4,4,3:4,4,0,1,0,0,0,1,6,,not_observable_no_deciding_set_reached_6_all,"1 deciding set(s), none reached 6-6"
2013,2013-D016,Fed Cup WG2 PO: UKR vs CAN,D,20130420,Clay,4,4,3:4,4,0,2,0,0,0,2,6,,not_observable_no_deciding_set_reached_6_all,"2 deciding set(s), none reached 6-6"
2013,2013-D017,Fed Cup WG2 PO: FRA vs KAZ,D,20130420,Hard,4,4,3:4,4,0,1,0,0,0,1,6,,not_observable_no_deciding_set_reached_6_all,"1 deciding set(s), none reached 6-6"
2013,2013-D018,Fed Cup WG2 PO: ARG vs GBR,D,20130420,Clay,4,4,3:4,4,0,2,0,0,0,2,6,,not_observable_no_deciding_set_reached_6_all,"2 deciding set(s), none reached 6-6"
2013,2013-D019,Fed Cup G1 RRA: COL vs CAN,D,20130208,Clay,4,2,3:2,2,0,0,0,0,0,0,0,,not_observable_no_deciding_set_played,no completed match reached a deciding set
2013,2013-D020,Fed Cup G1 RRA: COL vs PER,D,20130207,Clay,4,2,3:2,2,0,1,0,0,0,1,6,,not_observable_no_deciding_set_reached_6_all,"1 deciding set(s), none reached 6-6"
2013,2013-D021,Fed Cup G1 RRA: COL vs VEN,D,20130206,Clay,4,2,3:2,2,0,0,0,0,0,0,0,,not_observable_no_deciding_set_played,no completed match reached a deciding set
2013,2013-D022,Fed Cup G1 RRA: CAN vs PER,D,20130206,Clay,4,2,3:2,2,0,0,0,0,0,0,0,,not_observable_no_deciding_set_played,no completed match reached a deciding set
2013,2013-D023,Fed Cup G1 RRA: CAN vs VEN,D,20130207,Clay,4,2,3:2,2,0,0,0,0,0,0,0,,not_observable_no_deciding_set_played,no completed match reached a deciding set
2013,2013-D024,Fed Cup G1 RRA: PER vs VEN,D,20130208,Clay,4,2,3:2,2,0,2,0,0,0,2,6,,not_observable_no_deciding_set_reached_6_all,"2 deciding set(s), none reached 6-6"
2013,2013-D025,Fed Cup G1 RRB: PAR vs BRA,D,20130208,Clay,4,2,3:2,2,0,1,0,0,0,1,6,,not_observable_no_deciding_set_reached_6_all,"1 deciding set(s), none reached 6-6"
2013,2013-D026,Fed Cup G1 RRB: PAR vs CHI,D,20130207,Clay,4,2,3:2,2,0,2,0,0,0,2,6,,not_observable_no_deciding_set_reached_6_all,"2 deciding set(s), none reached 6-6"
2013,2013-D027,Fed Cup G1 RRB: PAR vs MEX,D,20130206,Clay,4,2,3:2,2,0,1,0,0,0,1,6,,not_observable_no_deciding_set_reached_6_all,"1 deciding set(s), none reached 6-6"
2013,2013-D028,Fed Cup G1 RRB: BRA vs CHI,D,20130206,Clay,4,2,3:2,2,0,1,0,0,0,1,6,,not_observable_no_deciding_set_reached_6_all,"1 deciding set(s), none reached 6-6"
2013,2013-D029,Fed Cup G1 RRB: BRA vs MEX,D,20130207,Clay,4,2,3:2,2,0,0,0,0,0,0,0,,not_observable_no_deciding_set_played,no completed match reached a deciding set
2013,2013-D030,Fed Cup G1 RRB: CHI vs MEX,D,20130208,Clay,4,2,3:2,2,0,1,0,0,0,1,6,,not_observable_no_deciding_set_reached_6_all,"1 deciding set(s), none reached 6-6"
2013,2013-D031,Fed Cup G1 RRA: KAZ vs THA,D,20130207,Hard,4,2,3:2,2,0,1,0,0,0,1,6,,not_observable_no_deciding_set_reached_6_all,"1 deciding set(s), none reached 6-6"
2013,2013-D032,Fed Cup G1 RRA: KAZ vs IND,D,20130206,Hard,4,2,3:2,2,0,0,0,0,0,0,0,,not_observable_no_deciding_set_played,no completed match reached a deciding set
2013,2013-D033,Fed Cup G1 RRA: THA vs IND,D,20130208,Hard,4,2,3:2,2,0,1,0,0,0,1,6,,not_observable_no_deciding_set_reached_6_all,"1 deciding set(s), none reached 6-6"
2013,2013-D034,Fed Cup G1 RRB: CHN vs TPE,D,20130208,Hard,4,2,3:2,2,0,1,0,0,0,1,6,,not_observable_no_deciding_set_reached_6_all,"1 deciding set(s), none reached 6-6"
2013,2013-D035,Fed Cup G1 RRB: CHN vs UZB,D,20130207,Hard,4,2,3:2,2,0,0,0,0,0,0,0,,not_observable_no_deciding_set_played,no completed match reached a deciding set
2013,2013-D036,Fed Cup G1 RRB: CHN vs KOR,D,20130206,Hard,4,2,3:2,2,0,0,0,0,0,0,0,,not_observable_no_deciding_set_played,no completed match reached a deciding set
2013,2013-D037,Fed Cup G1 RRB: TPE vs UZB,D,20130206,Hard,4,2,3:2,2,0,2,0,0,0,2,6,,not_observable_no_deciding_set_reached_6_all,"2 deciding set(s), none reached 6-6"
2013,2013-D038,Fed Cup G1 RRB: TPE vs KOR,D,20130207,Hard,4,2,3:2,2,0,2,0,0,0,2,6,,not_observable_no_deciding_set_reached_6_all,"2 deciding set(s), none reached 6-6"
2013,2013-D039,Fed Cup G1 RRB: UZB vs KOR,D,20130208,Hard,4,2,3:2,2,0,0,0,0,0,0,0,,not_observable_no_deciding_set_played,no completed match reached a deciding set
2013,2013-D040,Fed Cup G1 RRA: BLR vs AUT,D,20130207,Hard,4,2,3:2,2,0,2,0,0,0,2,6,,not_observable_no_deciding_set_reached_6_all,"2 deciding set(s), none reached 6-6"
2013,2013-D041,Fed Cup G1 RRA: BLR vs CRO,D,20130208,Hard,4,2,3:2,2,0,1,0,0,0,1,6,,not_observable_no_deciding_set_reached_6_all,"1 deciding set(s), none reached 6-6"
2013,2013-D042,Fed Cup G1 RRA: BLR vs GEO,D,20130206,Hard,4,2,3:1|5:1,1,1,0,0,0,0,0,0,,not_observable_no_deciding_set_played,no completed match reached a deciding set
2013,2013-D043,Fed Cup G1 RRA: AUT vs CRO,D,20130206,Hard,4,2,3:2,2,0,0,0,0,0,0,0,,not_observable_no_deciding_set_played,no completed match reached a deciding set
2013,2013-D044,Fed Cup G1 RRA: AUT vs GEO,D,20130208,Hard,4,2,3:2,2,0,0,0,0,0,0,0,,not_observable_no_deciding_set_played,no completed match reached a deciding set
2013,2013-D045,Fed Cup G1 RRA: CRO vs GEO,D,20130207,Hard,4,2,3:2,2,0,0,0,0,0,0,0,,not_observable_no_deciding_set_played,no completed match reached a deciding set
2013,2013-D046,Fed Cup G1 RRB: GBR vs POR,D,20130208,Hard,4,2,3:2,2,0,0,0,0,0,0,0,,not_observable_no_deciding_set_played,no completed match reached a deciding set
2013,2013-D047,Fed Cup G1 RRB: GBR vs HUN,D,20130209,Hard,4,2,3:2,2,0,1,0,0,0,1,6,,not_observable_no_deciding_set_reached_6_all,"1 deciding set(s), none reached 6-6"
2013,2013-D048,Fed Cup G1 RRB: GBR vs BIH,D,20130207,Hard,4,2,3:2,2,0,0,0,0,0,0,0,,not_observable_no_deciding_set_played,no completed match reached a deciding set
2013,2013-D049,Fed Cup G1 RRB: POR vs HUN,D,20130207,Hard,4,2,3:2,2,0,1,0,0,0,1,7,,not_observable_no_deciding_set_reached_6_all,"1 deciding set(s), none reached 6-6"
2013,2013-D050,Fed Cup G1 RRB: POR vs BIH,D,20130209,Hard,4,2,3:2,2,0,1,0,0,0,1,6,,not_observable_no_deciding_set_reached_6_all,"1 deciding set(s), none reached 6-6"
2013,2013-D051,Fed Cup G1 RRB: HUN vs BIH,D,20130208,Hard,4,2,3:2,2,0,0,0,0,0,0,0,,not_observable_no_deciding_set_played,no completed match reached a deciding set
2013,2013-D052,Fed Cup G1 RRC: POL vs ROU,D,20130206,Hard,4,2,3:2,2,0,0,0,0,0,0,0,,not_observable_no_deciding_set_played,no completed match reached a deciding set
2013,2013-D053,Fed Cup G1 RRC: ISR vs POL,D,20130208,Hard,4,2,3:2,2,0,0,0,0,0,0,0,,not_observable_no_deciding_set_played,no completed match reached a deciding set
2013,2013-D054,Fed Cup G1 RRC: POL vs TUR,D,20130207,Hard,4,2,3:2,2,0,1,0,0,0,1,6,,not_observable_no_deciding_set_reached_6_all,"1 deciding set(s), none reached 6-6"
2013,2013-D055,Fed Cup G1 RRC: ISR vs ROU,D,20130207,Hard,4,2,3:2,2,0,0,0,0,0,0,0,,not_observable_no_deciding_set_played,no completed match reached a deciding set
2013,2013-D056,Fed Cup G1 RRC: ROU vs TUR,D,20130208,Hard,4,2,3:2,2,0,0,0,0,0,0,0,,not_observable_no_deciding_set_played,no completed match reached a deciding set
2013,2013-D057,Fed Cup G1 RRC: ISR vs TUR,D,20130206,Hard,4,2,3:2,2,0,1,1,0,0,0,7,3:1,deciding_set_tiebreak_at_6_all_length_unknown,1 deciding set(s) ended 7-6; the score string does not say whether the tiebreak was first to 7 or first to 10
2013,2013-D058,Fed Cup G1 RRD: SLO vs NED,D,20130208,Hard,4,2,3:2,2,0,1,0,0,0,1,6,,not_observable_no_deciding_set_reached_6_all,"1 deciding set(s), none reached 6-6"
2013,2013-D059,Fed Cup G1 RRD: SLO vs BUL,D,20130209,Hard,4,2,3:1|5:1,1,1,0,0,0,0,0,0,,not_observable_no_deciding_set_played,no completed match reached a deciding set
2013,2013-D060,Fed Cup G1 RRD: SLO vs LUX,D,20130207,Hard,4,2,3:2,2,0,1,0,0,0,1,6,,not_observable_no_deciding_set_reached_6_all,"1 deciding set(s), none reached 6-6"
2013,2013-D061,Fed Cup G1 RRD: NED vs BUL,D,20130207,Hard,4,2,3:2,2,0,1,0,0,0,1,6,,not_observable_no_deciding_set_reached_6_all,"1 deciding set(s), none reached 6-6"
2013,2013-D062,Fed Cup G1 RRD: NED vs LUX,D,20130209,Hard,4,2,3:2,2,0,0,0,0,0,0,0,,not_observable_no_deciding_set_played,no completed match reached a deciding set
2013,2013-D063,Fed Cup G1 RRD: BUL vs LUX,D,20130208,Hard,4,2,3:2,2,0,0,0,0,0,0,0,,not_observable_no_deciding_set_played,no completed match reached a deciding set
2013,2013-D064,Fed Cup G2 RRA: HKG vs NZL,D,20130206,Hard,4,2,3:2,2,0,1,0,0,0,1,6,,not_observable_no_deciding_set_reached_6_all,"1 deciding set(s), none reached 6-6"
2013,2013-D065,Fed Cup G2 RRA: HKG vs TKM,D,20130204,Hard,4,2,3:2,2,0,1,0,0,0,1,7,,not_observable_no_deciding_set_reached_6_all,"1 deciding set(s), none reached 6-6"
2013,2013-D066,Fed Cup G2 RRA: HKG vs SIN,D,20130205,Hard,4,2,3:2,2,0,0,0,0,0,0,0,,not_observable_no_deciding_set_played,no completed match reached a deciding set
2013,2013-D067,Fed Cup G2 RRA: HKG vs VIE,D,20130207,Hard,4,2,3:2,2,0,0,0,0,0,0,0,,not_observable_no_deciding_set_played,no completed match reached a deciding set
2013,2013-D068,Fed Cup G2 RRA: NZL vs TKM,D,20130207,Hard,4,2,3:2,2,0,0,0,0,0,0,0,,not_observable_no_deciding_set_played,no completed match reached a deciding set
2013,2013-D069,Fed Cup G2 RRA: NZL vs SIN,D,20130208,Hard,4,2,3:2,2,0,0,0,0,0,0,0,,not_observable_no_deciding_set_played,no completed match reached a deciding set
2013,2013-D070,Fed Cup G2 RRA: NZL vs VIE,D,20130205,Hard,4,2,3:2,2,0,1,0,0,0,1,6,,not_observable_no_deciding_set_reached_6_all,"1 deciding set(s), none reached 6-6"
2013,2013-D071,Fed Cup G2 RRA: TKM vs SIN,D,20130206,Hard,4,2,3:2,2,0,0,0,0,0,0,0,,not_observable_no_deciding_set_played,no completed match reached a deciding set
2013,2013-D072,Fed Cup G2 RRA: TKM vs VIE,D,20130208,Hard,4,2,3:2,2,0,0,0,0,0,0,0,,not_observable_no_deciding_set_played,no completed match reached a deciding set
2013,2013-D073,Fed Cup G2 RRA: SIN vs VIE,D,20130204,Hard,4,2,3:2,2,0,0,0,0,0,0,0,,not_observable_no_deciding_set_played,no completed match reached a deciding set
2013,2013-D074,Fed Cup G2 RRB: PHI vs INA,D,20130204,Hard,4,2,3:2,2,0,0,0,0,0,0,0,,not_observable_no_deciding_set_played,no completed match reached a deciding set
2013,2013-D075,Fed Cup G2 RRB: PHI vs KGZ,D,20130208,Hard,4,2,3:2,2,0,0,0,0,0,0,0,,not_observable_no_deciding_set_played,no completed match reached a deciding set
2013,2013-D076,Fed Cup G2 RRB: PHI vs PAK,D,20130207,Hard,4,2,3:2,2,0,1,0,0,0,1,6,,not_observable_no_deciding_set_reached_6_all,"1 deciding set(s), none reached 6-6"
2013,2013-D077,Fed Cup G2 RRB: PHI vs MAS,D,20130206,Hard,4,2,3:2,2,0,0,0,0,0,0,0,,not_observable_no_deciding_set_played,no completed match reached a deciding set
2013,2013-D078,Fed Cup G2 RRB: PHI vs IRI,D,20130205,Hard,4,2,3:2,2,0,0,0,0,0,0,0,,not_observable_no_deciding_set_played,no completed match reached a deciding set
2013,2013-D079,Fed Cup G2 RRB: INA vs KGZ,D,20130206,Hard,4,2,3:2,2,0,1,0,0,0,1,6,,not_observable_no_deciding_set_reached_6_all,"1 deciding set(s), none reached 6-6"
2013,2013-D080,Fed Cup G2 RRB: INA vs PAK,D,20130205,Hard,4,2,3:2,2,0,0,0,0,0,0,0,,not_observable_no_deciding_set_played,no completed match reached a deciding set
2013,2013-D081,Fed Cup G2 RRB: INA vs MAS,D,20130207,Hard,4,2,3:2,2,0,0,0,0,0,0,0,,not_observable_no_deciding_set_played,no completed match reached a deciding set
2013,2013-D082,Fed Cup G2 RRB: INA vs IRI,D,20130208,Hard,4,2,3:2,2,0,0,0,0,0,0,0,,not_observable_no_deciding_set_played,no completed match reached a deciding set
2013,2013-D083,Fed Cup G2 RRB: KGZ vs PAK,D,20130204,Hard,4,2,3:2,2,0,0,0,0,0,0,0,,not_observable_no_deciding_set_played,no completed match reached a deciding set
2013,2013-D084,Fed Cup G2 RRB: KGZ vs MAS,D,20130205,Hard,4,2,3:2,2,0,0,0,0,0,0,0,,not_observable_no_deciding_set_played,no completed match reached a deciding set
2013,2013-D085,Fed Cup G2 RRB: KGZ vs IRI,D,20130207,Hard,4,2,3:2,2,0,0,0,0,0,0,0,,not_observable_no_deciding_set_played,no completed match reached a deciding set
2013,2013-D086,Fed Cup G2 RRB: PAK vs MAS,D,20130208,Hard,4,2,3:2,2,0,0,0,0,0,0,0,,not_observable_no_deciding_set_played,no completed match reached a deciding set
2013,2013-D087,Fed Cup G2 RRB: PAK vs IRI,D,20130206,Hard,4,2,3:2,2,0,1,0,0,0,1,7,,not_observable_no_deciding_set_reached_6_all,"1 deciding set(s), none reached 6-6"
2013,2013-D088,Fed Cup G2 RRB: MAS vs IRI,D,20130204,Hard,4,2,3:2,2,0,0,0,0,0,0,0,,not_observable_no_deciding_set_played,no completed match reached a deciding set
2013,2013-D089,Fed Cup G1 PO: KAZ vs UZB,D,20130209,Hard,4,2,3:2,2,0,1,0,0,0,1,6,,not_observable_no_deciding_set_reached_6_all,"1 deciding set(s), none reached 6-6"
2013,2013-D090,Fed Cup G1 PO: CHN vs THA,D,20130209,Hard,4,2,3:2,2,0,1,0,0,0,1,6,,not_observable_no_deciding_set_reached_6_all,"1 deciding set(s), none reached 6-6"
2013,2013-D091,Fed Cup G2 PO: MAS vs VIE,D,20130209,Hard,4,2,3:2,2,0,1,0,0,0,1,6,,not_observable_no_deciding_set_reached_6_all,"1 deciding set(s), none reached 6-6"
2013,2013-D092,Fed Cup G2 PO: KGZ vs TKM,D,20130209,Hard,4,2,3:2,2,0,2,0,0,0,2,6,,not_observable_no_deciding_set_reached_6_all,"2 deciding set(s), none reached 6-6"
2013,2013-D093,Fed Cup G2 PO: PAK vs SIN,D,20130209,Hard,4,2,3:2,2,0,1,0,0,0,1,6,,not_observable_no_deciding_set_reached_6_all,"1 deciding set(s), none reached 6-6"
2013,2013-D094,Fed Cup G1 PO: IND vs KOR,D,20130209,Hard,4,2,3:2,2,0,0,0,0,0,0,0,,not_observable_no_deciding_set_played,no completed match reached a deciding set
2013,2013-D095,Fed Cup G2 PO: PHI vs NZL,D,20130209,Hard,4,2,3:2,2,0,0,0,0,0,0,0,,not_observable_no_deciding_set_played,no completed match reached a deciding set
2013,2013-D096,Fed Cup G2 PO: HKG vs INA,D,20130209,Hard,4,2,3:2,2,0,1,1,0,0,0,7,4:1,deciding_set_tiebreak_at_6_all_length_unknown,1 deciding set(s) ended 7-6; the score string does not say whether the tiebreak was first to 7 or first to 10
2013,2013-D097,Fed Cup G1 PO: CRO vs POL,D,20130209,Hard,4,2,3:2,2,0,1,1,0,0,0,7,6:1,deciding_set_tiebreak_at_6_all_length_unknown,1 deciding set(s) ended 7-6; the score string does not say whether the tiebreak was first to 7 or first to 10
2013,2013-D098,Fed Cup G1 PO: GBR vs BUL,D,20130210,Hard,4,2,3:2,2,0,1,0,0,0,1,6,,not_observable_no_deciding_set_reached_6_all,"1 deciding set(s), none reached 6-6"
2013,2013-D099,Fed Cup G1 PO: ISR vs BLR,D,20130209,Hard,4,2,3:2,2,0,0,0,0,0,0,0,,not_observable_no_deciding_set_played,no completed match reached a deciding set
2013,2013-D100,Fed Cup G1 PO: HUN vs NED,D,20130210,Hard,4,2,3:2,2,0,1,0,0,0,1,6,,not_observable_no_deciding_set_reached_6_all,"1 deciding set(s), none reached 6-6"
2013,2013-D101,Fed Cup G1 PO: AUT vs ROU,D,20130209,Hard,4,2,3:2,2,0,0,0,0,0,0,0,,not_observable_no_deciding_set_played,no completed match reached a deciding set
2013,2013-D102,Fed Cup G1 PO: GEO vs TUR,D,20130209,Hard,4,2,3:2,2,0,0,0,0,0,0,0,,not_observable_no_deciding_set_played,no completed match reached a deciding set
2013,2013-D103,Fed Cup G1 PO: BIH vs LUX,D,20130210,Hard,4,2,3:2,2,0,2,0,0,0,2,6,,not_observable_no_deciding_set_reached_6_all,"2 deciding set(s), none reached 6-6"
2013,2013-D104,Fed Cup G1 PO: COL vs PAR,D,20130209,Clay,4,2,3:1|5:1,1,1,1,0,0,0,1,6,,not_observable_no_deciding_set_reached_6_all,"1 deciding set(s), none reached 6-6"
2013,2013-D105,Fed Cup G2 RRA: EST vs FIN,D,20130419,Clay,4,2,3:2,2,0,2,1,0,0,1,7,6:1,deciding_set_tiebreak_at_6_all_length_unknown,1 deciding set(s) ended 7-6; the score string does not say whether the tiebreak was first to 7 or first to 10
2013,2013-D106,Fed Cup G2 RRA: EST vs LAT,D,20130418,Clay,4,2,3:2,2,0,1,0,0,0,1,6,,not_observable_no_deciding_set_reached_6_all,"1 deciding set(s), none reached 6-6"
2013,2013-D107,Fed Cup G2 RRA: EST vs TUN,D,20130417,Clay,4,2,3:2,2,0,0,0,0,0,0,0,,not_observable_no_deciding_set_played,no completed match reached a deciding set
2013,2013-D108,Fed Cup G2 RRA: FIN vs LAT,D,20130417,Clay,4,2,3:2,2,0,0,0,0,0,0,0,,not_observable_no_deciding_set_played,no completed match reached a deciding set
2013,2013-D109,Fed Cup G2 RRA: FIN vs TUN,D,20130418,Clay,4,2,3:2,2,0,0,0,0,0,0,0,,not_observable_no_deciding_set_played,no completed match reached a deciding set
2013,2013-D110,Fed Cup G2 RRA: LAT vs TUN,D,20130419,Clay,4,2,3:2,2,0,0,0,0,0,0,0,,not_observable_no_deciding_set_played,no completed match reached a deciding set
2013,2013-D111,Fed Cup G2 RRB: RSA vs GRE,D,20130419,Clay,4,2,3:2,2,0,0,0,0,0,0,0,,not_observable_no_deciding_set_played,no completed match reached a deciding set
2013,2013-D112,Fed Cup G2 RRB: MNE vs RSA,D,20130418,Clay,4,2,3:2,2,0,1,0,0,0,1,6,,not_observable_no_deciding_set_reached_6_all,"1 deciding set(s), none reached 6-6"
2013,2013-D113,Fed Cup G2 RRB: RSA vs LTU,D,20130417,Clay,4,2,3:2,2,0,1,0,0,0,1,6,,not_observable_no_deciding_set_reached_6_all,"1 deciding set(s), none reached 6-6"
2013,2013-D114,Fed Cup G2 RRB: MNE vs GRE,D,20130417,Clay,4,2,3:2,2,0,0,0,0,0,0,0,,not_observable_no_deciding_set_played,no completed match reached a deciding set
2013,2013-D115,Fed Cup G2 RRB: GRE vs LTU,D,20130418,Clay,4,2,3:2,2,0,1,0,0,0,1,6,,not_observable_no_deciding_set_reached_6_all,"1 deciding set(s), none reached 6-6"
2013,2013-D116,Fed Cup G2 RRB: MNE vs LTU,D,20130419,Clay,4,2,3:2,2,0,1,0,0,0,1,6,,not_observable_no_deciding_set_reached_6_all,"1 deciding set(s), none reached 6-6"
2013,2013-D117,Fed Cup G2 PO: FIN vs GRE,D,20130420,Clay,4,2,3:2,2,0,0,0,0,0,0,0,,not_observable_no_deciding_set_played,no completed match reached a deciding set
2013,2013-D118,Fed Cup G2 PO: EST vs RSA,D,20130420,Clay,4,2,3:2,2,0,0,0,0,0,0,0,,not_observable_no_deciding_set_played,no completed match reached a deciding set
2013,2013-D119,Fed Cup G2 PO: TUN vs LTU,D,20130420,Clay,4,2,3:2,2,0,0,0,0,0,0,0,,not_observable_no_deciding_set_played,no completed match reached a deciding set
2013,2013-D120,Fed Cup G2 PO: LAT vs MNE,D,20130420,Clay,4,2,3:2,2,0,0,0,0,0,0,0,,not_observable_no_deciding_set_played,no completed match reached a deciding set
2013,2013-W-CHA-BUL-01A-2013,Tournament of Champions,F,20131028,Hard,4,15,3:15,14,1,6,1,0,0,5,7,1:1,deciding_set_tiebreak_at_6_all_length_unknown,1 deciding set(s) ended 7-6; the score string does not say whether the tiebreak was first to 7 or first to 10
2013,2013-W-INT-AUS-01A-2013,Hobart,I,20130107,Hard,32,31,3:31,31,0,10,3,0,0,7,7,3:1|4:1|5:1,deciding_set_tiebreak_at_6_all_length_unknown,3 deciding set(s) ended 7-6; the score string does not say whether the tiebreak was first to 7 or first to 10
2013,2013-W-INT-AUT-01A-2013,Bad Gastein,I,20130715,Clay,32,31,3:31,30,1,10,0,0,0,10,6,,not_observable_no_deciding_set_reached_6_all,"10 deciding set(s), none reached 6-6"
2013,2013-W-INT-AUT-02A-2013,Linz,I,20131007,Hard,32,31,3:31,31,0,11,0,0,0,11,7,,not_observable_no_deciding_set_reached_6_all,"11 deciding set(s), none reached 6-6"
2013,2013-W-INT-AZE-01A-2013,Baku,I,20130722,Hard,32,31,3:31,30,1,13,0,0,0,13,6,,not_observable_no_deciding_set_reached_6_all,"13 deciding set(s), none reached 6-6"
2013,2013-W-INT-BRA-01A-2013,Florianopolis,I,20130225,Hard,32,31,3:31,31,0,12,1,0,0,11,7,3:1,deciding_set_tiebreak_at_6_all_length_unknown,1 deciding set(s) ended 7-6; the score string does not say whether the tiebreak was first to 7 or first to 10
2013,2013-W-INT-CAN-01A-2013,Quebec City,I,20130909,Hard,32,31,3:31,29,2,11,1,0,0,10,7,0:1,deciding_set_tiebreak_at_6_all_length_unknown,1 deciding set(s) ended 7-6; the score string does not say whether the tiebreak was first to 7 or first to 10
2013,2013-W-INT-CHN-01A-2013,Shenzhen,I,20121231,Hard,32,31,3:31,31,0,6,1,0,0,5,7,3:1,deciding_set_tiebreak_at_6_all_length_unknown,1 deciding set(s) ended 7-6; the score string does not say whether the tiebreak was first to 7 or first to 10
2013,2013-W-INT-CHN-02A-2013,Guangzhou,I,20130916,Hard,32,31,3:31,31,0,7,1,0,0,6,7,5:1,deciding_set_tiebreak_at_6_all_length_unknown,1 deciding set(s) ended 7-6; the score string does not say whether the tiebreak was first to 7 or first to 10
2013,2013-W-INT-COL-01A-2013,Bogota,I,20130218,Clay,32,31,3:31,31,0,14,3,0,0,11,7,2:1|3:1|4:1,deciding_set_tiebreak_at_6_all_length_unknown,3 deciding set(s) ended 7-6; the score string does not say whether the tiebreak was first to 7 or first to 10
2013,2013-W-INT-FRA-01A-2013,Strasbourg,I,20130520,Clay,32,31,3:31,31,0,10,3,0,0,7,7,3:1|4:1|5:1,deciding_set_tiebreak_at_6_all_length_unknown,3 deciding set(s) ended 7-6; the score string does not say whether the tiebreak was first to 7 or first to 10
2013,2013-W-INT-GBR-01A-2013,Birmingham,I,20130610,Grass,56,55,3:55,55,0,21,4,0,0,17,7,3:4,deciding_set_tiebreak_at_6_all_length_unknown,4 deciding set(s) ended 7-6; the score string does not say whether the tiebreak was first to 7 or first to 10
2013,2013-W-INT-GER-01A-2013,Nuremberg,I,20130610,Clay,32,31,3:31,31,0,9,0,0,0,9,7,,not_observable_no_deciding_set_reached_6_all,"9 deciding set(s), none reached 6-6"
2013,2013-W-INT-HUN-01A-2013,Budapest,I,20130708,Clay,31,30,3:30,29,1,8,3,0,0,5,7,4:2|5:1,deciding_set_tiebreak_at_6_all_length_unknown,3 deciding set(s) ended 7-6; the score string does not say whether the tiebreak was first to 7 or first to 10
2013,2013-W-INT-ITA-01A-2013,Palermo,I,20130708,Clay,32,31,3:31,29,2,10,1,0,0,9,7,6:1,deciding_set_tiebreak_at_6_all_length_unknown,1 deciding set(s) ended 7-6; the score string does not say whether the tiebreak was first to 7 or first to 10
2013,2013-W-INT-JPN-01A-2013,Osaka,I,20131007,Hard,32,31,3:31,30,1,8,0,0,0,8,6,,not_observable_no_deciding_set_reached_6_all,"8 deciding set(s), none reached 6-6"
2013,2013-W-INT-KOR-01A-2013,Seoul,I,20130916,Hard,32,31,3:31,31,0,10,0,0,0,10,6,,not_observable_no_deciding_set_reached_6_all,"10 deciding set(s), none reached 6-6"
2013,2013-W-INT-LUX-01A-2013,Luxembourg,I,20131014,Hard,32,31,3:31,30,1,14,2,0,0,12,7,3:1|5:1,deciding_set_tiebreak_at_6_all_length_unknown,2 deciding set(s) ended 7-6; the score string does not say whether the tiebreak was first to 7 or first to 10
2013,2013-W-INT-MAR-01A-2013,Marrakech,I,20130422,Clay,32,31,3:31,31,0,12,0,0,0,12,7,,not_observable_no_deciding_set_reached_6_all,"12 deciding set(s), none reached 6-6"
2013,2013-W-INT-MAS-01A-2013,Kuala Lumpur,I,20130225,Hard,32,31,3:31,31,0,11,2,0,0,9,7,6:1|12:1,deciding_set_tiebreak_at_6_all_length_unknown,2 deciding set(s) ended 7-6; the score string does not say whether the tiebreak was first to 7 or first to 10
2013,2013-W-INT-MEX-01A-2013,Acapulco,I,20130225,Clay,32,31,3:31,29,2,7,1,0,0,6,7,2:1,deciding_set_tiebreak_at_6_all_length_unknown,1 deciding set(s) ended 7-6; the score string does not say whether the tiebreak was first to 7 or first to 10
2013,2013-W-INT-MEX-02A-2013,Monterrey,I,20130401,Hard,32,31,3:31,29,2,12,1,0,0,11,7,2:1,deciding_set_tiebreak_at_6_all_length_unknown,1 deciding set(s) ended 7-6; the score string does not say whether the tiebreak was first to 7 or first to 10
2013,2013-W-INT-NED-01A-2013,'s Hertogenbosch,I,20130617,Grass,32,31,3:31,29,2,9,1,0,0,8,7,3:1,deciding_set_tiebreak_at_6_all_length_unknown,1 deciding set(s) ended 7-6; the score string does not say whether the tiebreak was first to 7 or first to 10
2013,2013-W-INT-NZL-01A-2013,Auckland,I,20121231,Hard,32,31,3:31,30,1,9,1,0,0,8,7,3:1,deciding_set_tiebreak_at_6_all_length_unknown,1 deciding set(s) ended 7-6; the score string does not say whether the tiebreak was first to 7 or first to 10
2013,2013-W-INT-POL-01A-2013,Katowice,I,20130408,Clay,32,31,3:31,29,2,11,1,0,0,10,7,4:1,deciding_set_tiebreak_at_6_all_length_unknown,1 deciding set(s) ended 7-6; the score string does not say whether the tiebreak was first to 7 or first to 10
2013,2013-W-INT-POR-01A-2013,Oeiras,I,20130429,Clay,32,31,3:31,31,0,8,1,0,0,7,7,3:1,deciding_set_tiebreak_at_6_all_length_unknown,1 deciding set(s) ended 7-6; the score string does not say whether the tiebreak was first to 7 or first to 10
2013,2013-W-INT-SWE-01A-2013,Bastad,I,20130715,Clay,32,31,3:31,30,1,9,0,0,0,9,7,,not_observable_no_deciding_set_reached_6_all,"9 deciding set(s), none reached 6-6"
2013,2013-W-INT-THA-01A-2013,Pattaya,I,20130128,Hard,32,31,3:31,28,3,10,1,0,0,9,7,1:1,deciding_set_tiebreak_at_6_all_length_unknown,1 deciding set(s) ended 7-6; the score string does not say whether the tiebreak was first to 7 or first to 10
2013,2013-W-INT-USA-01A-2013,Memphis,I,20130218,Hard,32,31,3:31,30,1,13,1,0,0,12,7,4:1,deciding_set_tiebreak_at_6_all_length_unknown,1 deciding set(s) ended 7-6; the score string does not say whether the tiebreak was first to 7 or first to 10
2013,2013-W-INT-USA-02A-2013,Washington,I,20130729,Hard,32,31,3:31,28,3,9,1,0,0,8,7,6:1,deciding_set_tiebreak_at_6_all_length_unknown,1 deciding set(s) ended 7-6; the score string does not say whether the tiebreak was first to 7 or first to 10
2013,2013-W-INT-UZB-01A-2013,Tashkent,I,20130909,Hard,32,31,3:31,31,0,6,3,0,0,3,7,3:1|4:1|5:1,deciding_set_tiebreak_at_6_all_length_unknown,3 deciding set(s) ended 7-6; the score string does not say whether the tiebreak was first to 7 or first to 10
2013,2013-W-PM-CHN-01A-2013,Beijing,PM,20130930,Hard,60,59,3:59,58,1,17,1,0,0,16,7,2:1,deciding_set_tiebreak_at_6_all_length_unknown,1 deciding set(s) ended 7-6; the score string does not say whether the tiebreak was first to 7 or first to 10
2013,2013-W-PM-ESP-01A-2013,Madrid,PM,20130506,Clay,64,63,3:63,58,5,20,1,0,0,19,7,5:1,deciding_set_tiebreak_at_6_all_length_unknown,1 deciding set(s) ended 7-6; the score string does not say whether the tiebreak was first to 7 or first to 10
2013,2013-W-PM-USA-01A-2013,Indian Wells,PM,20130304,Hard,96,95,3:95,93,2,39,0,0,0,39,7,,not_observable_no_deciding_set_reached_6_all,"39 deciding set(s), none reached 6-6"
2013,2013-W-PM-USA-02A-2013,Miami,PM,20130318,Hard,96,95,3:95,92,3,38,5,0,0,33,7,1:1|3:2|5:1|7:1,deciding_set_tiebreak_at_6_all_length_unknown,5 deciding set(s) ended 7-6; the score string does not say whether the tiebreak was first to 7 or first to 10
2013,2013-W-PR-AUS-01A-2013,Brisbane,P,20121231,Hard,30,29,3:29,28,1,11,3,0,0,8,7,1:1|6:1|7:1,deciding_set_tiebreak_at_6_all_length_unknown,3 deciding set(s) ended 7-6; the score string does not say whether the tiebreak was first to 7 or first to 10
2013,2013-W-PR-AUS-02A-2013,Sydney,P,20130107,Hard,30,29,3:29,29,0,10,2,0,0,8,7,1:1|4:1,deciding_set_tiebreak_at_6_all_length_unknown,2 deciding set(s) ended 7-6; the score string does not say whether the tiebreak was first to 7 or first to 10
2013,2013-W-PR-BEL-01A-2013,Brussels,P,20130520,Clay,30,29,3:29,28,1,13,2,0,0,11,7,4:2,deciding_set_tiebreak_at_6_all_length_unknown,2 deciding set(s) ended 7-6; the score string does not say whether the tiebreak was first to 7 or first to 10
2013,2013-W-PR-CAN-01A-2013,Toronto,P,20130805,Hard,56,55,3:55,54,1,19,2,0,0,17,7,1:1|5:1,deciding_set_tiebreak_at_6_all_length_unknown,2 deciding set(s) ended 7-6; the score string does not say whether the tiebreak was first to 7 or first to 10
2013,2013-W-PR-FRA-01A-2013,Paris,P,20130128,Carpet,28,27,3:27,25,2,9,1,0,0,8,7,4:1,deciding_set_tiebreak_at_6_all_length_unknown,1 deciding set(s) ended 7-6; the score string does not say whether the tiebreak was first to 7 or first to 10
2013,2013-W-PR-GBR-01A-2013,Eastbourne,P,20130617,Grass,32,31,3:31,29,2,8,0,0,0,8,7,,not_observable_no_deciding_set_reached_6_all,"8 deciding set(s), none reached 6-6"
2013,2013-W-PR-GER-01A-2013,Stuttgart,P,20130422,Clay,28,27,3:27,26,1,7,0,0,0,7,7,,not_observable_no_deciding_set_reached_6_all,"7 deciding set(s), none reached 6-6"
2013,2013-W-PR-ITA-01A-2013,Rome,P,20130513,Clay,56,55,3:55,51,4,16,2,0,0,14,7,1:1|5:1,deciding_set_tiebreak_at_6_all_length_unknown,2 deciding set(s) ended 7-6; the score string does not say whether the tiebreak was first to 7 or first to 10
2013,2013-W-PR-JPN-01A-2013,Tokyo,P,20130923,Hard,56,55,3:55,53,2,16,2,0,0,14,7,2:2,deciding_set_tiebreak_at_6_all_length_unknown,2 deciding set(s) ended 7-6; the score string does not say whether the tiebreak was first to 7 or first to 10
2013,2013-W-PR-QAT-01A-2013,Doha,P,20130211,Hard,56,55,3:55,50,5,11,1,0,0,10,7,5:1,deciding_set_tiebreak_at_6_all_length_unknown,1 deciding set(s) ended 7-6; the score string does not say whether the tiebreak was first to 7 or first to 10
2013,2013-W-PR-RUS-01A-2013,Moscow,P,20131014,Hard,28,27,3:27,26,1,5,0,0,0,5,6,,not_observable_no_deciding_set_reached_6_all,"5 deciding set(s), none reached 6-6"
2013,2013-W-PR-UAE-01A-2013,Dubai,P,20130218,Hard,28,27,3:27,26,1,9,1,0,0,8,7,6:1,deciding_set_tiebreak_at_6_all_length_unknown,1 deciding set(s) ended 7-6; the score string does not say whether the tiebreak was first to 7 or first to 10
2013,2013-W-PR-USA-01A-2013,Charleston,P,20130401,Clay,56,55,3:55,51,4,23,2,0,0,21,7,3:1|6:1,deciding_set_tiebreak_at_6_all_length_unknown,2 deciding set(s) ended 7-6; the score string does not say whether the tiebreak was first to 7 or first to 10
2013,2013-W-PR-USA-02A-2013,Stanford,P,20130722,Hard,28,27,3:27,26,1,4,0,0,0,4,6,,not_observable_no_deciding_set_reached_6_all,"4 deciding set(s), none reached 6-6"
2013,2013-W-PR-USA-03A-2013,Cincinnati,P,20130812,Hard,56,55,3:55,54,1,28,3,0,0,25,7,4:1|6:1|7:1,deciding_set_tiebreak_at_6_all_length_unknown,3 deciding set(s) ended 7-6; the score string does not say whether the tiebreak was first to 7 or first to 10
2013,2013-W-PR-USA-04A-2013,Carlsbad,P,20130729,Hard,28,27,3:27,27,0,10,1,0,0,9,7,8:1,deciding_set_tiebreak_at_6_all_length_unknown,1 deciding set(s) ended 7-6; the score string does not say whether the tiebreak was first to 7 or first to 10
2013,2013-W-PR-USA-05A-2013,New Haven,P,20130819,Hard,30,29,3:29,26,3,9,1,0,0,8,7,5:1,deciding_set_tiebreak_at_6_all_length_unknown,1 deciding set(s) ended 7-6; the score string does not say whether the tiebreak was first to 7 or first to 10
2013,2013-W-SL-AUS-01A-2013,Australian Open,G,20130114,Hard,128,127,3:127,127,0,41,0,0,5,36,14,,advantage_deciding_set,"5 deciding set(s) went past 7 games with no tiebreak and the longest reached 14 games, past any 12-all cap"
2013,2013-W-SL-FRA-01A-2013,Roland Garros,G,20130527,Clay,128,127,3:127,127,0,39,0,0,2,37,9,,deciding_set_extends_past_6_all_cap_unknown,2 deciding set(s) went past 7 games (longest 9); that rules out a tiebreak at 6-all but does not separate an advantage set from a tiebreak at a later game count
2013,2013-W-SL-GBR-01A-2013,Wimbledon,G,20130624,Grass,128,127,3:127,124,3,42,0,0,5,37,9,,deciding_set_extends_past_6_all_cap_unknown,5 deciding set(s) went past 7 games (longest 9); that rules out a tiebreak at 6-all but does not separate an advantage set from a tiebreak at a later game count
2013,2013-W-SL-USA-01A-2013,US Open,G,20130826,Hard,128,127,3:127,127,0,30,6,0,0,24,7,3:1|4:2|5:3,deciding_set_tiebreak_at_6_all_length_unknown,6 deciding set(s) ended 7-6; the score string does not say whether the tiebreak was first to 7 or first to 10
2013,2013-W-WT-TUR-01A-2013,WTA Championships,F,20131021,Hard,4,15,3:15,15,0,4,0,0,0,4,6,,not_observable_no_deciding_set_reached_6_all,"4 deciding set(s), none reached 6-6"
2014,2014-D001,Fed Cup WG R1: USA vs ITA,D,20140208,Hard,4,3,3:3,3,0,1,0,0,0,1,6,,not_observable_no_deciding_set_reached_6_all,"1 deciding set(s), none reached 6-6"
2014,2014-D002,Fed Cup WG R1: ESP vs CZE,D,20140208,Clay,4,4,3:4,4,0,3,0,0,0,3,6,,not_observable_no_deciding_set_reached_6_all,"3 deciding set(s), none reached 6-6"
2014,2014-D003,Fed Cup WG R1: SVK vs GER,D,20140208,Hard,4,3,3:3,3,0,1,0,0,0,1,6,,not_observable_no_deciding_set_reached_6_all,"1 deciding set(s), none reached 6-6"
2014,2014-D004,Fed Cup WG R1: AUS vs RUS,D,20140208,Hard,4,3,3:3,3,0,0,0,0,0,0,0,,not_observable_no_deciding_set_played,no completed match reached a deciding set
2014,2014-D005,Fed Cup WG SF: CZE vs ITA,D,20140419,Hard,4,3,3:3,3,0,0,0,0,0,0,0,,not_observable_no_deciding_set_played,no completed match reached a deciding set
2014,2014-D006,Fed Cup WG SF: AUS vs GER,D,20140419,Hard,4,3,3:3,3,0,1,0,0,0,1,6,,not_observable_no_deciding_set_reached_6_all,"1 deciding set(s), none reached 6-6"
2014,2014-D007,Fed Cup WG F: CZE vs GER,D,20141108,Hard,4,3,3:3,3,0,1,0,0,0,1,6,,not_observable_no_deciding_set_reached_6_all,"1 deciding set(s), none reached 6-6"
2014,2014-D008,Fed Cup G1 RR: PAR vs VEN,D,20140207,Clay,4,2,3:2,2,0,0,0,0,0,0,0,,not_observable_no_deciding_set_played,no completed match reached a deciding set
2014,2014-D009,Fed Cup G1 RR: PAR vs MEX,D,20140206,Clay,4,2,3:2,2,0,0,0,0,0,0,0,,not_observable_no_deciding_set_played,no completed match reached a deciding set
2014,2014-D010,Fed Cup G1 RR: VEN vs MEX,D,20140205,Clay,4,2,3:2,2,0,0,0,0,0,0,0,,not_observable_no_deciding_set_played,no completed match reached a deciding set
2014,2014-D011,Fed Cup G1 RR: COL vs BRA,D,20140207,Clay,4,2,3:2,2,0,0,0,0,0,0,0,,not_observable_no_deciding_set_played,no completed match reached a deciding set
2014,2014-D012,Fed Cup G1 RR: COL vs BAH,D,20140205,Clay,4,2,3:2,2,0,0,0,0,0,0,0,,not_observable_no_deciding_set_played,no completed match reached a deciding set
2014,2014-D013,Fed Cup G1 RR: COL vs ECU,D,20140206,Clay,4,2,3:2,2,0,0,0,0,0,0,0,,not_observable_no_deciding_set_played,no completed match reached a deciding set
2014,2014-D014,Fed Cup G1 RR: BRA vs BAH,D,20140206,Clay,4,2,3:2,2,0,0,0,0,0,0,0,,not_observable_no_deciding_set_played,no completed match reached a deciding set
2014,2014-D015,Fed Cup G1 RR: BRA vs ECU,D,20140205,Clay,4,2,3:2,2,0,0,0,0,0,0,0,,not_observable_no_deciding_set_played,no completed match reached a deciding set
2014,2014-D016,Fed Cup G1 RR: BAH vs ECU,D,20140207,Clay,4,2,3:2,2,0,0,0,0,0,0,0,,not_observable_no_deciding_set_played,no completed match reached a deciding set
2014,2014-D017,Fed Cup G1 RR: KAZ vs INA,D,20140206,Hard,4,2,3:2,2,0,0,0,0,0,0,0,,not_observable_no_deciding_set_played,no completed match reached a deciding set
2014,2014-D018,Fed Cup G1 RR: INA vs THA,D,20140205,Hard,4,2,3:2,2,0,0,0,0,0,0,0,,not_observable_no_deciding_set_played,no completed match reached a deciding set
2014,2014-D019,Fed Cup G1 RR: CHN vs UZB,D,20140205,Hard,4,2,3:2,2,0,0,0,0,0,0,0,,not_observable_no_deciding_set_played,no completed match reached a deciding set
2014,2014-D020,Fed Cup G1 RR: CHN vs KOR,D,20140206,Hard,4,2,3:2,2,0,1,0,0,0,1,6,,not_observable_no_deciding_set_reached_6_all,"1 deciding set(s), none reached 6-6"
2014,2014-D021,Fed Cup G1 RR: CHN vs TPE,D,20140207,Hard,4,2,3:2,2,0,0,0,0,0,0,0,,not_observable_no_deciding_set_played,no completed match reached a deciding set
2014,2014-D022,Fed Cup G1 RR: UZB vs KOR,D,20140207,Hard,4,2,3:2,2,0,1,0,0,0,1,6,,not_observable_no_deciding_set_reached_6_all,"1 deciding set(s), none reached 6-6"
2014,2014-D023,Fed Cup G1 RR: UZB vs TPE,D,20140206,Hard,4,2,3:2,2,0,1,0,0,0,1,6,,not_observable_no_deciding_set_reached_6_all,"1 deciding set(s), none reached 6-6"
2014,2014-D024,Fed Cup G1 RR: KOR vs TPE,D,20140205,Hard,4,2,3:2,2,0,1,0,0,0,1,7,,not_observable_no_deciding_set_reached_6_all,"1 deciding set(s), none reached 6-6"
2014,2014-D025,Fed Cup G1 RR: BEL vs CRO,D,20140207,Hard,4,2,3:2,2,0,1,0,0,0,1,6,,not_observable_no_deciding_set_reached_6_all,"1 deciding set(s), none reached 6-6"
2014,2014-D026,Fed Cup G1 RR: BEL vs NED,D,20140205,Hard,4,2,3:2,2,0,0,0,0,0,0,0,,not_observable_no_deciding_set_played,no completed match reached a deciding set
2014,2014-D027,Fed Cup G1 RR: BEL vs LUX,D,20140204,Hard,4,2,3:2,2,0,1,0,0,0,1,6,,not_observable_no_deciding_set_reached_6_all,"1 deciding set(s), none reached 6-6"
2014,2014-D028,Fed Cup G1 RR: CRO vs NED,D,20140204,Hard,4,2,3:2,2,0,1,0,0,0,1,7,,not_observable_no_deciding_set_reached_6_all,"1 deciding set(s), none reached 6-6"
2014,2014-D029,Fed Cup G1 RR: CRO vs LUX,D,20140205,Hard,4,2,3:2,2,0,0,0,0,0,0,0,,not_observable_no_deciding_set_played,no completed match reached a deciding set
2014,2014-D030,Fed Cup G1 RR: NED vs LUX,D,20140207,Hard,4,2,3:2,2,0,0,0,0,0,0,0,,not_observable_no_deciding_set_played,no completed match reached a deciding set
2014,2014-D031,Fed Cup G1 RR: HUN vs GBR,D,20140208,Hard,4,2,3:2,2,0,1,0,0,0,1,6,,not_observable_no_deciding_set_reached_6_all,"1 deciding set(s), none reached 6-6"
2014,2014-D032,Fed Cup G1 RR: GBR vs ROU,D,20140207,Hard,4,2,3:2,2,0,1,0,0,0,1,6,,not_observable_no_deciding_set_reached_6_all,"1 deciding set(s), none reached 6-6"
2014,2014-D033,Fed Cup G1 RR: GBR vs LAT,D,20140205,Hard,4,2,3:2,2,0,1,0,0,0,1,7,,not_observable_no_deciding_set_reached_6_all,"1 deciding set(s), none reached 6-6"
2014,2014-D034,Fed Cup G1 RR: HUN vs ROU,D,20140205,Hard,4,2,3:2,2,0,1,0,0,0,1,6,,not_observable_no_deciding_set_reached_6_all,"1 deciding set(s), none reached 6-6"
2014,2014-D035,Fed Cup G1 RR: HUN vs LAT,D,20140207,Hard,4,2,3:2,2,0,0,0,0,0,0,0,,not_observable_no_deciding_set_played,no completed match reached a deciding set
2014,2014-D036,Fed Cup G1 RR: ROU vs LAT,D,20140208,Hard,4,2,3:2,2,0,0,0,0,0,0,0,,not_observable_no_deciding_set_played,no completed match reached a deciding set
2014,2014-D037,Fed Cup G1 RR: UKR vs AUT,D,20140208,Hard,4,2,3:2,2,0,0,0,0,0,0,0,,not_observable_no_deciding_set_played,no completed match reached a deciding set
2014,2014-D038,Fed Cup G1 RR: UKR vs SLO,D,20140206,Hard,4,2,3:2,2,0,2,0,0,0,2,6,,not_observable_no_deciding_set_reached_6_all,"2 deciding set(s), none reached 6-6"
2014,2014-D039,Fed Cup G1 RR: UKR vs ISR,D,20140205,Hard,4,2,3:2,2,0,0,0,0,0,0,0,,not_observable_no_deciding_set_played,no completed match reached a deciding set
2014,2014-D040,Fed Cup G1 RR: AUT vs SLO,D,20140205,Hard,4,2,3:2,2,0,0,0,0,0,0,0,,not_observable_no_deciding_set_played,no completed match reached a deciding set
2014,2014-D041,Fed Cup G1 RR: AUT vs ISR,D,20140206,Hard,4,2,3:2,2,0,1,0,0,0,1,6,,not_observable_no_deciding_set_reached_6_all,"1 deciding set(s), none reached 6-6"
2014,2014-D042,Fed Cup G1 RR: SLO vs ISR,D,20140208,Hard,4,2,3:2,2,0,1,0,0,0,1,6,,not_observable_no_deciding_set_reached_6_all,"1 deciding set(s), none reached 6-6"
2014,2014-D043,Fed Cup G1 RR: BLR vs BUL,D,20140207,Hard,4,2,3:2,2,0,0,0,0,0,0,0,,not_observable_no_deciding_set_played,no completed match reached a deciding set
2014,2014-D044,Fed Cup G1 RR: BLR vs POR,D,20140206,Hard,4,2,3:2,2,0,0,0,0,0,0,0,,not_observable_no_deciding_set_played,no completed match reached a deciding set
2014,2014-D045,Fed Cup G1 RR: BLR vs TUR,D,20140204,Hard,4,2,3:2,2,0,1,1,0,0,0,7,6:1,deciding_set_tiebreak_at_6_all_length_unknown,1 deciding set(s) ended 7-6; the score string does not say whether the tiebreak was first to 7 or first to 10
2014,2014-D046,Fed Cup G1 RR: BUL vs POR,D,20140204,Hard,4,2,3:2,2,0,2,1,0,0,1,7,3:1,deciding_set_tiebreak_at_6_all_length_unknown,1 deciding set(s) ended 7-6; the score string does not say whether the tiebreak was first to 7 or first to 10
2014,2014-D047,Fed Cup G1 RR: BUL vs TUR,D,20140206,Hard,4,2,3:2,2,0,1,0,0,0,1,6,,not_observable_no_deciding_set_reached_6_all,"1 deciding set(s), none reached 6-6"
2014,2014-D048,Fed Cup G1 RR: POR vs TUR,D,20140207,Hard,4,2,3:2,2,0,0,0,0,0,0,0,,not_observable_no_deciding_set_played,no completed match reached a deciding set
2014,2014-D049,Fed Cup G2 RR: HKG vs MAS,D,20140206,Hard,4,2,3:2,2,0,0,0,0,0,0,0,,not_observable_no_deciding_set_played,no completed match reached a deciding set
2014,2014-D050,Fed Cup G2 RR: HKG vs VIE,D,20140205,Hard,4,2,3:2,2,0,0,0,0,0,0,0,,not_observable_no_deciding_set_played,no completed match reached a deciding set
2014,2014-D051,Fed Cup G2 RR: MAS vs VIE,D,20140204,Hard,4,2,3:2,2,0,0,0,0,0,0,0,,not_observable_no_deciding_set_played,no completed match reached a deciding set
2014,2014-D052,Fed Cup G2 RR: PHI vs SIN,D,20140204,Hard,4,2,3:2,2,0,0,0,0,0,0,0,,not_observable_no_deciding_set_played,no completed match reached a deciding set
2014,2014-D053,Fed Cup G2 RR: PHI vs SRI,D,20140206,Hard,4,2,3:2,2,0,0,0,0,0,0,0,,not_observable_no_deciding_set_played,no completed match reached a deciding set
2014,2014-D054,Fed Cup G2 RR: SIN vs SRI,D,20140205,Hard,4,2,3:2,2,0,0,0,0,0,0,0,,not_observable_no_deciding_set_played,no completed match reached a deciding set
2014,2014-D055,Fed Cup G2 RR: TKM vs KGZ,D,20140206,Hard,4,2,3:2,2,0,1,0,0,0,1,6,,not_observable_no_deciding_set_reached_6_all,"1 deciding set(s), none reached 6-6"
2014,2014-D056,Fed Cup G2 RR: TKM vs IRQ,D,20140204,Hard,4,2,3:2,2,0,0,0,0,0,0,0,,not_observable_no_deciding_set_played,no completed match reached a deciding set
2014,2014-D057,Fed Cup G2 RR: KGZ vs IRQ,D,20140205,Hard,4,2,3:2,2,0,1,0,0,0,1,6,,not_observable_no_deciding_set_reached_6_all,"1 deciding set(s), none reached 6-6"
2014,2014-D058,Fed Cup G2 RR: IND vs IRI,D,20140204,Hard,4,2,3:2,2,0,0,0,0,0,0,0,,not_observable_no_deciding_set_played,no completed match reached a deciding set
2014,2014-D059,Fed Cup G2 RR: IND vs NZL,D,20140206,Hard,4,2,3:2,2,0,0,0,0,0,0,0,,not_observable_no_deciding_set_played,no completed match reached a deciding set
2014,2014-D060,Fed Cup G2 RR: IND vs PAK,D,20140205,Hard,4,2,3:2,2,0,0,0,0,0,0,0,,not_observable_no_deciding_set_played,no completed match reached a deciding set
2014,2014-D061,Fed Cup G2 RR: IRI vs NZL,D,20140205,Hard,4,2,3:2,2,0,0,0,0,0,0,0,,not_observable_no_deciding_set_played,no completed match reached a deciding set
2014,2014-D062,Fed Cup G2 RR: IRI vs PAK,D,20140206,Hard,4,2,3:2,2,0,0,0,0,0,0,0,,not_observable_no_deciding_set_played,no completed match reached a deciding set
2014,2014-D063,Fed Cup G2 RR: NZL vs PAK,D,20140204,Hard,4,2,3:2,2,0,0,0,0,0,0,0,,not_observable_no_deciding_set_played,no completed match reached a deciding set
2014,2014-D064,Fed Cup G3 RR: EST vs ARM,D,20140207,Hard,4,2,3:2,2,0,0,0,0,0,0,0,,not_observable_no_deciding_set_played,no completed match reached a deciding set
2014,2014-D065,Fed Cup G3 RR: EST vs NAM,D,20140205,Hard,4,2,3:2,2,0,0,0,0,0,0,0,,not_observable_no_deciding_set_played,no completed match reached a deciding set
2014,2014-D066,Fed Cup G3 RR: ARM vs NAM,D,20140206,Hard,4,2,3:2,2,0,0,0,0,0,0,0,,not_observable_no_deciding_set_played,no completed match reached a deciding set
2014,2014-D067,Fed Cup G3 RR: GRE vs MDA,D,20140207,Hard,4,2,3:2,2,0,0,0,0,0,0,0,,not_observable_no_deciding_set_played,no completed match reached a deciding set
2014,2014-D068,Fed Cup G3 RR: GRE vs CYP,D,20140205,Hard,4,2,3:2,2,0,0,0,0,0,0,0,,not_observable_no_deciding_set_played,no completed match reached a deciding set
2014,2014-D069,Fed Cup G3 RR: MDA vs CYP,D,20140206,Hard,4,2,3:2,2,0,1,0,0,0,1,6,,not_observable_no_deciding_set_reached_6_all,"1 deciding set(s), none reached 6-6"
2014,2014-D070,Fed Cup G3 RR: DEN vs NOR,D,20140207,Hard,4,2,3:2,2,0,0,0,0,0,0,0,,not_observable_no_deciding_set_played,no completed match reached a deciding set
2014,2014-D071,Fed Cup G3 RR: DEN vs MAD,D,20140205,Hard,4,2,3:2,2,0,1,0,0,0,1,6,,not_observable_no_deciding_set_reached_6_all,"1 deciding set(s), none reached 6-6"
2014,2014-D072,Fed Cup G3 RR: NOR vs MAD,D,20140206,Hard,4,2,3:2,2,0,1,1,0,0,0,7,3:1,deciding_set_tiebreak_at_6_all_length_unknown,1 deciding set(s) ended 7-6; the score string does not say whether the tiebreak was first to 7 or first to 10
2014,2014-D073,Fed Cup G3 RR: IRL vs MLT,D,20140207,Hard,4,2,3:2,2,0,1,0,0,0,1,6,,not_observable_no_deciding_set_reached_6_all,"1 deciding set(s), none reached 6-6"
2014,2014-D074,Fed Cup G3 RR: IRL vs ISL,D,20140205,Hard,4,2,3:2,2,0,0,0,0,0,0,0,,not_observable_no_deciding_set_played,no completed match reached a deciding set
2014,2014-D075,Fed Cup G3 RR: MLT vs ISL,D,20140206,Hard,4,2,3:2,2,0,0,0,0,0,0,0,,not_observable_no_deciding_set_played,no completed match reached a deciding set
2014,2014-D076,Fed Cup G2 PO: HKG vs IND,D,20140207,Hard,4,2,3:2,2,0,0,0,0,0,0,0,,not_observable_no_deciding_set_played,no completed match reached a deciding set
2014,2014-D077,Fed Cup G2 PO: PHI vs TKM,D,20140207,Hard,4,2,3:2,2,0,1,0,0,0,1,6,,not_observable_no_deciding_set_reached_6_all,"1 deciding set(s), none reached 6-6"
2014,2014-D078,Fed Cup G2 PO: MAS vs NZL,D,20140207,Hard,4,2,3:2,2,0,0,0,0,0,0,0,,not_observable_no_deciding_set_played,no completed match reached a deciding set
2014,2014-D079,Fed Cup G2 PO: SIN vs KGZ,D,20140207,Hard,4,2,3:2,2,0,0,0,0,0,0,0,,not_observable_no_deciding_set_played,no completed match reached a deciding set
2014,2014-D080,Fed Cup G2 PO: VIE vs IRI,D,20140207,Hard,4,2,3:2,2,0,1,0,0,0,1,7,,not_observable_no_deciding_set_reached_6_all,"1 deciding set(s), none reached 6-6"
2014,2014-D081,Fed Cup G2 PO: SRI vs IRQ,D,20140207,Hard,4,2,3:2,2,0,0,0,0,0,0,0,,not_observable_no_deciding_set_played,no completed match reached a deciding set
2014,2014-D082,Fed Cup G1 PO: THA vs UZB,D,20140208,Hard,4,2,3:2,2,0,0,0,0,0,0,0,,not_observable_no_deciding_set_played,no completed match reached a deciding set
2014,2014-D083,Fed Cup G1 PO: KAZ vs CHN,D,20140208,Hard,4,2,3:2,2,0,2,0,0,0,2,6,,not_observable_no_deciding_set_reached_6_all,"2 deciding set(s), none reached 6-6"
2014,2014-D084,Fed Cup G1 PO: INA vs TPE,D,20140208,Hard,4,2,3:2,2,0,1,0,0,0,1,6,,not_observable_no_deciding_set_reached_6_all,"1 deciding set(s), none reached 6-6"
2014,2014-D085,Fed Cup G2 PO: HKG vs PHI,D,20140208,Hard,4,2,3:2,2,0,0,0,0,0,0,0,,not_observable_no_deciding_set_played,no completed match reached a deciding set
2014,2014-D086,Fed Cup G3 PO: ARM vs MAD,D,20140208,Hard,4,2,3:2,2,0,1,0,0,0,1,7,,not_observable_no_deciding_set_reached_6_all,"1 deciding set(s), none reached 6-6"
2014,2014-D087,Fed Cup G3 PO: CYP vs ISL,D,20140208,Hard,4,2,3:2,2,0,0,0,0,0,0,0,,not_observable_no_deciding_set_played,no completed match reached a deciding set
2014,2014-D088,Fed Cup G3 PO: MDA vs MLT,D,20140208,Hard,4,2,3:2,2,0,1,0,0,0,1,6,,not_observable_no_deciding_set_reached_6_all,"1 deciding set(s), none reached 6-6"
2014,2014-D089,Fed Cup G3 PO: NAM vs NOR,D,20140208,Hard,4,2,3:2,2,0,0,0,0,0,0,0,,not_observable_no_deciding_set_played,no completed match reached a deciding set
2014,2014-D090,Fed Cup G3 PO: EST vs DEN,D,20140208,Hard,4,2,3:2,2,0,0,0,0,0,0,0,,not_observable_no_deciding_set_played,no completed match reached a deciding set
2014,2014-D091,Fed Cup G3 PO: GRE vs IRL,D,20140208,Hard,4,2,3:2,2,0,1,0,0,0,1,6,,not_observable_no_deciding_set_reached_6_all,"1 deciding set(s), none reached 6-6"
2014,2014-D092,Fed Cup G1 PO: PAR vs BRA,D,20140208,Clay,4,2,3:2,2,0,1,0,0,0,1,6,,not_observable_no_deciding_set_reached_6_all,"1 deciding set(s), none reached 6-6"
2014,2014-D093,Fed Cup G1 PO: VEN vs BAH,D,20140208,Clay,4,2,3:1|5:1,1,1,0,0,0,0,0,0,,not_observable_no_deciding_set_played,no completed match reached a deciding set
2014,2014-D094,Fed Cup G1 PO: MEX vs ECU,D,20140208,Clay,4,2,3:2,2,0,0,0,0,0,0,0,,not_observable_no_deciding_set_played,no completed match reached a deciding set
2014,2014-D095,Fed Cup G1 PO: ROU vs UKR,D,20140209,Hard,4,2,3:2,2,0,0,0,0,0,0,0,,not_observable_no_deciding_set_played,no completed match reached a deciding set
2014,2014-D096,Fed Cup G1 PO: NED vs BLR,D,20140209,Hard,4,2,3:2,2,0,0,0,0,0,0,0,,not_observable_no_deciding_set_played,no completed match reached a deciding set
2014,2014-D097,Fed Cup G1 PO: BEL vs POR,D,20140209,Hard,4,2,3:2,2,0,1,0,0,0,1,6,,not_observable_no_deciding_set_reached_6_all,"1 deciding set(s), none reached 6-6"
2014,2014-D098,Fed Cup G1 PO: HUN vs ISR,D,20140209,Hard,4,2,3:2,2,0,1,1,0,0,0,7,3:1,deciding_set_tiebreak_at_6_all_length_unknown,1 deciding set(s) ended 7-6; the score string does not say whether the tiebreak was first to 7 or first to 10
2014,2014-D099,Fed Cup G1 PO: CRO vs TUR,D,20140209,Hard,4,2,3:2,2,0,1,0,0,0,1,6,,not_observable_no_deciding_set_reached_6_all,"1 deciding set(s), none reached 6-6"
2014,2014-D100,Fed Cup G1 PO: GBR vs AUT,D,20140209,Hard,4,2,3:2,2,0,0,0,0,0,0,0,,not_observable_no_deciding_set_played,no completed match reached a deciding set
2014,2014-D101,Fed Cup G1 PO: LUX vs BUL,D,20140209,Hard,4,2,3:2,2,0,1,1,0,0,0,7,7:1,deciding_set_tiebreak_at_6_all_length_unknown,1 deciding set(s) ended 7-6; the score string does not say whether the tiebreak was first to 7 or first to 10
2014,2014-D102,Fed Cup G1 PO: LAT vs SLO,D,20140209,Hard,4,2,3:2,2,0,0,0,0,0,0,0,,not_observable_no_deciding_set_played,no completed match reached a deciding set
2014,2014-D103,Fed Cup WG PO: RUS vs ARG,D,20140419,Clay,4,3,3:3,3,0,0,0,0,0,0,0,,not_observable_no_deciding_set_played,no completed match reached a deciding set
2014,2014-D104,Fed Cup WG PO: CAN vs SVK,D,20140419,Hard,4,3,3:3,3,0,2,0,0,0,2,7,,not_observable_no_deciding_set_reached_6_all,"2 deciding set(s), none reached 6-6"
2014,2014-D105,Fed Cup WG PO: USA vs FRA,D,20140419,Hard,4,4,3:4,4,0,1,0,0,0,1,6,,not_observable_no_deciding_set_reached_6_all,"1 deciding set(s), none reached 6-6"
2014,2014-D106,Fed Cup WG PO: ESP vs POL,D,20140419,Clay,4,4,3:4,4,0,1,0,0,0,1,6,,not_observable_no_deciding_set_reached_6_all,"1 deciding set(s), none reached 6-6"
2014,2014-D107,Fed Cup WG PO: ROU vs SRB,D,20140419,Clay,4,4,3:4,4,0,2,0,0,0,2,6,,not_observable_no_deciding_set_reached_6_all,"2 deciding set(s), none reached 6-6"
2014,2014-D108,Fed Cup WG PO: NED vs JPN,D,20140419,Clay,4,4,3:4,4,0,2,0,0,1,1,9,,deciding_set_extends_past_6_all_cap_unknown,1 deciding set(s) went past 7 games (longest 9); that rules out a tiebreak at 6-all but does not separate an advantage set from a tiebreak at a later game count
2014,2014-D109,Fed Cup WG PO: SWE vs THA,D,20140419,Hard,4,3,3:3,3,0,0,0,0,0,0,0,,not_observable_no_deciding_set_played,no completed match reached a deciding set
2014,2014-D110,Fed Cup WG PO: BRA vs SUI,D,20140419,Clay,4,4,3:4,4,0,0,0,0,0,0,0,,not_observable_no_deciding_set_played,no completed match reached a deciding set
2014,2014-D111,Fed Cup G2 RR: GUA vs DOM,D,20140411,Hard,4,2,3:2,2,0,0,0,0,0,0,0,,not_observable_no_deciding_set_played,no completed match reached a deciding set
2014,2014-D112,Fed Cup G2 RR: GUA vs PAN,D,20140410,Hard,4,2,3:2,2,0,0,0,0,0,0,0,,not_observable_no_deciding_set_played,no completed match reached a deciding set
2014,2014-D113,Fed Cup G2 RR: DOM vs PAN,D,20140409,Hard,4,2,3:2,2,0,0,0,0,0,0,0,,not_observable_no_deciding_set_played,no completed match reached a deciding set
2014,2014-D114,Fed Cup G2 RR: PUR vs CHI,D,20140411,Hard,4,2,3:2,2,0,1,0,0,0,1,6,,not_observable_no_deciding_set_reached_6_all,"1 deciding set(s), none reached 6-6"
2014,2014-D115,Fed Cup G2 RR: CHI vs BAR,D,20140410,Hard,4,2,3:2,2,0,0,0,0,0,0,0,,not_observable_no_deciding_set_played,no completed match reached a deciding set
2014,2014-D116,Fed Cup G2 RR: PUR vs BAR,D,20140409,Hard,4,2,3:2,2,0,0,0,0,0,0,0,,not_observable_no_deciding_set_played,no completed match reached a deciding set
2014,2014-D117,Fed Cup G2 RR: PER vs BOL,D,20140411,Hard,4,2,3:1|5:1,1,1,0,0,0,0,0,0,,not_observable_no_deciding_set_played,no completed match reached a deciding set
2014,2014-D118,Fed Cup G2 RR: PER vs BER,D,20140409,Hard,4,2,3:2,2,0,0,0,0,0,0,0,,not_observable_no_deciding_set_played,no completed match reached a deciding set
2014,2014-D119,Fed Cup G2 RR: BOL vs BER,D,20140410,Hard,4,2,3:2,2,0,0,0,0,0,0,0,,not_observable_no_deciding_set_played,no completed match reached a deciding set
2014,2014-D120,Fed Cup G2 RR: URU vs TRI,D,20140410,Hard,4,2,3:2,2,0,0,0,0,0,0,0,,not_observable_no_deciding_set_played,no completed match reached a deciding set
2014,2014-D121,Fed Cup G2 RR: URU vs CRC,D,20140409,Hard,4,2,3:2,2,0,0,0,0,0,0,0,,not_observable_no_deciding_set_played,no completed match reached a deciding set
2014,2014-D122,Fed Cup G2 RR: TRI vs CRC,D,20140411,Hard,4,2,3:2,2,0,0,0,0,0,0,0,,not_observable_no_deciding_set_played,no completed match reached a deciding set
2014,2014-D123,Fed Cup G2 PO: DOM vs BOL,D,20140412,Hard,4,2,3:2,2,0,1,1,0,0,0,7,2:1,deciding_set_tiebreak_at_6_all_length_unknown,1 deciding set(s) ended 7-6; the score string does not say whether the tiebreak was first to 7 or first to 10
2014,2014-D124,Fed Cup G2 PO: CHI vs CRC,D,20140412,Hard,4,2,3:2,2,0,0,0,0,0,0,0,,not_observable_no_deciding_set_played,no completed match reached a deciding set
2014,2014-D125,Fed Cup G2 PO: PUR vs TRI,D,20140412,Hard,4,2,3:2,2,0,1,1,0,0,0,7,4:1,deciding_set_tiebreak_at_6_all_length_unknown,1 deciding set(s) ended 7-6; the score string does not say whether the tiebreak was first to 7 or first to 10
2014,2014-D126,Fed Cup G2 PO: GUA vs PER,D,20140412,Hard,4,2,3:2,2,0,0,0,0,0,0,0,,not_observable_no_deciding_set_played,no completed match reached a deciding set
2014,2014-D127,Fed Cup G2 PO: PAN vs BER,D,20140412,Hard,4,2,3:2,2,0,0,0,0,0,0,0,,not_observable_no_deciding_set_played,no completed match reached a deciding set
2014,2014-D128,Fed Cup G2 PO: BAR vs URU,D,20140412,Hard,4,2,3:2,2,0,0,0,0,0,0,0,,not_observable_no_deciding_set_played,no completed match reached a deciding set
2014,2014-D129,Fed Cup G2 RR: MNE vs FIN,D,20140417,Hard,4,2,3:2,2,0,0,0,0,0,0,0,,not_observable_no_deciding_set_played,no completed match reached a deciding set
2014,2014-D130,Fed Cup G2 RR: LTU vs MNE,D,20140418,Hard,4,2,3:2,2,0,0,0,0,0,0,0,,not_observable_no_deciding_set_played,no completed match reached a deciding set
2014,2014-D131,Fed Cup G2 RR: MNE vs LIE,D,20140416,Hard,4,2,3:2,2,0,0,0,0,0,0,0,,not_observable_no_deciding_set_played,no completed match reached a deciding set
2014,2014-D132,Fed Cup G2 RR: LTU vs FIN,D,20140416,Hard,4,2,3:2,2,0,0,0,0,0,0,0,,not_observable_no_deciding_set_played,no completed match reached a deciding set
2014,2014-D133,Fed Cup G2 RR: FIN vs LIE,D,20140418,Hard,4,2,3:2,2,0,2,0,0,0,2,7,,not_observable_no_deciding_set_reached_6_all,"2 deciding set(s), none reached 6-6"
2014,2014-D134,Fed Cup G2 RR: LTU vs LIE,D,20140417,Hard,4,2,3:2,2,0,1,0,0,0,1,6,,not_observable_no_deciding_set_reached_6_all,"1 deciding set(s), none reached 6-6"
2014,2014-D135,Fed Cup G2 RR: GEO vs RSA,D,20140417,Hard,4,2,3:2,2,0,0,0,0,0,0,0,,not_observable_no_deciding_set_played,no completed match reached a deciding set
2014,2014-D136,Fed Cup G2 RR: GEO vs BIH,D,20140418,Hard,4,2,3:2,2,0,0,0,0,0,0,0,,not_observable_no_deciding_set_played,no completed match reached a deciding set
2014,2014-D137,Fed Cup G2 RR: GEO vs EGY,D,20140416,Hard,4,2,3:2,2,0,0,0,0,0,0,0,,not_observable_no_deciding_set_played,no completed match reached a deciding set
2014,2014-D138,Fed Cup G2 RR: RSA vs BIH,D,20140416,Hard,4,2,3:2,2,0,0,0,0,0,0,0,,not_observable_no_deciding_set_played,no completed match reached a deciding set
2014,2014-D139,Fed Cup G2 RR: RSA vs EGY,D,20140418,Hard,4,2,3:1|5:1,1,1,0,0,0,0,0,0,,not_observable_no_deciding_set_played,no completed match reached a deciding set
2014,2014-D140,Fed Cup G2 RR: BIH vs EGY,D,20140417,Hard,4,2,3:2,2,0,1,0,0,0,1,6,,not_observable_no_deciding_set_reached_6_all,"1 deciding set(s), none reached 6-6"
2014,2014-D141,Fed Cup G2 PO: RSA vs MNE,D,20140419,Hard,4,2,3:2,2,0,0,0,0,0,0,0,,not_observable_no_deciding_set_played,no completed match reached a deciding set
2014,2014-D142,Fed Cup G2 PO: LTU vs EGY,D,20140419,Hard,4,2,3:2,2,0,1,0,0,0,1,6,,not_observable_no_deciding_set_reached_6_all,"1 deciding set(s), none reached 6-6"
2014,2014-D143,Fed Cup G2 PO: LIE vs BIH,D,20140419,Hard,4,2,3:2,2,0,0,0,0,0,0,0,,not_observable_no_deciding_set_played,no completed match reached a deciding set
2014,2014-D144,Fed Cup G2 PO: GEO vs FIN,D,20140419,Hard,4,2,3:2,2,0,1,1,0,0,0,7,5:1,deciding_set_tiebreak_at_6_all_length_unknown,1 deciding set(s) ended 7-6; the score string does not say whether the tiebreak was first to 7 or first to 10
2014,2014-W-CHA-BUL-01A-2014,Tournament of Champions,F,20141027,Hard,4,15,3:15,15,0,2,0,0,0,2,6,,not_observable_no_deciding_set_reached_6_all,"2 deciding set(s), none reached 6-6"
2014,2014-W-INT-AUS-01A-2014,Hobart,I,20140106,Hard,32,31,3:31,28,3,7,3,0,0,4,7,5:2|7:1,deciding_set_tiebreak_at_6_all_length_unknown,3 deciding set(s) ended 7-6; the score string does not say whether the tiebreak was first to 7 or first to 10
2014,2014-W-INT-AUT-01A-2014,Bad Gastein,I,20140707,Clay,32,31,3:31,30,1,8,0,0,0,8,7,,not_observable_no_deciding_set_reached_6_all,"8 deciding set(s), none reached 6-6"
2014,2014-W-INT-AUT-02A-2014,Linz,I,20141006,Hard,32,31,3:31,27,4,11,3,0,0,8,7,1:1|3:1|4:1,deciding_set_tiebreak_at_6_all_length_unknown,3 deciding set(s) ended 7-6; the score string does not say whether the tiebreak was first to 7 or first to 10
2014,2014-W-INT-AZE-01A-2014,Baku,I,20140721,Hard,32,31,3:31,30,1,11,0,0,0,11,7,,not_observable_no_deciding_set_reached_6_all,"11 deciding set(s), none reached 6-6"
2014,2014-W-INT-BRA-01A-2014,Rio de Janeiro,I,20140217,Clay,32,31,3:31,30,1,9,0,0,0,9,7,,not_observable_no_deciding_set_reached_6_all,"9 deciding set(s), none reached 6-6"
2014,2014-W-INT-BRA-02A-2014,Florianopolis,I,20140224,Hard,32,31,3:31,29,2,10,0,0,0,10,7,,not_observable_no_deciding_set_reached_6_all,"10 deciding set(s), none reached 6-6"
2014,2014-W-INT-CAN-01A-2014,Quebec City,I,20140908,Hard,32,31,3:31,31,0,12,4,0,0,8,7,3:1|4:1|5:1|6:1,deciding_set_tiebreak_at_6_all_length_unknown,4 deciding set(s) ended 7-6; the score string does not say whether the tiebreak was first to 7 or first to 10
2014,2014-W-INT-CHN-01A-2014,Shenzhen,I,20131230,Hard,32,31,3:31,29,2,11,1,0,0,10,7,3:1,deciding_set_tiebreak_at_6_all_length_unknown,1 deciding set(s) ended 7-6; the score string does not say whether the tiebreak was first to 7 or first to 10
2014,2014-W-INT-CHN-02A-2014,Guangzhou,I,20140915,Hard,32,31,3:31,31,0,9,0,0,0,9,6,,not_observable_no_deciding_set_reached_6_all,"9 deciding set(s), none reached 6-6"
2014,2014-W-INT-CHN-03A-2014,Tianjin,I,20141006,Hard,32,31,3:31,29,2,8,1,0,0,7,7,5:1,deciding_set_tiebreak_at_6_all_length_unknown,1 deciding set(s) ended 7-6; the score string does not say whether the tiebreak was first to 7 or first to 10
2014,2014-W-INT-COL-01A-2014,Bogota,I,20140407,Clay,32,31,3:31,31,0,6,0,0,0,6,6,,not_observable_no_deciding_set_reached_6_all,"6 deciding set(s), none reached 6-6"
2014,2014-W-INT-FRA-01A-2014,Strasbourg,I,20140519,Clay,32,31,3:31,30,1,9,1,0,0,8,7,2:1,deciding_set_tiebreak_at_6_all_length_unknown,1 deciding set(s) ended 7-6; the score string does not say whether the tiebreak was first to 7 or first to 10
2014,2014-W-INT-GER-01A-2014,Nuremberg,I,20140519,Clay,32,31,3:31,31,0,8,0,0,0,8,7,,not_observable_no_deciding_set_reached_6_all,"8 deciding set(s), none reached 6-6"
2014,2014-W-INT-HKG-01A-2014,Hong Kong,I,20140908,Hard,32,31,3:31,30,1,8,0,0,0,8,6,,not_observable_no_deciding_set_reached_6_all,"8 deciding set(s), none reached 6-6"
2014,2014-W-INT-JPN-01A-2014,Osaka,I,20141006,Hard,32,31,3:31,29,2,12,1,0,0,11,7,3:1,deciding_set_tiebreak_at_6_all_length_unknown,1 deciding set(s) ended 7-6; the score string does not say whether the tiebreak was first to 7 or first to 10
2014,2014-W-INT-KOR-01A-2014,Seoul,I,20140915,Hard,32,31,3:31,30,1,17,3,0,0,14,7,3:1|5:2,deciding_set_tiebreak_at_6_all_length_unknown,3 deciding set(s) ended 7-6; the score string does not say whether the tiebreak was first to 7 or first to 10
2014,2014-W-INT-LUX-01A-2014,Luxembourg,I,20141013,Hard,32,31,3:31,30,1,7,0,0,0,7,7,,not_observable_no_deciding_set_reached_6_all,"7 deciding set(s), none reached 6-6"
2014,2014-W-INT-MAR-01A-2014,Marrakech,I,20140421,Clay,32,31,3:31,30,1,8,1,0,0,7,7,3:1,deciding_set_tiebreak_at_6_all_length_unknown,1 deciding set(s) ended 7-6; the score string does not say whether the tiebreak was first to 7 or first to 10
2014,2014-W-INT-MAS-01A-2014,Kuala Lumpur,I,20140414,Hard,32,31,3:31,30,1,15,1,0,0,14,7,4:1,deciding_set_tiebreak_at_6_all_length_unknown,1 deciding set(s) ended 7-6; the score string does not say whether the tiebreak was first to 7 or first to 10
2014,2014-W-INT-MEX-01A-2014,Acapulco,I,20140224,Hard,32,31,3:31,30,1,10,1,0,0,9,7,6:1,deciding_set_tiebreak_at_6_all_length_unknown,1 deciding set(s) ended 7-6; the score string does not say whether the tiebreak was first to 7 or first to 10
2014,2014-W-INT-MEX-02A-2014,Monterrey,I,20140331,Hard,32,31,3:31,30,1,13,2,0,0,11,7,1:1|2:1,deciding_set_tiebreak_at_6_all_length_unknown,2 deciding set(s) ended 7-6; the score string does not say whether the tiebreak was first to 7 or first to 10
2014,2014-W-INT-NED-01A-2014,s Hertogenbosch,I,20140616,Grass,32,31,3:31,28,3,6,1,0,0,5,7,5:1,deciding_set_tiebreak_at_6_all_length_unknown,1 deciding set(s) ended 7-6; the score string does not say whether the tiebreak was first to 7 or first to 10
2014,2014-W-INT-NZL-01A-2014,Auckland,I,20131230,Hard,32,31,3:31,29,2,10,1,0,0,9,7,2:1,deciding_set_tiebreak_at_6_all_length_unknown,1 deciding set(s) ended 7-6; the score string does not say whether the tiebreak was first to 7 or first to 10
2014,2014-W-INT-POL-01A-2014,Katowice,I,20140407,Hard,32,31,3:31,31,0,9,0,0,0,9,7,,not_observable_no_deciding_set_reached_6_all,"9 deciding set(s), none reached 6-6"
2014,2014-W-INT-POR-01A-2014,Oeiras,I,20140428,Clay,32,31,3:31,31,0,10,1,0,0,9,7,7:1,deciding_set_tiebreak_at_6_all_length_unknown,1 deciding set(s) ended 7-6; the score string does not say whether the tiebreak was first to 7 or first to 10
2014,2014-W-INT-ROU-01A-2014,Bucharest,I,20140707,Clay,32,31,3:31,31,0,13,6,0,0,7,7,3:1|4:2|5:2|6:1,deciding_set_tiebreak_at_6_all_length_unknown,6 deciding set(s) ended 7-6; the score string does not say whether the tiebreak was first to 7 or first to 10
2014,2014-W-INT-SWE-01A-2014,Bastad,I,20140714,Clay,32,31,3:31,29,2,11,1,0,0,10,7,2:1,deciding_set_tiebreak_at_6_all_length_unknown,1 deciding set(s) ended 7-6; the score string does not say whether the tiebreak was first to 7 or first to 10
2014,2014-W-INT-THA-01A-2014,Pattaya,I,20140127,Hard,32,31,3:31,29,2,11,1,0,0,10,7,6:1,deciding_set_tiebreak_at_6_all_length_unknown,1 deciding set(s) ended 7-6; the score string does not say whether the tiebreak was first to 7 or first to 10
2014,2014-W-INT-TUR-01A-2014,Istanbul,I,20140714,Hard,32,31,3:31,29,2,13,0,0,0,13,7,,not_observable_no_deciding_set_reached_6_all,"13 deciding set(s), none reached 6-6"
2014,2014-W-INT-USA-01A-2014,Washington,I,20140728,Hard,32,31,3:31,29,2,12,1,0,0,11,7,3:1,deciding_set_tiebreak_at_6_all_length_unknown,1 deciding set(s) ended 7-6; the score string does not say whether the tiebreak was first to 7 or first to 10
2014,2014-W-INT-UZB-01A-2014,Tashkent,I,20140908,Hard,32,31,3:31,31,0,11,1,0,0,10,7,3:1,deciding_set_tiebreak_at_6_all_length_unknown,1 deciding set(s) ended 7-6; the score string does not say whether the tiebreak was first to 7 or first to 10
2014,2014-W-PM-CHN-01A-2014,Beijing,PM,20140929,Hard,60,59,3:59,54,5,17,1,0,0,16,7,1:1,deciding_set_tiebreak_at_6_all_length_unknown,1 deciding set(s) ended 7-6; the score string does not say whether the tiebreak was first to 7 or first to 10
2014,2014-W-PM-ESP-01A-2014,Madrid,PM,20140505,Clay,64,63,3:63,60,3,23,4,0,0,19,7,2:1|3:1|4:1|6:1,deciding_set_tiebreak_at_6_all_length_unknown,4 deciding set(s) ended 7-6; the score string does not say whether the tiebreak was first to 7 or first to 10
2014,2014-W-PM-USA-01A-2014,Indian Wells,PM,20140303,Hard,96,95,3:95,92,3,33,3,0,0,30,7,1:1|5:2,deciding_set_tiebreak_at_6_all_length_unknown,3 deciding set(s) ended 7-6; the score string does not say whether the tiebreak was first to 7 or first to 10
2014,2014-W-PM-USA-02A-2014,Miami,PM,20140317,Hard,96,95,3:95,92,3,31,3,0,0,28,7,2:2|5:1,deciding_set_tiebreak_at_6_all_length_unknown,3 deciding set(s) ended 7-6; the score string does not say whether the tiebreak was first to 7 or first to 10
2014,2014-W-PR-AUS-01A-2014,Brisbane,P,20131230,Hard,30,29,3:29,26,3,8,0,0,0,8,6,,not_observable_no_deciding_set_reached_6_all,"8 deciding set(s), none reached 6-6"
2014,2014-W-PR-AUS-02A-2014,Sydney,P,20140106,Hard,30,29,3:29,28,1,5,1,0,0,4,7,3:1,deciding_set_tiebreak_at_6_all_length_unknown,1 deciding set(s) ended 7-6; the score string does not say whether the tiebreak was first to 7 or first to 10
2014,2014-W-PR-CAN-01A-2014,Montreal,P,20140804,Hard,56,55,3:55,54,1,24,3,0,0,21,7,1:1|4:1|5:1,deciding_set_tiebreak_at_6_all_length_unknown,3 deciding set(s) ended 7-6; the score string does not say whether the tiebreak was first to 7 or first to 10
2014,2014-W-PR-CHN-01A-2014,Wuhan,P,20140922,Hard,56,55,3:55,49,6,19,3,0,0,16,7,4:1|6:1|7:1,deciding_set_tiebreak_at_6_all_length_unknown,3 deciding set(s) ended 7-6; the score string does not say whether the tiebreak was first to 7 or first to 10
2014,2014-W-PR-FRA-01A-2014,Paris,P,20140127,Carpet,28,27,3:27,26,1,12,3,0,0,9,7,3:2|5:1,deciding_set_tiebreak_at_6_all_length_unknown,3 deciding set(s) ended 7-6; the score string does not say whether the tiebreak was first to 7 or first to 10
2014,2014-W-PR-GBR-01A-2014,Birmingham,P,20140609,Grass,56,55,3:55,54,1,17,2,0,0,15,7,0:1|7:1,deciding_set_tiebreak_at_6_all_length_unknown,2 deciding set(s) ended 7-6; the score string does not say whether the tiebreak was first to 7 or first to 10
2014,2014-W-PR-GBR-02A-2014,Eastbourne,P,20140616,Grass,32,31,3:31,30,1,11,3,0,0,8,7,3:1|4:2,deciding_set_tiebreak_at_6_all_length_unknown,3 deciding set(s) ended 7-6; the score string does not say whether the tiebreak was first to 7 or first to 10
2014,2014-W-PR-GER-01A-2014,Stuttgart,P,20140421,Clay,28,27,3:27,26,1,7,1,0,0,6,7,2:1,deciding_set_tiebreak_at_6_all_length_unknown,1 deciding set(s) ended 7-6; the score string does not say whether the tiebreak was first to 7 or first to 10
2014,2014-W-PR-ITA-01A-2014,Rome,P,20140512,Clay,56,55,3:55,53,2,16,1,0,0,15,7,5:1,deciding_set_tiebreak_at_6_all_length_unknown,1 deciding set(s) ended 7-6; the score string does not say whether the tiebreak was first to 7 or first to 10
2014,2014-W-PR-JPN-01A-2014,Tokyo,P,20140915,Hard,28,27,3:27,27,0,10,0,0,0,10,7,,not_observable_no_deciding_set_reached_6_all,"10 deciding set(s), none reached 6-6"
2014,2014-W-PR-QAT-01A-2014,Doha,P,20140210,Hard,56,55,3:55,52,3,18,3,0,0,15,7,3:1|5:1|7:1,deciding_set_tiebreak_at_6_all_length_unknown,3 deciding set(s) ended 7-6; the score string does not say whether the tiebreak was first to 7 or first to 10
2014,2014-W-PR-RUS-01A-2014,Moscow,P,20141013,Hard,28,27,3:27,25,2,9,0,0,0,9,7,,not_observable_no_deciding_set_reached_6_all,"9 deciding set(s), none reached 6-6"
2014,2014-W-PR-UAE-01A-2014,Dubai,P,20140217,Hard,28,27,3:27,26,1,6,2,0,0,4,7,4:1|6:1,deciding_set_tiebreak_at_6_all_length_unknown,2 deciding set(s) ended 7-6; the score string does not say whether the tiebreak was first to 7 or first to 10
2014,2014-W-PR-USA-01A-2014,Charleston,P,20140331,Clay,56,55,3:55,54,1,29,5,0,0,24,7,0:2|4:1|5:1|7:1,deciding_set_tiebreak_at_6_all_length_unknown,5 deciding set(s) ended 7-6; the score string does not say whether the tiebreak was first to 7 or first to 10
2014,2014-W-PR-USA-02A-2014,Stanford,P,20140728,Hard,28,27,3:27,26,1,8,0,0,0,8,7,,not_observable_no_deciding_set_reached_6_all,"8 deciding set(s), none reached 6-6"
2014,2014-W-PR-USA-03A-2014,Cincinnati,P,20140811,Hard,56,55,3:55,55,0,18,2,0,0,16,7,2:2,deciding_set_tiebreak_at_6_all_length_unknown,2 deciding set(s) ended 7-6; the score string does not say whether the tiebreak was first to 7 or first to 10
2014,2014-W-PR-USA-04A-2014,New Haven,P,20140818,Hard,30,29,3:29,29,0,11,1,0,0,10,7,6:1,deciding_set_tiebreak_at_6_all_length_unknown,1 deciding set(s) ended 7-6; the score string does not say whether the tiebreak was first to 7 or first to 10
2014,2014-W-SL-AUS-01A-2014,Australian Open,G,20140113,Hard,128,127,3:127,126,1,42,0,0,4,38,12,,deciding_set_extends_past_6_all_cap_unknown,4 deciding set(s) went past 7 games (longest 12); that rules out a tiebreak at 6-all but does not separate an advantage set from a tiebreak at a later game count
2014,2014-W-SL-FRA-01A-2014,Roland Garros,G,20140526,Clay,128,127,3:127,123,4,39,0,0,1,38,9,,deciding_set_extends_past_6_all_cap_unknown,1 deciding set(s) went past 7 games (longest 9); that rules out a tiebreak at 6-all but does not separate an advantage set from a tiebreak at a later game count
2014,2014-W-SL-GBR-01A-2014,Wimbledon,G,20140623,Grass,128,127,3:127,126,1,41,0,0,5,36,10,,deciding_set_extends_past_6_all_cap_unknown,5 deciding set(s) went past 7 games (longest 10); that rules out a tiebreak at 6-all but does not separate an advantage set from a tiebreak at a later game count
2014,2014-W-SL-USA-01A-2014,US Open,G,20140825,Hard,128,127,3:127,124,3,44,5,0,0,39,7,3:1|5:3|8:1,deciding_set_tiebreak_at_6_all_length_unknown,5 deciding set(s) ended 7-6; the score string does not say whether the tiebreak was first to 7 or first to 10
2014,2014-W-WT-SIN-01A-2014,WTA Finals,F,20141020,Hard,4,15,3:15,15,0,4,1,0,0,3,7,6:1,deciding_set_tiebreak_at_6_all_length_unknown,1 deciding set(s) ended 7-6; the score string does not say whether the tiebreak was first to 7 or first to 10
2015,2015-D001,Fed Cup WG F: CZE vs RUS,D,20151114,Hard,4,4,3:4,4,0,2,0,0,0,2,6,,not_observable_no_deciding_set_reached_6_all,"2 deciding set(s), none reached 6-6"
2015,2015-D002,Fed Cup WG R1: CAN vs CZE,D,20150207,Hard,4,3,3:3,3,0,0,0,0,0,0,0,,not_observable_no_deciding_set_played,no completed match reached a deciding set
2015,2015-D003,Fed Cup WG R1: ITA vs FRA,D,20150207,Clay,4,4,3:4,4,0,1,0,0,0,1,6,,not_observable_no_deciding_set_reached_6_all,"1 deciding set(s), none reached 6-6"
2015,2015-D004,Fed Cup WG R1: POL vs RUS,D,20150207,Hard,4,3,3:3,3,0,1,0,0,0,1,6,,not_observable_no_deciding_set_reached_6_all,"1 deciding set(s), none reached 6-6"
2015,2015-D005,Fed Cup WG R1: GER vs AUS,D,20150207,Hard,4,4,3:4,4,0,3,0,0,2,1,12,,deciding_set_extends_past_6_all_cap_unknown,2 deciding set(s) went past 7 games (longest 12); that rules out a tiebreak at 6-all but does not separate an advantage set from a tiebreak at a later game count
2015,2015-D006,Fed Cup WG SF: CZE vs FRA,D,20150418,Hard,4,3,3:3,3,0,1,0,0,0,1,6,,not_observable_no_deciding_set_reached_6_all,"1 deciding set(s), none reached 6-6"
2015,2015-D007,Fed Cup WG SF: RUS vs GER,D,20150418,Clay,4,4,3:4,4,0,1,0,0,0,1,6,,not_observable_no_deciding_set_reached_6_all,"1 deciding set(s), none reached 6-6"
2015,2015-D008,Fed Cup WG R1: NED vs SVK,D,20150207,Clay,4,4,3:4,4,0,2,0,0,0,2,6,,not_observable_no_deciding_set_reached_6_all,"2 deciding set(s), none reached 6-6"
2015,2015-D009,Fed Cup WG R1: ROU vs ESP,D,20150207,Hard,4,4,3:4,4,0,0,0,0,0,0,0,,not_observable_no_deciding_set_played,no completed match reached a deciding set
2015,2015-D010,Fed Cup WG R1: SWE vs SUI,D,20150207,Hard,4,3,3:3,3,0,0,0,0,0,0,0,,not_observable_no_deciding_set_played,no completed match reached a deciding set
2015,2015-D011,Fed Cup WG R1: ARG vs USA,D,20150207,Clay,4,4,3:4,4,0,0,0,0,0,0,0,,not_observable_no_deciding_set_played,no completed match reached a deciding set
2015,2015-D012,Fed Cup G1 PO: JPN vs KAZ,D,20150207,Hard,4,2,3:2,2,0,1,0,0,0,1,6,,not_observable_no_deciding_set_reached_6_all,"1 deciding set(s), none reached 6-6"
2015,2015-D013,Fed Cup G1 PO: HKG vs TPE,D,20150207,Hard,4,2,3:2,2,0,1,0,0,0,1,6,,not_observable_no_deciding_set_reached_6_all,"1 deciding set(s), none reached 6-6"
2015,2015-D014,Fed Cup G1 PO: CHN vs KOR,D,20150207,Hard,4,2,3:1|5:1,1,1,0,0,0,0,0,0,,not_observable_no_deciding_set_played,no completed match reached a deciding set
2015,2015-D015,Fed Cup G1 PO: THA vs UZB,D,20150207,Hard,4,2,3:2,2,0,1,0,0,0,1,6,,not_observable_no_deciding_set_reached_6_all,"1 deciding set(s), none reached 6-6"
2015,2015-D016,Fed Cup G2 PO: RSA vs FIN,D,20150207,Hard,4,2,3:2,2,0,0,0,0,0,0,0,,not_observable_no_deciding_set_played,no completed match reached a deciding set
2015,2015-D017,Fed Cup G2 PO: EST vs SLO,D,20150207,Hard,4,2,3:1|5:1,1,1,1,0,0,0,1,6,,not_observable_no_deciding_set_reached_6_all,"1 deciding set(s), none reached 6-6"
2015,2015-D018,Fed Cup G2 PO: EGY vs LUX,D,20150207,Hard,4,2,3:2,2,0,1,0,0,0,1,6,,not_observable_no_deciding_set_reached_6_all,"1 deciding set(s), none reached 6-6"
2015,2015-D019,Fed Cup G2 PO: BIH vs IRL,D,20150207,Hard,4,2,3:2,2,0,1,0,0,0,1,7,,not_observable_no_deciding_set_reached_6_all,"1 deciding set(s), none reached 6-6"
2015,2015-D020,Fed Cup G1 PO: BLR vs GBR,D,20150207,Hard,4,2,3:2,2,0,0,0,0,0,0,0,,not_observable_no_deciding_set_played,no completed match reached a deciding set
2015,2015-D021,Fed Cup G1 PO: SRB vs CRO,D,20150207,Hard,4,2,3:2,2,0,1,0,0,0,1,7,,not_observable_no_deciding_set_reached_6_all,"1 deciding set(s), none reached 6-6"
2015,2015-D022,Fed Cup G1 PO: TUR vs GEO,D,20150207,Hard,4,2,3:2,2,0,1,0,0,0,1,6,,not_observable_no_deciding_set_reached_6_all,"1 deciding set(s), none reached 6-6"
2015,2015-D023,Fed Cup G1 PO: HUN vs BEL,D,20150207,Hard,4,2,5:2,0,2,0,0,0,0,0,0,,not_observable_no_deciding_set_played,no completed match reached a deciding set
2015,2015-D024,Fed Cup G1 PO: BUL vs UKR,D,20150207,Hard,4,2,3:2,2,0,0,0,0,0,0,0,,not_observable_no_deciding_set_played,no completed match reached a deciding set
2015,2015-D025,Fed Cup G1 PO: LIE vs POR,D,20150207,Hard,4,2,3:2,2,0,0,0,0,0,0,0,,not_observable_no_deciding_set_played,no completed match reached a deciding set
2015,2015-D026,Fed Cup G1 PO: AUT vs LAT,D,20150207,Hard,4,2,3:2,2,0,1,0,0,0,1,6,,not_observable_no_deciding_set_reached_6_all,"1 deciding set(s), none reached 6-6"
2015,2015-D027,Fed Cup G1 PO: BRA vs PAR,D,20150207,Hard,4,2,3:2,2,0,0,0,0,0,0,0,,not_observable_no_deciding_set_played,no completed match reached a deciding set
2015,2015-D028,Fed Cup G1 PO: COL vs VEN,D,20150207,Hard,4,2,3:2,2,0,0,0,0,0,0,0,,not_observable_no_deciding_set_played,no completed match reached a deciding set
2015,2015-D029,Fed Cup G1 PO: CHI vs BOL,D,20150207,Hard,4,2,3:2,2,0,0,0,0,0,0,0,,not_observable_no_deciding_set_played,no completed match reached a deciding set
2015,2015-D030,Fed Cup WG PO: ITA vs USA,D,20150418,Clay,4,4,3:4,4,0,1,0,0,0,1,6,,not_observable_no_deciding_set_reached_6_all,"1 deciding set(s), none reached 6-6"
2015,2015-D031,Fed Cup WG PO: NED vs AUS,D,20150418,Clay,4,4,3:4,4,0,1,0,0,0,1,7,,not_observable_no_deciding_set_reached_6_all,"1 deciding set(s), none reached 6-6"
2015,2015-D032,Fed Cup WG PO: POL vs SUI,D,20150418,Hard,4,4,3:4,4,0,1,0,0,0,1,6,,not_observable_no_deciding_set_reached_6_all,"1 deciding set(s), none reached 6-6"
2015,2015-D033,Fed Cup WG PO: CAN vs ROU,D,20150418,Hard,4,4,3:4,4,0,3,0,0,0,3,6,,not_observable_no_deciding_set_reached_6_all,"3 deciding set(s), none reached 6-6"
2015,2015-D034,Fed Cup WG PO: SRB vs PAR,D,20150418,Hard,4,4,3:4,4,0,1,0,0,0,1,6,,not_observable_no_deciding_set_reached_6_all,"1 deciding set(s), none reached 6-6"
2015,2015-D035,Fed Cup WG PO: SVK vs SWE,D,20150418,Clay,4,3,3:3,3,0,0,0,0,0,0,0,,not_observable_no_deciding_set_played,no completed match reached a deciding set
2015,2015-D036,Fed Cup WG PO: JPN vs BLR,D,20150418,Hard,4,4,3:4,4,0,2,0,0,0,2,6,,not_observable_no_deciding_set_reached_6_all,"2 deciding set(s), none reached 6-6"
2015,2015-D037,Fed Cup WG PO: ARG vs ESP,D,20150418,Clay,4,3,3:3,3,0,2,0,0,1,1,9,,deciding_set_extends_past_6_all_cap_unknown,1 deciding set(s) went past 7 games (longest 9); that rules out a tiebreak at 6-all but does not separate an advantage set from a tiebreak at a later game count
2015,2015-D038,Fed Cup G3 PO: LTU vs MDA,D,20150418,Clay,4,2,3:2,2,0,0,0,0,0,0,0,,not_observable_no_deciding_set_played,no completed match reached a deciding set
2015,2015-D039,Fed Cup G3 PO: GRE vs DEN,D,20150418,Clay,4,2,3:2,2,0,1,1,0,0,0,7,4:1,deciding_set_tiebreak_at_6_all_length_unknown,1 deciding set(s) ended 7-6; the score string does not say whether the tiebreak was first to 7 or first to 10
2015,2015-D040,Fed Cup G3 PO: ISL vs NAM,D,20150417,Clay,4,2,3:2,2,0,0,0,0,0,0,0,,not_observable_no_deciding_set_played,no completed match reached a deciding set
2015,2015-D041,Fed Cup G3 PO: MNE vs ALG,D,20150417,Clay,4,2,3:2,2,0,1,0,0,0,1,6,,not_observable_no_deciding_set_reached_6_all,"1 deciding set(s), none reached 6-6"
2015,2015-D042,Fed Cup G3 PO: CYP vs MKD,D,20150418,Clay,4,2,3:2,2,0,0,0,0,0,0,0,,not_observable_no_deciding_set_played,no completed match reached a deciding set
2015,2015-D043,Fed Cup G3 PO: ARM vs NOR,D,20150417,Clay,4,2,3:2,2,0,0,0,0,0,0,0,,not_observable_no_deciding_set_played,no completed match reached a deciding set
2015,2015-D044,Fed Cup G2 PO: SIN vs POC,D,20150417,Hard,4,2,3:2,2,0,0,0,0,0,0,0,,not_observable_no_deciding_set_played,no completed match reached a deciding set
2015,2015-D045,Fed Cup G2 PO: IRI vs MAS,D,20150417,Hard,4,2,3:2,2,0,0,0,0,0,0,0,,not_observable_no_deciding_set_played,no completed match reached a deciding set
2015,2015-D047,Fed Cup G2 PO: KGZ vs PAK,D,20150418,Hard,4,2,3:2,2,0,1,0,0,0,1,6,,not_observable_no_deciding_set_reached_6_all,"1 deciding set(s), none reached 6-6"
2015,2015-D048,Fed Cup G2 PO: IND vs PHI,D,20150418,Hard,4,2,3:2,2,0,1,0,0,0,1,7,,not_observable_no_deciding_set_reached_6_all,"1 deciding set(s), none reached 6-6"
2015,2015-D049,Fed Cup G2 PO: PHI vs INA,D,20150417,Hard,4,2,3:2,2,0,0,0,0,0,0,0,,not_observable_no_deciding_set_played,no completed match reached a deciding set
2015,2015-D050,Fed Cup G2 PO: IND vs TKM,D,20150417,Hard,4,2,3:2,2,0,0,0,0,0,0,0,,not_observable_no_deciding_set_played,no completed match reached a deciding set
2015,2015-W-INT-AUS-01A-2015,Hobart,I,20150112,Hard,32,31,3:31,27,4,13,2,0,0,11,7,2:1|6:1,deciding_set_tiebreak_at_6_all_length_unknown,2 deciding set(s) ended 7-6; the score string does not say whether the tiebreak was first to 7 or first to 10
2015,2015-W-INT-AUT-01A-2015,Bad Gastein,I,20150720,Clay,32,31,3:31,28,3,10,2,0,0,8,7,5:1|6:1,deciding_set_tiebreak_at_6_all_length_unknown,2 deciding set(s) ended 7-6; the score string does not say whether the tiebreak was first to 7 or first to 10
2015,2015-W-INT-AUT-02A-2015,Linz,I,20151012,Hard,32,31,3:31,31,0,11,0,0,0,11,7,,not_observable_no_deciding_set_reached_6_all,"11 deciding set(s), none reached 6-6"
2015,2015-W-INT-AZE-01A-2015,Baku,I,20150727,Hard,32,31,3:31,28,3,6,1,0,0,5,7,4:1,deciding_set_tiebreak_at_6_all_length_unknown,1 deciding set(s) ended 7-6; the score string does not say whether the tiebreak was first to 7 or first to 10
2015,2015-W-INT-BRA-01A-2015,Rio de Janeiro,I,20150216,Clay,32,31,3:31,28,3,5,0,0,0,5,7,,not_observable_no_deciding_set_reached_6_all,"5 deciding set(s), none reached 6-6"
2015,2015-W-INT-BRA-02A-2015,Florianopolis,I,20150727,Clay,32,31,3:31,31,0,11,1,0,0,10,7,2:1,deciding_set_tiebreak_at_6_all_length_unknown,1 deciding set(s) ended 7-6; the score string does not say whether the tiebreak was first to 7 or first to 10
2015,2015-W-INT-CAN-01A-2015,Quebec City,I,20150914,Hard,32,31,3:31,30,1,10,2,0,0,8,7,3:1|4:1,deciding_set_tiebreak_at_6_all_length_unknown,2 deciding set(s) ended 7-6; the score string does not say whether the tiebreak was first to 7 or first to 10
2015,2015-W-INT-CHN-01A-2015,Shenzhen,I,20150105,Hard,32,31,3:31,30,1,14,1,0,0,13,7,5:1,deciding_set_tiebreak_at_6_all_length_unknown,1 deciding set(s) ended 7-6; the score string does not say whether the tiebreak was first to 7 or first to 10
2015,2015-W-INT-CHN-02A-2015,Guangzhou,I,20150921,Hard,32,31,3:31,31,0,6,0,0,0,6,7,,not_observable_no_deciding_set_reached_6_all,"6 deciding set(s), none reached 6-6"
2015,2015-W-INT-CHN-03A-2015,Tianjin,I,20151012,Hard,32,31,3:31,31,0,7,0,0,0,7,7,,not_observable_no_deciding_set_reached_6_all,"7 deciding set(s), none reached 6-6"
2015,2015-W-INT-COL-01A-2015,Bogota,I,20150413,Clay,32,31,3:31,31,0,7,1,0,0,6,7,2:1,deciding_set_tiebreak_at_6_all_length_unknown,1 deciding set(s) ended 7-6; the score string does not say whether the tiebreak was first to 7 or first to 10
2015,2015-W-INT-CZE-01A-2015,Prague,I,20150427,Clay,32,31,3:31,31,0,17,4,0,0,13,7,1:1|3:1|5:1|11:1,deciding_set_tiebreak_at_6_all_length_unknown,4 deciding set(s) ended 7-6; the score string does not say whether the tiebreak was first to 7 or first to 10
2015,2015-W-INT-FRA-01A-2015,Strasbourg,I,20150518,Clay,32,31,3:31,25,6,10,1,0,0,9,7,0:1,deciding_set_tiebreak_at_6_all_length_unknown,1 deciding set(s) ended 7-6; the score string does not say whether the tiebreak was first to 7 or first to 10
2015,2015-W-INT-GBR-01A-2015,Nottingham,I,20150608,Grass,32,31,3:31,30,1,12,2,0,0,10,7,4:1|5:1,deciding_set_tiebreak_at_6_all_length_unknown,2 deciding set(s) ended 7-6; the score string does not say whether the tiebreak was first to 7 or first to 10
2015,2015-W-INT-GER-01A-2015,Nuremberg,I,20150518,Clay,32,31,3:31,29,2,10,1,0,0,9,7,3:1,deciding_set_tiebreak_at_6_all_length_unknown,1 deciding set(s) ended 7-6; the score string does not say whether the tiebreak was first to 7 or first to 10
2015,2015-W-INT-HKG-01A-2015,Hong Kong,I,20151012,Hard,32,31,3:31,30,1,8,0,0,0,8,6,,not_observable_no_deciding_set_reached_6_all,"8 deciding set(s), none reached 6-6"
2015,2015-W-INT-JPN-01A-2015,Tokyo,I,20150914,Hard,32,31,3:31,31,0,12,1,0,0,11,7,2:1,deciding_set_tiebreak_at_6_all_length_unknown,1 deciding set(s) ended 7-6; the score string does not say whether the tiebreak was first to 7 or first to 10
2015,2015-W-INT-KOR-01A-2015,Seoul,I,20150921,Hard,32,31,3:31,29,2,11,2,0,0,9,7,2:1|3:1,deciding_set_tiebreak_at_6_all_length_unknown,2 deciding set(s) ended 7-6; the score string does not say whether the tiebreak was first to 7 or first to 10
2015,2015-W-INT-LUX-01A-2015,Luxembourg,I,20151019,Hard,32,31,3:31,28,3,9,0,0,0,9,7,,not_observable_no_deciding_set_reached_6_all,"9 deciding set(s), none reached 6-6"
2015,2015-W-INT-MAR-01A-2015,Marrakech,I,20150427,Clay,32,31,3:31,31,0,8,0,0,0,8,7,,not_observable_no_deciding_set_reached_6_all,"8 deciding set(s), none reached 6-6"
2015,2015-W-INT-MAS-01A-2015,Kuala Lumpur,I,20150302,Hard,32,31,3:31,31,0,11,2,0,0,9,7,4:1|6:1,deciding_set_tiebreak_at_6_all_length_unknown,2 deciding set(s) ended 7-6; the score string does not say whether the tiebreak was first to 7 or first to 10
2015,2015-W-INT-MEX-01A-2015,Acapulco,I,20150223,Hard,32,31,3:31,28,3,7,0,0,0,7,7,,not_observable_no_deciding_set_reached_6_all,"7 deciding set(s), none reached 6-6"
2015,2015-W-INT-MEX-02A-2015,Monterrey,I,20150302,Hard,32,31,3:31,30,1,10,2,0,0,8,7,3:1|9:1,deciding_set_tiebreak_at_6_all_length_unknown,2 deciding set(s) ended 7-6; the score string does not say whether the tiebreak was first to 7 or first to 10
2015,2015-W-INT-NED-01A-2015,'s Hertogenbosch,I,20150608,Grass,32,31,3:31,31,0,8,1,0,0,7,7,9:1,deciding_set_tiebreak_at_6_all_length_unknown,1 deciding set(s) ended 7-6; the score string does not say whether the tiebreak was first to 7 or first to 10
2015,2015-W-INT-NZL-01A-2015,Auckland,I,20150105,Hard,32,31,3:31,31,0,14,1,0,0,13,7,3:1,deciding_set_tiebreak_at_6_all_length_unknown,1 deciding set(s) ended 7-6; the score string does not say whether the tiebreak was first to 7 or first to 10
2015,2015-W-INT-POL-01A-2015,Katowice,I,20150406,Hard,32,31,3:31,31,0,8,0,0,0,8,6,,not_observable_no_deciding_set_reached_6_all,"8 deciding set(s), none reached 6-6"
2015,2015-W-INT-ROU-01A-2015,Bucharest,I,20150713,Clay,32,31,3:31,29,2,10,1,0,0,9,7,6:1,deciding_set_tiebreak_at_6_all_length_unknown,1 deciding set(s) ended 7-6; the score string does not say whether the tiebreak was first to 7 or first to 10
2015,2015-W-INT-SWE-01A-2015,Bastad,I,20150713,Clay,32,31,3:31,29,2,9,0,0,0,9,6,,not_observable_no_deciding_set_reached_6_all,"9 deciding set(s), none reached 6-6"
2015,2015-W-INT-THA-01A-2015,Pattaya,I,20150209,Hard,32,31,3:31,30,1,8,2,0,0,6,7,3:1|7:1,deciding_set_tiebreak_at_6_all_length_unknown,2 deciding set(s) ended 7-6; the score string does not say whether the tiebreak was first to 7 or first to 10
2015,2015-W-INT-TUR-01A-2015,Istanbul,I,20150720,Hard,32,31,3:31,30,1,13,3,0,0,10,7,3:1|4:1|5:1,deciding_set_tiebreak_at_6_all_length_unknown,3 deciding set(s) ended 7-6; the score string does not say whether the tiebreak was first to 7 or first to 10
2015,2015-W-INT-USA-01A-2015,Washington,I,20150803,Hard,32,31,3:31,27,4,10,4,0,0,6,7,4:2|5:1|6:1,deciding_set_tiebreak_at_6_all_length_unknown,4 deciding set(s) ended 7-6; the score string does not say whether the tiebreak was first to 7 or first to 10
2015,2015-W-INT-UZB-01A-2015,Tashkent,I,20150928,Hard,32,31,3:31,30,1,9,0,0,0,9,7,,not_observable_no_deciding_set_reached_6_all,"9 deciding set(s), none reached 6-6"
2015,2015-W-P5-CAN-01A-2015,Toronto,P,20150810,Hard,56,55,3:55,54,1,20,2,0,0,18,7,3:2,deciding_set_tiebreak_at_6_all_length_unknown,2 deciding set(s) ended 7-6; the score string does not say whether the tiebreak was first to 7 or first to 10
2015,2015-W-P5-CHN-01A-2015,Wuhan,P,20150928,Hard,56,55,3:55,50,5,19,6,0,0,13,7,3:1|4:2|5:1|6:2,deciding_set_tiebreak_at_6_all_length_unknown,6 deciding set(s) ended 7-6; the score string does not say whether the tiebreak was first to 7 or first to 10
2015,2015-W-P5-ITA-01A-2015,Rome,P,20150511,Clay,56,55,3:55,53,2,17,5,0,0,12,7,1:1|6:1|7:2|14:1,deciding_set_tiebreak_at_6_all_length_unknown,5 deciding set(s) ended 7-6; the score string does not say whether the tiebreak was first to 7 or first to 10
2015,2015-W-P5-USA-01A-2015,Cincinnati,P,20150817,Hard,56,55,3:55,52,3,22,2,0,0,20,7,4:1|6:1,deciding_set_tiebreak_at_6_all_length_unknown,2 deciding set(s) ended 7-6; the score string does not say whether the tiebreak was first to 7 or first to 10
2015,2015-W-P700-GBR-01A-2015,Birmingham,P,20150615,Grass,56,55,3:55,54,1,14,6,0,0,8,7,4:3|5:1|6:2,deciding_set_tiebreak_at_6_all_length_unknown,6 deciding set(s) ended 7-6; the score string does not say whether the tiebreak was first to 7 or first to 10
2015,2015-W-P700-GBR-02A-2015,Eastbourne,P,20150622,Grass,48,47,3:47,44,3,15,2,0,0,13,7,4:1|7:1,deciding_set_tiebreak_at_6_all_length_unknown,2 deciding set(s) ended 7-6; the score string does not say whether the tiebreak was first to 7 or first to 10
2015,2015-W-P700-GER-01A-2015,Stuttgart,P,20150420,Clay,28,27,3:27,27,0,7,0,0,0,7,7,,not_observable_no_deciding_set_reached_6_all,"7 deciding set(s), none reached 6-6"
2015,2015-W-P700-JPN-01A-2015,Tokyo,P,20150921,Hard,28,27,3:27,26,1,6,0,0,0,6,6,,not_observable_no_deciding_set_reached_6_all,"6 deciding set(s), none reached 6-6"
2015,2015-W-P700-RUS-01A-2015,Moscow,P,20151019,Hard,28,27,3:27,26,1,10,1,0,0,9,7,7:1,deciding_set_tiebreak_at_6_all_length_unknown,1 deciding set(s) ended 7-6; the score string does not say whether the tiebreak was first to 7 or first to 10
2015,2015-W-P700-USA-01A-2015,Charleston,P,20150406,Clay,56,55,3:55,50,5,23,2,0,0,21,7,4:2,deciding_set_tiebreak_at_6_all_length_unknown,2 deciding set(s) ended 7-6; the score string does not say whether the tiebreak was first to 7 or first to 10
2015,2015-W-P700-USA-02A-2015,New Haven,P,20150824,Hard,30,29,3:29,27,2,11,1,0,0,10,7,7:1,deciding_set_tiebreak_at_6_all_length_unknown,1 deciding set(s) ended 7-6; the score string does not say whether the tiebreak was first to 7 or first to 10
2015,2015-W-P700-USA-03A-2015,Stanford,P,20150803,Hard,28,27,3:27,27,0,13,2,0,0,11,7,4:2,deciding_set_tiebreak_at_6_all_length_unknown,2 deciding set(s) ended 7-6; the score string does not say whether the tiebreak was first to 7 or first to 10
2015,2015-W-PM-CHN-01A-2015,Beijing,PM,20151005,Hard,60,59,3:59,52,7,23,0,0,0,23,7,,not_observable_no_deciding_set_reached_6_all,"23 deciding set(s), none reached 6-6"
2015,2015-W-PM-ESP-01A-2015,Madrid,PM,20150504,Clay,64,63,3:63,60,3,19,4,0,0,15,7,1:1|3:1|5:1|11:1,deciding_set_tiebreak_at_6_all_length_unknown,4 deciding set(s) ended 7-6; the score string does not say whether the tiebreak was first to 7 or first to 10
2015,2015-W-PM-USA-01A-2015,Indian Wells,PM,20150309,Hard,96,95,3:95,93,2,34,1,0,0,33,7,4:1,deciding_set_tiebreak_at_6_all_length_unknown,1 deciding set(s) ended 7-6; the score string does not say whether the tiebreak was first to 7 or first to 10
2015,2015-W-PM-USA-02A-2015,Miami,PM,20150323,Hard,96,95,3:95,94,1,25,0,0,0,25,7,,not_observable_no_deciding_set_reached_6_all,"25 deciding set(s), none reached 6-6"
2015,2015-W-PR-AUS-01A-2015,Brisbane,P,20150105,Hard,30,29,3:29,29,0,10,0,0,0,10,7,,not_observable_no_deciding_set_reached_6_all,"10 deciding set(s), none reached 6-6"
2015,2015-W-PR-AUS-02A-2015,Sydney,P,20150112,Hard,30,29,3:29,28,1,11,1,0,0,10,7,4:1,deciding_set_tiebreak_at_6_all_length_unknown,1 deciding set(s) ended 7-6; the score string does not say whether the tiebreak was first to 7 or first to 10
2015,2015-W-PR-BEL-01A-2015,Antwerp,P,20150209,Hard,28,27,3:27,25,2,7,0,0,0,7,7,,not_observable_no_deciding_set_reached_6_all,"7 deciding set(s), none reached 6-6"
2015,2015-W-PR-QAT-01A-2015,Doha,P,20150223,Hard,28,27,3:27,24,3,12,1,0,0,11,7,5:1,deciding_set_tiebreak_at_6_all_length_unknown,1 deciding set(s) ended 7-6; the score string does not say whether the tiebreak was first to 7 or first to 10
2015,2015-W-PR-UAE-01A-2015,Dubai,P,20150216,Hard,54,53,3:53,51,2,21,1,0,0,20,7,5:1,deciding_set_tiebreak_at_6_all_length_unknown,1 deciding set(s) ended 7-6; the score string does not say whether the tiebreak was first to 7 or first to 10
2015,2015-W-SL-AUS-01A-2015,Australian Open,G,20150119,Hard,128,127,3:127,127,0,38,0,0,3,35,12,,deciding_set_extends_past_6_all_cap_unknown,3 deciding set(s) went past 7 games (longest 12); that rules out a tiebreak at 6-all but does not separate an advantage set from a tiebreak at a later game count
2015,2015-W-SL-FRA-01A-2015,Roland Garros,G,20150525,Clay,128,127,3:127,124,3,44,0,0,2,42,10,,deciding_set_extends_past_6_all_cap_unknown,2 deciding set(s) went past 7 games (longest 10); that rules out a tiebreak at 6-all but does not separate an advantage set from a tiebreak at a later game count
2015,2015-W-SL-GBR-01A-2015,Wimbledon,G,20150629,Grass,128,127,3:127,125,2,39,0,0,4,35,10,,deciding_set_extends_past_6_all_cap_unknown,4 deciding set(s) went past 7 games (longest 10); that rules out a tiebreak at 6-all but does not separate an advantage set from a tiebreak at a later game count
2015,2015-W-SL-USA-01A-2015,US Open,G,20150831,Hard,128,127,3:127,124,3,46,2,0,0,44,7,1:1|3:1,deciding_set_tiebreak_at_6_all_length_unknown,2 deciding set(s) ended 7-6; the score string does not say whether the tiebreak was first to 7 or first to 10
2015,2015-W-WET-CHN-01A-2015,Zhuhai,P,20151102,Hard,12,15,3:15,14,1,4,0,0,0,4,6,,not_observable_no_deciding_set_reached_6_all,"4 deciding set(s), none reached 6-6"
2015,2015-W-WT-SIN-01A-2015,WTA Finals,W,20151025,Hard,8,15,3:15,15,0,4,0,0,0,4,7,,not_observable_no_deciding_set_reached_6_all,"4 deciding set(s), none reached 6-6"
2016,2016-0300,Luxembourg,I,20161017,Hard,32,31,3:31,30,1,13,0,0,0,13,6,,not_observable_no_deciding_set_reached_6_all,"13 deciding set(s), none reached 6-6"
2016,2016-0405,Japan Open Tokyo,I,20160912,Hard,32,31,3:31,31,0,12,3,0,0,9,7,3:1|4:1|5:1,deciding_set_tiebreak_at_6_all_length_unknown,3 deciding set(s) ended 7-6; the score string does not say whether the tiebreak was first to 7 or first to 10
2016,2016-0406,Strasbourg,I,20160516,Clay,32,31,3:31,29,2,14,3,0,0,11,7,4:1|5:2,deciding_set_tiebreak_at_6_all_length_unknown,3 deciding set(s) ended 7-6; the score string does not say whether the tiebreak was first to 7 or first to 10
2016,2016-0528,Linz,I,20161010,Hard,32,31,3:31,28,3,4,0,0,0,4,7,,not_observable_no_deciding_set_reached_6_all,"4 deciding set(s), none reached 6-6"
2016,2016-0602,New Haven,P,20160822,Hard,32,29,3:29,28,1,4,0,0,0,4,7,,not_observable_no_deciding_set_reached_6_all,"4 deciding set(s), none reached 6-6"
2016,2016-0656,Quebec City,I,20160912,Hard,32,31,3:31,31,0,10,1,0,0,9,7,7:1,deciding_set_tiebreak_at_6_all_length_unknown,1 deciding set(s) ended 7-6; the score string does not say whether the tiebreak was first to 7 or first to 10
2016,2016-0703,Stanford,P,20160718,Hard,32,27,3:27,26,1,14,1,0,0,13,7,4:1,deciding_set_tiebreak_at_6_all_length_unknown,1 deciding set(s) ended 7-6; the score string does not say whether the tiebreak was first to 7 or first to 10
2016,2016-0710,Eastbourne,P,20160620,Grass,64,47,3:47,45,2,15,0,0,0,15,7,,not_observable_no_deciding_set_reached_6_all,"15 deciding set(s), none reached 6-6"
2016,2016-0718,Dubai,P,20160215,Hard,32,27,3:27,27,0,9,0,0,0,9,6,,not_observable_no_deciding_set_reached_6_all,"9 deciding set(s), none reached 6-6"
2016,2016-0804,Charleston,P,20160404,Clay,64,55,3:55,53,2,19,4,0,0,15,7,3:2|4:1|13:1,deciding_set_tiebreak_at_6_all_length_unknown,4 deciding set(s) ended 7-6; the score string does not say whether the tiebreak was first to 7 or first to 10
2016,2016-0806,Montreal,P,20160725,Hard,64,55,3:55,53,2,22,2,0,0,20,7,3:1|5:1,deciding_set_tiebreak_at_6_all_length_unknown,2 deciding set(s) ended 7-6; the score string does not say whether the tiebreak was first to 7 or first to 10
2016,2016-0808,Singapore,F,20161024,Hard,8,15,3:15,15,0,6,1,0,0,5,7,6:1,deciding_set_tiebreak_at_6_all_length_unknown,1 deciding set(s) ended 7-6; the score string does not say whether the tiebreak was first to 7 or first to 10
2016,2016-0825,Tashkent,I,20160926,Hard,32,31,3:31,29,2,9,1,0,0,8,7,4:1,deciding_set_tiebreak_at_6_all_length_unknown,1 deciding set(s) ended 7-6; the score string does not say whether the tiebreak was first to 7 or first to 10
2016,2016-0894,Bogota,I,20160411,Clay,32,31,3:31,31,0,12,2,0,0,10,7,3:1|6:1,deciding_set_tiebreak_at_6_all_length_unknown,2 deciding set(s) ended 7-6; the score string does not say whether the tiebreak was first to 7 or first to 10
2016,2016-1003,Doha,P,20160222,Hard,64,55,3:55,54,1,17,2,0,0,15,7,3:1|4:1,deciding_set_tiebreak_at_6_all_length_unknown,2 deciding set(s) ended 7-6; the score string does not say whether the tiebreak was first to 7 or first to 10
2016,2016-1005,Rabat,I,20160425,Clay,32,31,3:31,30,1,5,0,0,0,5,7,,not_observable_no_deciding_set_reached_6_all,"5 deciding set(s), none reached 6-6"
2016,2016-1023,Guangzhou,I,20160919,Hard,32,31,3:31,29,2,10,3,0,0,7,7,1:1|4:1|8:1,deciding_set_tiebreak_at_6_all_length_unknown,3 deciding set(s) ended 7-6; the score string does not say whether the tiebreak was first to 7 or first to 10
2016,2016-1024,Seoul,I,20160919,Hard,32,31,3:31,31,0,13,1,0,0,12,7,2:1,deciding_set_tiebreak_at_6_all_length_unknown,1 deciding set(s) ended 7-6; the score string does not say whether the tiebreak was first to 7 or first to 10
2016,2016-1027,Istanbul,I,20160418,Clay,32,31,3:31,31,0,9,1,0,0,8,7,5:1,deciding_set_tiebreak_at_6_all_length_unknown,1 deciding set(s) ended 7-6; the score string does not say whether the tiebreak was first to 7 or first to 10
2016,2016-1039,Monterrey,I,20160229,Hard,32,31,3:31,30,1,6,0,0,0,6,6,,not_observable_no_deciding_set_reached_6_all,"6 deciding set(s), none reached 6-6"
2016,2016-1041,Kuala Lumpur,I,20160229,Hard,32,31,3:31,31,0,10,1,0,0,9,7,10:1,deciding_set_tiebreak_at_6_all_length_unknown,1 deciding set(s) ended 7-6; the score string does not say whether the tiebreak was first to 7 or first to 10
2016,2016-1048,Bastad,I,20160718,Clay,32,31,3:31,28,3,7,0,0,0,7,6,,not_observable_no_deciding_set_reached_6_all,"7 deciding set(s), none reached 6-6"
2016,2016-1049,Auckland,I,20160104,Hard,32,31,3:31,30,1,12,0,0,0,12,7,,not_observable_no_deciding_set_reached_6_all,"12 deciding set(s), none reached 6-6"
2016,2016-1050,Hobart,I,20160111,Hard,32,31,3:31,29,2,8,1,0,0,7,7,3:1,deciding_set_tiebreak_at_6_all_length_unknown,1 deciding set(s) ended 7-6; the score string does not say whether the tiebreak was first to 7 or first to 10
2016,2016-1051,Stuttgart,P,20160418,Clay,32,27,3:27,27,0,7,0,0,0,7,7,,not_observable_no_deciding_set_reached_6_all,"7 deciding set(s), none reached 6-6"
2016,2016-1052,Birmingham,P,20160613,Grass,32,31,3:31,30,1,13,2,0,0,11,7,3:1|5:1,deciding_set_tiebreak_at_6_all_length_unknown,2 deciding set(s) ended 7-6; the score string does not say whether the tiebreak was first to 7 or first to 10
2016,2016-1056,Tokyo,P,20160919,Hard,32,27,3:27,26,1,12,1,0,0,11,7,7:1,deciding_set_tiebreak_at_6_all_length_unknown,1 deciding set(s) ended 7-6; the score string does not say whether the tiebreak was first to 7 or first to 10
2016,2016-1063,Shenzhen,I,20160104,Hard,32,31,3:31,29,2,7,0,0,0,7,7,,not_observable_no_deciding_set_reached_6_all,"7 deciding set(s), none reached 6-6"
2016,2016-1064,Florianopolis,I,20160801,Hard,32,31,3:31,31,0,7,1,0,0,6,7,1:1,deciding_set_tiebreak_at_6_all_length_unknown,1 deciding set(s) ended 7-6; the score string does not say whether the tiebreak was first to 7 or first to 10
2016,2016-1067,Katowice,I,20160404,Hard,32,31,3:31,31,0,11,1,0,0,10,7,3:1,deciding_set_tiebreak_at_6_all_length_unknown,1 deciding set(s) ended 7-6; the score string does not say whether the tiebreak was first to 7 or first to 10
2016,2016-1068,Nurnberg,I,20160516,Clay,32,31,3:31,29,2,10,1,0,0,9,7,4:1,deciding_set_tiebreak_at_6_all_length_unknown,1 deciding set(s) ended 7-6; the score string does not say whether the tiebreak was first to 7 or first to 10
2016,2016-1074,Hong Kong,I,20161010,Hard,32,31,3:31,30,1,7,1,0,0,6,7,3:1,deciding_set_tiebreak_at_6_all_length_unknown,1 deciding set(s) ended 7-6; the score string does not say whether the tiebreak was first to 7 or first to 10
2016,2016-1075,Wuhan,I,20160926,Hard,64,55,3:55,49,6,15,0,0,0,15,7,,not_observable_no_deciding_set_reached_6_all,"15 deciding set(s), none reached 6-6"
2016,2016-1076,Tianjin,I,20161010,Hard,32,31,3:31,29,2,11,2,0,0,9,7,3:1|4:1,deciding_set_tiebreak_at_6_all_length_unknown,2 deciding set(s) ended 7-6; the score string does not say whether the tiebreak was first to 7 or first to 10
2016,2016-1077,Nanchang,I,20160801,Hard,32,31,3:31,31,0,10,0,0,0,10,7,,not_observable_no_deciding_set_reached_6_all,"10 deciding set(s), none reached 6-6"
2016,2016-1079,Bucharest,I,20160711,Clay,32,31,3:31,30,1,7,1,0,0,6,7,7:1,deciding_set_tiebreak_at_6_all_length_unknown,1 deciding set(s) ended 7-6; the score string does not say whether the tiebreak was first to 7 or first to 10
2016,2016-1080,Nottingham,I,20160606,Grass,32,31,3:31,30,1,4,0,0,0,4,7,,not_observable_no_deciding_set_reached_6_all,"4 deciding set(s), none reached 6-6"
2016,2016-1081,Zhuhai,F,20161031,Hard,12,15,3:15,15,0,2,0,0,0,2,6,,not_observable_no_deciding_set_reached_6_all,"2 deciding set(s), none reached 6-6"
2016,2016-1082,Prague,I,20160425,Clay,32,31,3:31,29,2,12,1,0,0,11,7,4:1,deciding_set_tiebreak_at_6_all_length_unknown,1 deciding set(s) ended 7-6; the score string does not say whether the tiebreak was first to 7 or first to 10
2016,2016-1086,St. Petersburg,P,20160208,Hard,32,27,3:27,27,0,10,1,0,0,9,7,4:1,deciding_set_tiebreak_at_6_all_length_unknown,1 deciding set(s) ended 7-6; the score string does not say whether the tiebreak was first to 7 or first to 10
2016,2016-1087,Kaohsiung,I,20160208,Hard,32,31,3:31,29,2,12,1,0,0,11,7,3:1,deciding_set_tiebreak_at_6_all_length_unknown,1 deciding set(s) ended 7-6; the score string does not say whether the tiebreak was first to 7 or first to 10
2016,2016-1090,Bol,I,20160530,Clay,32,31,3:31,29,2,7,0,0,0,7,7,,not_observable_no_deciding_set_reached_6_all,"7 deciding set(s), none reached 6-6"
2016,2016-1091,Mallorca,I,20160613,Grass,32,31,3:31,31,0,9,0,0,0,9,7,,not_observable_no_deciding_set_reached_6_all,"9 deciding set(s), none reached 6-6"
2016,2016-1094,Gstaad,I,20160711,Clay,32,31,3:31,31,0,12,0,0,0,12,7,,not_observable_no_deciding_set_reached_6_all,"12 deciding set(s), none reached 6-6"
2016,2016-520,Roland Garros,G,20160523,Clay,128,127,3:127,125,2,42,0,0,4,38,10,,deciding_set_extends_past_6_all_cap_unknown,4 deciding set(s) went past 7 games (longest 10); that rules out a tiebreak at 6-all but does not separate an advantage set from a tiebreak at a later game count
2016,2016-540,Wimbledon,G,20160627,Grass,128,127,3:127,124,3,36,0,0,12,24,12,,deciding_set_extends_past_6_all_cap_unknown,12 deciding set(s) went past 7 games (longest 12); that rules out a tiebreak at 6-all but does not separate an advantage set from a tiebreak at a later game count
2016,2016-560,US Open,G,20160829,Hard,128,127,3:127,125,2,38,3,0,0,35,7,3:2|5:1,deciding_set_tiebreak_at_6_all_length_unknown,3 deciding set(s) ended 7-6; the score string does not say whether the tiebreak was first to 7 or first to 10
2016,2016-580,Australian Open,G,20160118,Hard,128,127,3:127,126,1,34,0,0,4,30,11,,deciding_set_extends_past_6_all_cap_unknown,4 deciding set(s) went past 7 games (longest 11); that rules out a tiebreak at 6-all but does not separate an advantage set from a tiebreak at a later game count
2016,2016-M001,Sydney,P,20160111,Hard,32,29,3:29,27,2,9,0,0,0,9,7,,not_observable_no_deciding_set_reached_6_all,"9 deciding set(s), none reached 6-6"
2016,2016-M004,Acapulco,I,20160222,Hard,32,31,3:31,29,2,13,3,0,0,10,7,1:1|2:1|5:1,deciding_set_tiebreak_at_6_all_length_unknown,3 deciding set(s) ended 7-6; the score string does not say whether the tiebreak was first to 7 or first to 10
2016,2016-M006,Indian Wells,P,20160307,Hard,128,95,3:95,92,3,32,6,0,0,26,7,2:1|5:3|6:1|7:1,deciding_set_tiebreak_at_6_all_length_unknown,6 deciding set(s) ended 7-6; the score string does not say whether the tiebreak was first to 7 or first to 10
2016,2016-M007,Miami,P,20160321,Hard,128,95,3:95,92,3,32,7,0,0,25,7,0:1|1:1|2:2|3:1|5:1|6:1,deciding_set_tiebreak_at_6_all_length_unknown,7 deciding set(s) ended 7-6; the score string does not say whether the tiebreak was first to 7 or first to 10
2016,2016-M009,Rome,P,20160509,Clay,64,55,3:55,55,0,14,0,0,0,14,7,,not_observable_no_deciding_set_reached_6_all,"14 deciding set(s), none reached 6-6"
2016,2016-M010,'s Hertogenbosch,I,20160606,Grass,32,31,3:31,29,2,7,1,0,0,6,7,3:1,deciding_set_tiebreak_at_6_all_length_unknown,1 deciding set(s) ended 7-6; the score string does not say whether the tiebreak was first to 7 or first to 10
2016,2016-M014,Moscow,P,20161017,Hard,32,27,3:27,24,3,7,1,0,0,6,7,10:1,deciding_set_tiebreak_at_6_all_length_unknown,1 deciding set(s) ended 7-6; the score string does not say whether the tiebreak was first to 7 or first to 10
2016,2016-M015,Beijing,P,20161003,Hard,64,59,3:59,59,0,19,6,0,0,13,7,2:1|4:3|5:1|7:1,deciding_set_tiebreak_at_6_all_length_unknown,6 deciding set(s) ended 7-6; the score string does not say whether the tiebreak was first to 7 or first to 10
2016,2016-M020,Brisbane,P,20160104,Hard,32,29,3:29,28,1,9,0,0,0,9,7,,not_observable_no_deciding_set_reached_6_all,"9 deciding set(s), none reached 6-6"
2016,2016-M021,Madrid,P,20160502,Clay,64,63,3:63,58,5,21,0,0,0,21,7,,not_observable_no_deciding_set_reached_6_all,"21 deciding set(s), none reached 6-6"
2016,2016-M024,Cincinnati,P,20160815,Hard,64,47,3:47,46,1,13,1,0,0,12,7,5:1,deciding_set_tiebreak_at_6_all_length_unknown,1 deciding set(s) ended 7-6; the score string does not say whether the tiebreak was first to 7 or first to 10
2016,2016-M035,Washington,I,20160718,Hard,64,31,3:31,29,2,6,0,0,0,6,6,,not_observable_no_deciding_set_reached_6_all,"6 deciding set(s), none reached 6-6"
2016,2016-M052,Rio de Janeiro,I,20160215,Clay,32,31,3:31,31,0,12,0,0,0,12,7,,not_observable_no_deciding_set_reached_6_all,"12 deciding set(s), none reached 6-6"
2016,2016-O16,Olympics,O,20160808,Hard,64,64,3:64,62,2,23,4,0,0,19,7,5:2|6:1|7:1,deciding_set_tiebreak_at_6_all_length_unknown,4 deciding set(s) ended 7-6; the score string does not say whether the tiebreak was first to 7 or first to 10
2016,2016-W-FC-2016-G1-AM-A-M-COL-BOL-01,Fed Cup G1 RR: COL vs BOL,D,20160203,Clay,2,2,3:2,2,0,1,0,0,0,1,6,,not_observable_no_deciding_set_reached_6_all,"1 deciding set(s), none reached 6-6"
2016,2016-W-FC-2016-G1-AM-A-M-COL-MEX-01,Fed Cup G1 RR: COL vs MEX,D,20160204,Clay,2,2,3:2,2,0,0,0,0,0,0,0,,not_observable_no_deciding_set_played,no completed match reached a deciding set
2016,2016-W-FC-2016-G1-AM-A-M-MEX-BOL-01,Fed Cup G1 RR: MEX vs BOL,D,20160205,Clay,2,2,3:2,2,0,1,0,0,0,1,7,,not_observable_no_deciding_set_reached_6_all,"1 deciding set(s), none reached 6-6"
2016,2016-W-FC-2016-G1-AM-A-M-PAR-BOL-01,Fed Cup G1 RR: PAR vs BOL,D,20160204,Clay,2,2,3:2,2,0,1,0,0,0,1,6,,not_observable_no_deciding_set_reached_6_all,"1 deciding set(s), none reached 6-6"
2016,2016-W-FC-2016-G1-AM-A-M-PAR-COL-01,Fed Cup G1 RR: PAR vs COL,D,20160205,Clay,2,2,3:2,2,0,0,0,0,0,0,0,,not_observable_no_deciding_set_played,no completed match reached a deciding set
2016,2016-W-FC-2016-G1-AM-A-M-PAR-MEX-01,Fed Cup G1 RR: PAR vs MEX,D,20160203,Clay,2,2,3:2,2,0,1,0,0,0,1,6,,not_observable_no_deciding_set_reached_6_all,"1 deciding set(s), none reached 6-6"
2016,2016-W-FC-2016-G1-AM-B-M-ARG-BRA-01,Fed Cup G1 RR: ARG vs BRA,D,20160205,Clay,2,2,3:2,2,0,0,0,0,0,0,0,,not_observable_no_deciding_set_played,no completed match reached a deciding set
2016,2016-W-FC-2016-G1-AM-B-M-ARG-ECU-01,Fed Cup G1 RR: ARG vs ECU,D,20160203,Clay,2,2,3:2,2,0,0,0,0,0,0,0,,not_observable_no_deciding_set_played,no completed match reached a deciding set
2016,2016-W-FC-2016-G1-AM-B-M-ARG-PER-01,Fed Cup G1 RR: ARG vs PER,D,20160204,Clay,2,2,3:2,2,0,0,0,0,0,0,0,,not_observable_no_deciding_set_played,no completed match reached a deciding set
2016,2016-W-FC-2016-G1-AM-B-M-BRA-ECU-01,Fed Cup G1 RR: BRA vs ECU,D,20160204,Clay,2,2,3:2,2,0,0,0,0,0,0,0,,not_observable_no_deciding_set_played,no completed match reached a deciding set
2016,2016-W-FC-2016-G1-AM-B-M-BRA-PER-01,Fed Cup G1 RR: BRA vs PER,D,20160203,Clay,2,2,3:2,2,0,0,0,0,0,0,0,,not_observable_no_deciding_set_played,no completed match reached a deciding set
2016,2016-W-FC-2016-G1-AM-B-M-ECU-PER-01,Fed Cup G1 RR: ECU vs PER,D,20160205,Clay,2,2,3:2,2,0,1,1,0,0,0,7,3:1,deciding_set_tiebreak_at_6_all_length_unknown,1 deciding set(s) ended 7-6; the score string does not say whether the tiebreak was first to 7 or first to 10
2016,2016-W-FC-2016-G1-AM-PP3-4-MEX-BRA-01,Fed Cup G1 PM: MEX vs BRA,D,20160206,Clay,2,2,3:2,1,1,0,0,0,0,0,0,,not_observable_no_deciding_set_played,no completed match reached a deciding set
2016,2016-W-FC-2016-G1-AM-PPO-PAR-ARG-01,Fed Cup G1 PPO: PAR vs ARG,D,20160206,Clay,2,2,3:2,2,0,0,0,0,0,0,0,,not_observable_no_deciding_set_played,no completed match reached a deciding set
2016,2016-W-FC-2016-G1-AM-REL-BOL-PER-01,Fed Cup G1 REL: BOL vs PER,D,20160206,Clay,2,2,3:2,2,0,1,0,0,0,1,6,,not_observable_no_deciding_set_reached_6_all,"1 deciding set(s), none reached 6-6"
2016,2016-W-FC-2016-G1-AM-REL-COL-ECU-01,Fed Cup G1 REL: COL vs ECU,D,20160206,Clay,2,2,3:2,2,0,0,0,0,0,0,0,,not_observable_no_deciding_set_played,no completed match reached a deciding set
2016,2016-W-FC-2016-G1-AO-A-M-JPN-IND-01,Fed Cup G1 RR: JPN vs IND,D,20160204,Hard,2,2,3:2,2,0,0,0,0,0,0,0,,not_observable_no_deciding_set_played,no completed match reached a deciding set
2016,2016-W-FC-2016-G1-AO-A-M-JPN-THA-01,Fed Cup G1 RR: JPN vs THA,D,20160205,Hard,2,2,3:2,2,0,2,0,0,0,2,6,,not_observable_no_deciding_set_reached_6_all,"2 deciding set(s), none reached 6-6"
2016,2016-W-FC-2016-G1-AO-A-M-JPN-UZB-01,Fed Cup G1 RR: JPN vs UZB,D,20160203,Hard,2,2,3:2,2,0,1,0,0,0,1,6,,not_observable_no_deciding_set_reached_6_all,"1 deciding set(s), none reached 6-6"
2016,2016-W-FC-2016-G1-AO-A-M-THA-IND-01,Fed Cup G1 RR: THA vs IND,D,20160203,Hard,2,2,3:2,2,0,0,0,0,0,0,0,,not_observable_no_deciding_set_played,no completed match reached a deciding set
2016,2016-W-FC-2016-G1-AO-A-M-THA-UZB-01,Fed Cup G1 RR: THA vs UZB,D,20160204,Hard,2,2,3:2,2,0,2,0,0,0,2,6,,not_observable_no_deciding_set_reached_6_all,"2 deciding set(s), none reached 6-6"
2016,2016-W-FC-2016-G1-AO-A-M-UZB-IND-01,Fed Cup G1 RR: UZB vs IND,D,20160205,Hard,2,2,3:2,2,0,0,0,0,0,0,0,,not_observable_no_deciding_set_played,no completed match reached a deciding set
2016,2016-W-FC-2016-G1-AO-B-M-CHN-KOR-01,Fed Cup G1 RR: CHN vs KOR,D,20160204,Hard,2,2,3:2,2,0,2,0,0,0,2,7,,not_observable_no_deciding_set_reached_6_all,"2 deciding set(s), none reached 6-6"
2016,2016-W-FC-2016-G1-AO-B-M-CHN-TPE-01,Fed Cup G1 RR: CHN vs TPE,D,20160203,Hard,2,2,3:2,2,0,2,0,0,0,2,6,,not_observable_no_deciding_set_reached_6_all,"2 deciding set(s), none reached 6-6"
2016,2016-W-FC-2016-G1-AO-B-M-KAZ-CHN-01,Fed Cup G1 RR: KAZ vs CHN,D,20160205,Hard,2,2,3:2,2,0,0,0,0,0,0,0,,not_observable_no_deciding_set_played,no completed match reached a deciding set
2016,2016-W-FC-2016-G1-AO-B-M-KAZ-KOR-01,Fed Cup G1 RR: KAZ vs KOR,D,20160203,Hard,2,2,3:2,2,0,0,0,0,0,0,0,,not_observable_no_deciding_set_played,no completed match reached a deciding set
2016,2016-W-FC-2016-G1-AO-B-M-KAZ-TPE-01,Fed Cup G1 RR: KAZ vs TPE,D,20160204,Hard,2,2,3:2,2,0,1,1,0,0,0,7,4:1,deciding_set_tiebreak_at_6_all_length_unknown,1 deciding set(s) ended 7-6; the score string does not say whether the tiebreak was first to 7 or first to 10
2016,2016-W-FC-2016-G1-AO-B-M-KOR-TPE-01,Fed Cup G1 RR: KOR vs TPE,D,20160205,Hard,2,2,3:2,2,0,0,0,0,0,0,0,,not_observable_no_deciding_set_played,no completed match reached a deciding set
2016,2016-W-FC-2016-G1-AO-PP3-4-THA-CHN-01,Fed Cup G1 PM: THA vs CHN,D,20160206,Hard,2,2,3:2,2,0,2,0,0,0,2,6,,not_observable_no_deciding_set_reached_6_all,"2 deciding set(s), none reached 6-6"
2016,2016-W-FC-2016-G1-AO-PP5-6-IND-KAZ-01,Fed Cup G1 PM: IND vs KAZ,D,20160206,Hard,2,2,3:2,1,1,1,0,0,0,1,6,,not_observable_no_deciding_set_reached_6_all,"1 deciding set(s), none reached 6-6"
2016,2016-W-FC-2016-G1-AO-PPO-JPN-TPE-01,Fed Cup G1 PPO: JPN vs TPE,D,20160206,Hard,2,2,3:2,2,0,1,0,0,0,1,6,,not_observable_no_deciding_set_reached_6_all,"1 deciding set(s), none reached 6-6"
2016,2016-W-FC-2016-G1-AO-REL-UZB-KOR-01,Fed Cup G1 REL: UZB vs KOR,D,20160206,Hard,2,2,3:2,2,0,1,0,0,0,1,6,,not_observable_no_deciding_set_reached_6_all,"1 deciding set(s), none reached 6-6"
2016,2016-W-FC-2016-G1-EPA-A-M-SWE-POR-01,Fed Cup G1 RR: SWE vs POR,D,20160204,Hard,2,2,3:2,2,0,0,0,0,0,0,0,,not_observable_no_deciding_set_played,no completed match reached a deciding set
2016,2016-W-FC-2016-G1-EPA-A-M-SWE-UKR-01,Fed Cup G1 RR: SWE vs UKR,D,20160205,Hard,2,2,3:2,2,0,1,0,0,0,1,6,,not_observable_no_deciding_set_reached_6_all,"1 deciding set(s), none reached 6-6"
2016,2016-W-FC-2016-G1-EPA-A-M-UKR-POR-01,Fed Cup G1 RR: UKR vs POR,D,20160203,Hard,2,2,3:2,2,0,0,0,0,0,0,0,,not_observable_no_deciding_set_played,no completed match reached a deciding set
2016,2016-W-FC-2016-G1-EPA-B-M-GBR-GEO-01,Fed Cup G1 RR: GBR vs GEO,D,20160205,Hard,2,2,3:2,2,0,0,0,0,0,0,0,,not_observable_no_deciding_set_played,no completed match reached a deciding set
2016,2016-W-FC-2016-G1-EPA-B-M-GBR-RSA-01,Fed Cup G1 RR: GBR vs RSA,D,20160204,Hard,2,2,3:2,2,0,0,0,0,0,0,0,,not_observable_no_deciding_set_played,no completed match reached a deciding set
2016,2016-W-FC-2016-G1-EPA-B-M-GEO-RSA-01,Fed Cup G1 RR: GEO vs RSA,D,20160203,Hard,2,2,3:2,2,0,0,0,0,0,0,0,,not_observable_no_deciding_set_played,no completed match reached a deciding set
2016,2016-W-FC-2016-G1-EPA-C-M-CRO-EST-01,Fed Cup G1 RR: CRO vs EST,D,20160203,Hard,2,2,3:2,2,0,2,0,0,0,2,6,,not_observable_no_deciding_set_reached_6_all,"2 deciding set(s), none reached 6-6"
2016,2016-W-FC-2016-G1-EPA-C-M-CRO-ISR-01,Fed Cup G1 RR: CRO vs ISR,D,20160205,Hard,2,2,3:2,2,0,1,0,0,0,1,6,,not_observable_no_deciding_set_reached_6_all,"1 deciding set(s), none reached 6-6"
2016,2016-W-FC-2016-G1-EPA-C-M-CRO-TUR-01,Fed Cup G1 RR: CRO vs TUR,D,20160204,Hard,2,2,3:2,2,0,1,0,0,0,1,6,,not_observable_no_deciding_set_reached_6_all,"1 deciding set(s), none reached 6-6"
2016,2016-W-FC-2016-G1-EPA-C-M-EST-ISR-01,Fed Cup G1 RR: EST vs ISR,D,20160204,Hard,2,2,3:2,2,0,0,0,0,0,0,0,,not_observable_no_deciding_set_played,no completed match reached a deciding set
2016,2016-W-FC-2016-G1-EPA-C-M-TUR-EST-01,Fed Cup G1 RR: TUR vs EST,D,20160205,Hard,2,2,3:2,2,0,0,0,0,0,0,0,,not_observable_no_deciding_set_played,no completed match reached a deciding set
2016,2016-W-FC-2016-G1-EPA-C-M-TUR-ISR-01,Fed Cup G1 RR: TUR vs ISR,D,20160203,Hard,2,2,3:2,2,0,1,0,0,0,1,6,,not_observable_no_deciding_set_reached_6_all,"1 deciding set(s), none reached 6-6"
2016,2016-W-FC-2016-G1-EPA-D-M-BEL-BUL-01,Fed Cup G1 RR: BEL vs BUL,D,20160205,Hard,2,2,3:2,2,0,1,0,0,0,1,6,,not_observable_no_deciding_set_reached_6_all,"1 deciding set(s), none reached 6-6"
2016,2016-W-FC-2016-G1-EPA-D-M-BEL-LAT-01,Fed Cup G1 RR: BEL vs LAT,D,20160203,Hard,2,2,3:2,2,0,1,0,0,0,1,6,,not_observable_no_deciding_set_reached_6_all,"1 deciding set(s), none reached 6-6"
2016,2016-W-FC-2016-G1-EPA-D-M-BUL-LAT-01,Fed Cup G1 RR: BUL vs LAT,D,20160204,Hard,2,2,3:2,2,0,1,0,0,0,1,6,,not_observable_no_deciding_set_reached_6_all,"1 deciding set(s), none reached 6-6"
2016,2016-W-FC-2016-G1-EPA-D-M-HUN-BEL-01,Fed Cup G1 RR: HUN vs BEL,D,20160204,Hard,2,2,3:2,2,0,0,0,0,0,0,0,,not_observable_no_deciding_set_played,no completed match reached a deciding set
2016,2016-W-FC-2016-G1-EPA-D-M-HUN-BUL-01,Fed Cup G1 RR: HUN vs BUL,D,20160203,Hard,2,2,3:2,2,0,0,0,0,0,0,0,,not_observable_no_deciding_set_played,no completed match reached a deciding set
2016,2016-W-FC-2016-G1-EPA-D-M-HUN-LAT-01,Fed Cup G1 RR: HUN vs LAT,D,20160205,Hard,2,2,3:2,2,0,0,0,0,0,0,0,,not_observable_no_deciding_set_played,no completed match reached a deciding set
2016,2016-W-FC-2016-G1-EPA-PP5-8-GEO-BUL-01,Fed Cup G1 PM: GEO vs BUL,D,20160206,Hard,2,2,3:2,2,0,2,0,0,0,2,6,,not_observable_no_deciding_set_reached_6_all,"2 deciding set(s), none reached 6-6"
2016,2016-W-FC-2016-G1-EPA-PP5-8-POR-CRO-01,Fed Cup G1 PM: POR vs CRO,D,20160206,Hard,2,2,3:2,2,0,0,0,0,0,0,0,,not_observable_no_deciding_set_played,no completed match reached a deciding set
2016,2016-W-FC-2016-G1-EPA-PPO-BEL-GBR-01,Fed Cup G1 PPO: BEL vs GBR,D,20160206,Hard,2,2,3:2,2,0,2,0,0,0,2,6,,not_observable_no_deciding_set_reached_6_all,"2 deciding set(s), none reached 6-6"
2016,2016-W-FC-2016-G1-EPA-PPO-UKR-ISR-01,Fed Cup G1 PPO: UKR vs ISR,D,20160206,Hard,2,2,3:2,2,0,0,0,0,0,0,0,,not_observable_no_deciding_set_played,no completed match reached a deciding set
2016,2016-W-FC-2016-G1-EPA-REL-RSA-HUN-01,Fed Cup G1 REL: RSA vs HUN,D,20160206,Hard,2,2,3:2,2,0,0,0,0,0,0,0,,not_observable_no_deciding_set_played,no completed match reached a deciding set
2016,2016-W-FC-2016-G1-EPA-REL-SWE-TUR-01,Fed Cup G1 REL: SWE vs TUR,D,20160206,Hard,2,2,3:2,2,0,1,0,0,0,1,6,,not_observable_no_deciding_set_reached_6_all,"1 deciding set(s), none reached 6-6"
2016,2016-W-FC-2016-G2-AM-A-M-CHI-CRC-01,Fed Cup G2 RR: CHI vs CRC,D,20160205,Hard,2,2,3:2,2,0,0,0,0,0,0,0,,not_observable_no_deciding_set_played,no completed match reached a deciding set
2016,2016-W-FC-2016-G2-AM-A-M-CHI-HON-01,Fed Cup G2 RR: CHI vs HON,D,20160203,Hard,2,2,3:2,2,0,0,0,0,0,0,0,,not_observable_no_deciding_set_played,no completed match reached a deciding set
2016,2016-W-FC-2016-G2-AM-A-M-CRC-HON-01,Fed Cup G2 RR: CRC vs HON,D,20160204,Hard,2,2,3:2,2,0,0,0,0,0,0,0,,not_observable_no_deciding_set_played,no completed match reached a deciding set
2016,2016-W-FC-2016-G2-AM-A-M-VEN-CHI-01,Fed Cup G2 RR: VEN vs CHI,D,20160204,Hard,2,2,3:2,2,0,0,0,0,0,0,0,,not_observable_no_deciding_set_played,no completed match reached a deciding set
2016,2016-W-FC-2016-G2-AM-A-M-VEN-CRC-01,Fed Cup G2 RR: VEN vs CRC,D,20160203,Hard,2,2,3:2,2,0,0,0,0,0,0,0,,not_observable_no_deciding_set_played,no completed match reached a deciding set
2016,2016-W-FC-2016-G2-AM-A-M-VEN-HON-01,Fed Cup G2 RR: VEN vs HON,D,20160205,Hard,2,2,3:2,2,0,0,0,0,0,0,0,,not_observable_no_deciding_set_played,no completed match reached a deciding set
2016,2016-W-FC-2016-G2-AM-B-M-BAH-URU-01,Fed Cup G2 RR: BAH vs URU,D,20160205,Hard,2,2,3:2,2,0,0,0,0,0,0,0,,not_observable_no_deciding_set_played,no completed match reached a deciding set
2016,2016-W-FC-2016-G2-AM-B-M-DOM-BAH-01,Fed Cup G2 RR: DOM vs BAH,D,20160202,Hard,2,2,3:2,2,0,1,0,0,0,1,6,,not_observable_no_deciding_set_reached_6_all,"1 deciding set(s), none reached 6-6"
2016,2016-W-FC-2016-G2-AM-B-M-DOM-GUA-01,Fed Cup G2 RR: DOM vs GUA,D,20160203,Hard,2,2,3:2,2,0,0,0,0,0,0,0,,not_observable_no_deciding_set_played,no completed match reached a deciding set
2016,2016-W-FC-2016-G2-AM-B-M-DOM-PUR-01,Fed Cup G2 RR: DOM vs PUR,D,20160205,Hard,2,2,3:2,2,0,0,0,0,0,0,0,,not_observable_no_deciding_set_played,no completed match reached a deciding set
2016,2016-W-FC-2016-G2-AM-B-M-DOM-URU-01,Fed Cup G2 RR: DOM vs URU,D,20160201,Hard,2,2,3:2,2,0,0,0,0,0,0,0,,not_observable_no_deciding_set_played,no completed match reached a deciding set
2016,2016-W-FC-2016-G2-AM-B-M-GUA-BAH-01,Fed Cup G2 RR: GUA vs BAH,D,20160201,Hard,2,2,3:2,2,0,0,0,0,0,0,0,,not_observable_no_deciding_set_played,no completed match reached a deciding set
2016,2016-W-FC-2016-G2-AM-B-M-GUA-PUR-01,Fed Cup G2 RR: GUA vs PUR,D,20160202,Hard,2,2,3:2,2,0,1,0,0,0,1,6,,not_observable_no_deciding_set_reached_6_all,"1 deciding set(s), none reached 6-6"
2016,2016-W-FC-2016-G2-AM-B-M-GUA-URU-01,Fed Cup G2 RR: GUA vs URU,D,20160204,Hard,2,2,3:2,2,0,1,1,0,0,0,7,5:1,deciding_set_tiebreak_at_6_all_length_unknown,1 deciding set(s) ended 7-6; the score string does not say whether the tiebreak was first to 7 or first to 10
2016,2016-W-FC-2016-G2-AM-B-M-PUR-BAH-01,Fed Cup G2 RR: PUR vs BAH,D,20160204,Hard,2,2,3:2,2,0,0,0,0,0,0,0,,not_observable_no_deciding_set_played,no completed match reached a deciding set
2016,2016-W-FC-2016-G2-AM-B-M-PUR-URU-01,Fed Cup G2 RR: PUR vs URU,D,20160203,Hard,2,2,3:2,2,0,1,1,0,0,0,7,5:1,deciding_set_tiebreak_at_6_all_length_unknown,1 deciding set(s) ended 7-6; the score string does not say whether the tiebreak was first to 7 or first to 10
2016,2016-W-FC-2016-G2-AM-PP5-8-DOM-CRC-01,Fed Cup G2 PM: DOM vs CRC,D,20160206,Hard,2,2,3:2,2,0,0,0,0,0,0,0,,not_observable_no_deciding_set_played,no completed match reached a deciding set
2016,2016-W-FC-2016-G2-AM-PP5-8-HON-URU-01,Fed Cup G2 PM: HON vs URU,D,20160206,Hard,2,2,3:2,2,0,1,1,0,0,0,7,2:1,deciding_set_tiebreak_at_6_all_length_unknown,1 deciding set(s) ended 7-6; the score string does not say whether the tiebreak was first to 7 or first to 10
2016,2016-W-FC-2016-G2-AM-PPO-PUR-CHI-01,Fed Cup G2 PPO: PUR vs CHI,D,20160206,Hard,2,2,3:2,2,0,0,0,0,0,0,0,,not_observable_no_deciding_set_played,no completed match reached a deciding set
2016,2016-W-FC-2016-G2-AM-PPO-VEN-GUA-01,Fed Cup G2 PPO: VEN vs GUA,D,20160206,Hard,2,2,3:2,2,0,0,0,0,0,0,0,,not_observable_no_deciding_set_played,no completed match reached a deciding set
2016,2016-W-FC-2016-G2-AO-A-M-HKG-BRN-01,Fed Cup G2 RR: HKG vs BRN,D,20160412,Hard,2,2,3:2,2,0,0,0,0,0,0,0,,not_observable_no_deciding_set_played,no completed match reached a deciding set
2016,2016-W-FC-2016-G2-AO-A-M-HKG-IRI-01,Fed Cup G2 RR: HKG vs IRI,D,20160415,Hard,2,2,3:2,2,0,1,0,0,0,1,6,,not_observable_no_deciding_set_reached_6_all,"1 deciding set(s), none reached 6-6"
2016,2016-W-FC-2016-G2-AO-A-M-HKG-POC-01,Fed Cup G2 RR: HKG vs POC,D,20160411,Hard,2,2,3:2,2,0,1,0,0,0,1,7,,not_observable_no_deciding_set_reached_6_all,"1 deciding set(s), none reached 6-6"
2016,2016-W-FC-2016-G2-AO-A-M-IRI-BRN-01,Fed Cup G2 RR: IRI vs BRN,D,20160413,Hard,2,2,3:2,2,0,0,0,0,0,0,0,,not_observable_no_deciding_set_played,no completed match reached a deciding set
2016,2016-W-FC-2016-G2-AO-A-M-PHI-BRN-01,Fed Cup G2 RR: PHI vs BRN,D,20160415,Hard,2,2,3:2,2,0,0,0,0,0,0,0,,not_observable_no_deciding_set_played,no completed match reached a deciding set
2016,2016-W-FC-2016-G2-AO-A-M-PHI-HKG-01,Fed Cup G2 RR: PHI vs HKG,D,20160414,Hard,2,2,3:2,2,0,0,0,0,0,0,0,,not_observable_no_deciding_set_played,no completed match reached a deciding set
2016,2016-W-FC-2016-G2-AO-A-M-PHI-IRI-01,Fed Cup G2 RR: PHI vs IRI,D,20160411,Hard,2,2,3:2,2,0,0,0,0,0,0,0,,not_observable_no_deciding_set_played,no completed match reached a deciding set
2016,2016-W-FC-2016-G2-AO-A-M-PHI-POC-01,Fed Cup G2 RR: PHI vs POC,D,20160413,Hard,2,2,3:2,2,0,0,0,0,0,0,0,,not_observable_no_deciding_set_played,no completed match reached a deciding set
2016,2016-W-FC-2016-G2-AO-A-M-POC-BRN-01,Fed Cup G2 RR: POC vs BRN,D,20160414,Hard,2,2,3:2,2,0,0,0,0,0,0,0,,not_observable_no_deciding_set_played,no completed match reached a deciding set
2016,2016-W-FC-2016-G2-AO-A-M-POC-IRI-01,Fed Cup G2 RR: POC vs IRI,D,20160412,Hard,2,2,3:2,2,0,0,0,0,0,0,0,,not_observable_no_deciding_set_played,no completed match reached a deciding set
2016,2016-W-FC-2016-G2-AO-B-M-INA-KGZ-01,Fed Cup G2 RR: INA vs KGZ,D,20160412,Hard,2,2,3:2,2,0,0,0,0,0,0,0,,not_observable_no_deciding_set_played,no completed match reached a deciding set
2016,2016-W-FC-2016-G2-AO-B-M-INA-MAS-01,Fed Cup G2 RR: INA vs MAS,D,20160415,Hard,2,2,3:2,2,0,1,0,0,0,1,6,,not_observable_no_deciding_set_reached_6_all,"1 deciding set(s), none reached 6-6"
2016,2016-W-FC-2016-G2-AO-B-M-INA-PAK-01,Fed Cup G2 RR: INA vs PAK,D,20160414,Hard,2,2,3:2,2,0,0,0,0,0,0,0,,not_observable_no_deciding_set_played,no completed match reached a deciding set
2016,2016-W-FC-2016-G2-AO-B-M-INA-SIN-01,Fed Cup G2 RR: INA vs SIN,D,20160413,Hard,2,2,3:2,2,0,2,0,0,0,2,6,,not_observable_no_deciding_set_reached_6_all,"2 deciding set(s), none reached 6-6"
2016,2016-W-FC-2016-G2-AO-B-M-INA-SRI-01,Fed Cup G2 RR: INA vs SRI,D,20160411,Hard,2,2,3:2,2,0,0,0,0,0,0,0,,not_observable_no_deciding_set_played,no completed match reached a deciding set
2016,2016-W-FC-2016-G2-AO-B-M-KGZ-SRI-01,Fed Cup G2 RR: KGZ vs SRI,D,20160414,Hard,2,2,3:2,2,0,0,0,0,0,0,0,,not_observable_no_deciding_set_played,no completed match reached a deciding set
2016,2016-W-FC-2016-G2-AO-B-M-MAS-KGZ-01,Fed Cup G2 RR: MAS vs KGZ,D,20160411,Hard,2,2,3:2,2,0,0,0,0,0,0,0,,not_observable_no_deciding_set_played,no completed match reached a deciding set
2016,2016-W-FC-2016-G2-AO-B-M-MAS-PAK-01,Fed Cup G2 RR: MAS vs PAK,D,20160412,Hard,2,2,3:2,2,0,0,0,0,0,0,0,,not_observable_no_deciding_set_played,no completed match reached a deciding set
2016,2016-W-FC-2016-G2-AO-B-M-MAS-SIN-01,Fed Cup G2 RR: MAS vs SIN,D,20160414,Hard,2,2,3:2,2,0,1,0,0,0,1,6,,not_observable_no_deciding_set_reached_6_all,"1 deciding set(s), none reached 6-6"
2016,2016-W-FC-2016-G2-AO-B-M-MAS-SRI-01,Fed Cup G2 RR: MAS vs SRI,D,20160413,Hard,2,2,3:2,2,0,0,0,0,0,0,0,,not_observable_no_deciding_set_played,no completed match reached a deciding set
2016,2016-W-FC-2016-G2-AO-B-M-PAK-KGZ-01,Fed Cup G2 RR: PAK vs KGZ,D,20160413,Hard,2,2,3:2,1,1,0,0,0,0,0,0,,not_observable_no_deciding_set_played,no completed match reached a deciding set
2016,2016-W-FC-2016-G2-AO-B-M-PAK-SRI-01,Fed Cup G2 RR: PAK vs SRI,D,20160415,Hard,2,2,3:2,2,0,0,0,0,0,0,0,,not_observable_no_deciding_set_played,no completed match reached a deciding set
2016,2016-W-FC-2016-G2-AO-B-M-SIN-KGZ-01,Fed Cup G2 RR: SIN vs KGZ,D,20160415,Hard,2,2,3:2,2,0,0,0,0,0,0,0,,not_observable_no_deciding_set_played,no completed match reached a deciding set
2016,2016-W-FC-2016-G2-AO-B-M-SIN-PAK-01,Fed Cup G2 RR: SIN vs PAK,D,20160411,Hard,2,2,3:2,2,0,0,0,0,0,0,0,,not_observable_no_deciding_set_played,no completed match reached a deciding set
2016,2016-W-FC-2016-G2-AO-B-M-SIN-SRI-01,Fed Cup G2 RR: SIN vs SRI,D,20160412,Hard,2,2,3:2,2,0,0,0,0,0,0,0,,not_observable_no_deciding_set_played,no completed match reached a deciding set
2016,2016-W-FC-2016-G2-AO-PP3-4-HKG-MAS-01,Fed Cup G2 PM: HKG vs MAS,D,20160416,Hard,2,2,3:2,2,0,0,0,0,0,0,0,,not_observable_no_deciding_set_played,no completed match reached a deciding set
2016,2016-W-FC-2016-G2-AO-PP5-6-POC-INA-01,Fed Cup G2 PM: POC vs INA,D,20160416,Hard,2,2,3:2,2,0,0,0,0,0,0,0,,not_observable_no_deciding_set_played,no completed match reached a deciding set
2016,2016-W-FC-2016-G2-AO-PP7-8-IRI-SRI-01,Fed Cup G2 PM: IRI vs SRI,D,20160416,Hard,2,2,3:2,2,0,0,0,0,0,0,0,,not_observable_no_deciding_set_played,no completed match reached a deciding set
2016,2016-W-FC-2016-G2-AO-PP9-10-BRN-PAK-01,Fed Cup G2 PM: BRN vs PAK,D,20160416,Hard,2,2,3:2,2,0,0,0,0,0,0,0,,not_observable_no_deciding_set_played,no completed match reached a deciding set
2016,2016-W-FC-2016-G2-AO-PPO-PHI-SIN-01,Fed Cup G2 PPO: PHI vs SIN,D,20160416,Hard,2,2,3:2,2,0,1,0,0,0,1,6,,not_observable_no_deciding_set_reached_6_all,"1 deciding set(s), none reached 6-6"
2016,2016-W-FC-2016-G2-EPA-A-M-FIN-DEN-01,Fed Cup G2 RR: FIN vs DEN,D,20160414,Clay,2,2,3:2,2,0,0,0,0,0,0,0,,not_observable_no_deciding_set_played,no completed match reached a deciding set
2016,2016-W-FC-2016-G2-EPA-A-M-FIN-LTU-01,Fed Cup G2 RR: FIN vs LTU,D,20160415,Clay,2,2,3:2,2,0,1,1,0,0,0,7,3:1,deciding_set_tiebreak_at_6_all_length_unknown,1 deciding set(s) ended 7-6; the score string does not say whether the tiebreak was first to 7 or first to 10
2016,2016-W-FC-2016-G2-EPA-A-M-LTU-DEN-01,Fed Cup G2 RR: LTU vs DEN,D,20160413,Clay,2,2,3:2,2,0,0,0,0,0,0,0,,not_observable_no_deciding_set_played,no completed match reached a deciding set
2016,2016-W-FC-2016-G2-EPA-B-M-AUT-BIH-01,Fed Cup G2 RR: AUT vs BIH,D,20160415,Clay,2,2,3:2,2,0,0,0,0,0,0,0,,not_observable_no_deciding_set_played,no completed match reached a deciding set
2016,2016-W-FC-2016-G2-EPA-B-M-EGY-AUT-01,Fed Cup G2 RR: EGY vs AUT,D,20160413,Clay,2,2,3:2,2,0,0,0,0,0,0,0,,not_observable_no_deciding_set_played,no completed match reached a deciding set
2016,2016-W-FC-2016-G2-EPA-B-M-EGY-BIH-01,Fed Cup G2 RR: EGY vs BIH,D,20160414,Clay,2,2,3:2,2,0,0,0,0,0,0,0,,not_observable_no_deciding_set_played,no completed match reached a deciding set
2016,2016-W-FC-2016-G2-EPA-B-M-LIE-AUT-01,Fed Cup G2 RR: LIE vs AUT,D,20160414,Clay,2,2,3:2,2,0,2,0,0,0,2,6,,not_observable_no_deciding_set_reached_6_all,"2 deciding set(s), none reached 6-6"
2016,2016-W-FC-2016-G2-EPA-B-M-LIE-BIH-01,Fed Cup G2 RR: LIE vs BIH,D,20160413,Clay,2,2,3:2,2,0,1,0,0,0,1,6,,not_observable_no_deciding_set_reached_6_all,"1 deciding set(s), none reached 6-6"
2016,2016-W-FC-2016-G2-EPA-B-M-LIE-EGY-01,Fed Cup G2 RR: LIE vs EGY,D,20160415,Clay,2,2,3:2,2,0,1,0,0,0,1,6,,not_observable_no_deciding_set_reached_6_all,"1 deciding set(s), none reached 6-6"
2016,2016-W-FC-2016-G2-EPA-PPO-DEN-BIH-01,Fed Cup G2 PPO: DEN vs BIH,D,20160416,Clay,2,2,3:2,2,0,1,0,0,0,1,6,,not_observable_no_deciding_set_reached_6_all,"1 deciding set(s), none reached 6-6"
2016,2016-W-FC-2016-G2-EPA-PPO-LTU-AUT-01,Fed Cup G2 PPO: LTU vs AUT,D,20160416,Clay,2,2,3:2,2,0,0,0,0,0,0,0,,not_observable_no_deciding_set_played,no completed match reached a deciding set
2016,2016-W-FC-2016-G2-EPA-REL-EGY-FIN-01,Fed Cup G2 REL: EGY vs FIN,D,20160416,Clay,2,2,3:2,2,0,0,0,0,0,0,0,,not_observable_no_deciding_set_played,no completed match reached a deciding set
2016,2016-W-FC-2016-WG-M-CZE-FRA-01,Fed Cup WG F: CZE vs FRA,D,20161112,Hard,4,4,3:4,4,0,2,0,0,1,1,16,,advantage_deciding_set,"1 deciding set(s) went past 7 games with no tiebreak and the longest reached 16 games, past any 12-all cap"
2016,2016-W-FC-2016-WG-M-CZE-ROU-01,Fed Cup WG R1: CZE vs ROU,D,20160206,Hard,4,4,3:4,4,0,3,0,0,0,3,6,,not_observable_no_deciding_set_reached_6_all,"3 deciding set(s), none reached 6-6"
2016,2016-W-FC-2016-WG-M-CZE-SUI-01,Fed Cup WG SF: CZE vs SUI,D,20160416,Hard,4,4,3:4,4,0,2,0,0,0,2,6,,not_observable_no_deciding_set_reached_6_all,"2 deciding set(s), none reached 6-6"
2016,2016-W-FC-2016-WG-M-FRA-ITA-01,Fed Cup WG R1: FRA vs ITA,D,20160206,Hard,4,4,3:4,4,0,1,0,0,0,1,6,,not_observable_no_deciding_set_reached_6_all,"1 deciding set(s), none reached 6-6"
2016,2016-W-FC-2016-WG-M-FRA-NED-01,Fed Cup WG SF: FRA vs NED,D,20160416,Clay,4,4,3:4,4,0,0,0,0,0,0,0,,not_observable_no_deciding_set_played,no completed match reached a deciding set
2016,2016-W-FC-2016-WG-M-GER-SUI-01,Fed Cup WG R1: GER vs SUI,D,20160206,Hard,4,4,3:4,4,0,0,0,0,0,0,0,,not_observable_no_deciding_set_played,no completed match reached a deciding set
2016,2016-W-FC-2016-WG-M-NED-RUS-01,Fed Cup WG R1: NED vs RUS,D,20160206,Hard,4,3,3:3,3,0,1,0,0,1,0,10,,deciding_set_extends_past_6_all_cap_unknown,1 deciding set(s) went past 7 games (longest 10); that rules out a tiebreak at 6-all but does not separate an advantage set from a tiebreak at a later game count
2016,2016-W-FC-2016-WG-PO-AUS-USA-01,Fed Cup WG R1: AUS vs USA,D,20160416,Clay,4,3,3:3,3,0,2,0,0,0,2,7,,not_observable_no_deciding_set_reached_6_all,"2 deciding set(s), none reached 6-6"
2016,2016-W-FC-2016-WG-PO-GER-ROU-01,Fed Cup WG R1: GER vs ROU,D,20160416,Clay,4,4,3:4,4,0,2,0,0,0,2,6,,not_observable_no_deciding_set_reached_6_all,"2 deciding set(s), none reached 6-6"
2016,2016-W-FC-2016-WG-PO-ITA-ESP-01,Fed Cup WG R1: ITA vs ESP,D,20160416,Clay,4,3,3:3,3,0,0,0,0,0,0,0,,not_observable_no_deciding_set_played,no completed match reached a deciding set
2016,2016-W-FC-2016-WG-PO-RUS-BLR-01,Fed Cup WG R1: RUS vs BLR,D,20160416,Clay,4,4,3:4,4,0,3,0,0,0,3,7,,not_observable_no_deciding_set_reached_6_all,"3 deciding set(s), none reached 6-6"
2016,2016-W-FC-2016-WG2-M-AUS-SVK-01,Fed Cup WG2 R1: AUS vs SVK,D,20160206,Hard,4,4,3:4,4,0,1,0,0,0,1,6,,not_observable_no_deciding_set_reached_6_all,"1 deciding set(s), none reached 6-6"
2016,2016-W-FC-2016-WG2-M-CAN-BLR-01,Fed Cup WG2 R1: CAN vs BLR,D,20160206,Hard,4,4,3:4,4,0,1,0,0,0,1,6,,not_observable_no_deciding_set_reached_6_all,"1 deciding set(s), none reached 6-6"
2016,2016-W-FC-2016-WG2-M-ESP-SRB-01,Fed Cup WG2 R1: ESP vs SRB,D,20160206,Hard,4,3,3:3,3,0,0,0,0,0,0,0,,not_observable_no_deciding_set_played,no completed match reached a deciding set
2016,2016-W-FC-2016-WG2-M-USA-POL-01,Fed Cup WG2 R1: USA vs POL,D,20160206,Hard,4,3,3:3,3,0,0,0,0,0,0,0,,not_observable_no_deciding_set_played,no completed match reached a deciding set
2016,2016-W-FC-2016-WG2-PO-ARG-UKR-01,Fed Cup WG2 R1: ARG vs UKR,D,20160416,Hard,4,3,3:3,3,0,0,0,0,0,0,0,,not_observable_no_deciding_set_played,no completed match reached a deciding set
2016,2016-W-FC-2016-WG2-PO-CAN-SVK-01,Fed Cup WG2 R1: CAN vs SVK,D,20160416,Clay,4,4,3:4,4,0,2,0,0,0,2,6,,not_observable_no_deciding_set_reached_6_all,"2 deciding set(s), none reached 6-6"
2016,2016-W-FC-2016-WG2-PO-POL-TPE-01,Fed Cup WG2 R1: POL vs TPE,D,20160416,Hard,4,4,3:4,4,0,3,0,0,1,2,9,,deciding_set_extends_past_6_all_cap_unknown,1 deciding set(s) went past 7 games (longest 9); that rules out a tiebreak at 6-all but does not separate an advantage set from a tiebreak at a later game count
2016,2016-W-FC-2016-WG2-PO-SRB-BEL-01,Fed Cup WG2 R1: SRB vs BEL,D,20160416,Clay,4,4,3:4,4,0,1,0,0,1,0,8,,deciding_set_extends_past_6_all_cap_unknown,1 deciding set(s) went past 7 games (longest 8); that rules out a tiebreak at 6-all but does not separate an advantage set from a tiebreak at a later game count
2017,2017-0300,Luxembourg,I,20171016,Hard,32,31,3:31,29,2,8,2,0,0,6,7,1:1|5:1,deciding_set_tiebreak_at_6_all_length_unknown,2 deciding set(s) ended 7-6; the score string does not say whether the tiebreak was first to 7 or first to 10
2017,2017-0405,Tokyo,I,20170911,Hard,32,31,3:31,29,2,8,0,0,0,8,6,,not_observable_no_deciding_set_reached_6_all,"8 deciding set(s), none reached 6-6"
2017,2017-0406,Strasbourg,I,20170522,Clay,32,31,3:31,30,1,10,2,0,0,8,7,4:1|5:1,deciding_set_tiebreak_at_6_all_length_unknown,2 deciding set(s) ended 7-6; the score string does not say whether the tiebreak was first to 7 or first to 10
2017,2017-0528,Linz,I,20171009,Hard,32,31,3:31,30,1,11,2,0,0,9,7,4:1|7:1,deciding_set_tiebreak_at_6_all_length_unknown,2 deciding set(s) ended 7-6; the score string does not say whether the tiebreak was first to 7 or first to 10
2017,2017-0602,New Haven,P,20170821,Hard,32,29,3:29,27,2,8,1,0,0,7,7,3:1,deciding_set_tiebreak_at_6_all_length_unknown,1 deciding set(s) ended 7-6; the score string does not say whether the tiebreak was first to 7 or first to 10
2017,2017-0656,Quebec City,I,20170911,Hard,32,31,3:31,30,1,13,1,0,0,12,7,1:1,deciding_set_tiebreak_at_6_all_length_unknown,1 deciding set(s) ended 7-6; the score string does not say whether the tiebreak was first to 7 or first to 10
2017,2017-0703,Stanford,P,20170731,Hard,32,27,3:27,24,3,4,1,0,0,3,7,5:1,deciding_set_tiebreak_at_6_all_length_unknown,1 deciding set(s) ended 7-6; the score string does not say whether the tiebreak was first to 7 or first to 10
2017,2017-0718,Dubai,P,20170220,Hard,64,55,3:55,54,1,19,2,0,0,17,7,3:1|4:1,deciding_set_tiebreak_at_6_all_length_unknown,2 deciding set(s) ended 7-6; the score string does not say whether the tiebreak was first to 7 or first to 10
2017,2017-0804,Charleston,P,20170403,Clay,64,55,3:55,52,3,17,4,0,0,13,7,2:1|4:1|6:2,deciding_set_tiebreak_at_6_all_length_unknown,4 deciding set(s) ended 7-6; the score string does not say whether the tiebreak was first to 7 or first to 10
2017,2017-0806,Toronto,P,20170807,Hard,64,55,3:55,51,4,16,1,0,0,15,7,5:1,deciding_set_tiebreak_at_6_all_length_unknown,1 deciding set(s) ended 7-6; the score string does not say whether the tiebreak was first to 7 or first to 10
2017,2017-0808,Singapore,F,20171023,Hard,8,15,3:15,15,0,4,0,0,0,4,7,,not_observable_no_deciding_set_reached_6_all,"4 deciding set(s), none reached 6-6"
2017,2017-0825,Tashkent,I,20170925,Hard,32,31,3:31,30,1,8,0,0,0,8,7,,not_observable_no_deciding_set_reached_6_all,"8 deciding set(s), none reached 6-6"
2017,2017-0894,Bogota,I,20170410,Clay,32,31,3:31,31,0,7,1,0,0,6,7,5:1,deciding_set_tiebreak_at_6_all_length_unknown,1 deciding set(s) ended 7-6; the score string does not say whether the tiebreak was first to 7 or first to 10
2017,2017-1003,Doha,P,20170213,Hard,32,27,3:27,25,2,9,1,0,0,8,7,7:1,deciding_set_tiebreak_at_6_all_length_unknown,1 deciding set(s) ended 7-6; the score string does not say whether the tiebreak was first to 7 or first to 10
2017,2017-1005,Rabat,I,20170501,Clay,32,31,3:31,31,0,8,0,0,0,8,7,,not_observable_no_deciding_set_reached_6_all,"8 deciding set(s), none reached 6-6"
2017,2017-1023,Guangzhou,I,20170918,Hard,32,31,3:31,30,1,8,0,0,0,8,7,,not_observable_no_deciding_set_reached_6_all,"8 deciding set(s), none reached 6-6"
2017,2017-1024,Seoul,I,20170918,Hard,32,31,3:31,31,0,10,0,0,0,10,6,,not_observable_no_deciding_set_reached_6_all,"10 deciding set(s), none reached 6-6"
2017,2017-1027,Istanbul,I,20170424,Clay,32,31,3:31,30,1,9,0,0,0,9,7,,not_observable_no_deciding_set_reached_6_all,"9 deciding set(s), none reached 6-6"
2017,2017-1039,Monterrey,I,20170403,Hard,32,31,3:31,31,0,8,0,0,0,8,7,,not_observable_no_deciding_set_reached_6_all,"8 deciding set(s), none reached 6-6"
2017,2017-1041,Kuala Lumpur,I,20170227,Hard,32,31,3:31,29,2,11,0,0,0,11,7,,not_observable_no_deciding_set_reached_6_all,"11 deciding set(s), none reached 6-6"
2017,2017-1048,Bastad,I,20170724,Clay,32,31,3:31,29,2,13,3,0,0,10,7,4:2|5:1,deciding_set_tiebreak_at_6_all_length_unknown,3 deciding set(s) ended 7-6; the score string does not say whether the tiebreak was first to 7 or first to 10
2017,2017-1049,Auckland,I,20170102,Hard,32,31,3:31,28,3,6,1,0,0,5,7,4:1,deciding_set_tiebreak_at_6_all_length_unknown,1 deciding set(s) ended 7-6; the score string does not say whether the tiebreak was first to 7 or first to 10
2017,2017-1050,Hobart,I,20170109,Hard,32,31,3:31,29,2,9,0,0,0,9,7,,not_observable_no_deciding_set_reached_6_all,"9 deciding set(s), none reached 6-6"
2017,2017-1051,Stuttgart,P,20170424,Clay,32,27,3:27,27,0,7,1,0,0,6,7,5:1,deciding_set_tiebreak_at_6_all_length_unknown,1 deciding set(s) ended 7-6; the score string does not say whether the tiebreak was first to 7 or first to 10
2017,2017-1052,Birmingham,P,20170619,Grass,32,31,3:31,28,3,10,2,0,0,8,7,4:1|5:1,deciding_set_tiebreak_at_6_all_length_unknown,2 deciding set(s) ended 7-6; the score string does not say whether the tiebreak was first to 7 or first to 10
2017,2017-1056,Tokyo,P,20170918,Hard,32,27,3:27,26,1,10,1,0,0,9,7,3:1,deciding_set_tiebreak_at_6_all_length_unknown,1 deciding set(s) ended 7-6; the score string does not say whether the tiebreak was first to 7 or first to 10
2017,2017-1063,Shenzhen,I,20170102,Hard,32,31,3:31,31,0,17,1,0,0,16,7,6:1,deciding_set_tiebreak_at_6_all_length_unknown,1 deciding set(s) ended 7-6; the score string does not say whether the tiebreak was first to 7 or first to 10
2017,2017-1068,Nurnberg,I,20170522,Clay,32,31,3:31,25,6,11,1,0,0,10,7,2:1,deciding_set_tiebreak_at_6_all_length_unknown,1 deciding set(s) ended 7-6; the score string does not say whether the tiebreak was first to 7 or first to 10
2017,2017-1074,Hong Kong,I,20171009,Hard,32,31,3:31,29,2,7,2,0,0,5,7,3:1|5:1,deciding_set_tiebreak_at_6_all_length_unknown,2 deciding set(s) ended 7-6; the score string does not say whether the tiebreak was first to 7 or first to 10
2017,2017-1075,Wuhan,P,20170925,Hard,64,55,3:55,55,0,20,3,0,0,17,7,2:1|3:2,deciding_set_tiebreak_at_6_all_length_unknown,3 deciding set(s) ended 7-6; the score string does not say whether the tiebreak was first to 7 or first to 10
2017,2017-1076,Tianjin,I,20171009,Hard,32,31,3:31,31,0,8,0,0,0,8,7,,not_observable_no_deciding_set_reached_6_all,"8 deciding set(s), none reached 6-6"
2017,2017-1077,Nanchang,I,20170724,Hard,32,31,3:31,29,2,11,1,0,0,10,7,6:1,deciding_set_tiebreak_at_6_all_length_unknown,1 deciding set(s) ended 7-6; the score string does not say whether the tiebreak was first to 7 or first to 10
2017,2017-1079,Bucharest,I,20170717,Clay,32,31,3:31,30,1,10,1,0,0,9,7,3:1,deciding_set_tiebreak_at_6_all_length_unknown,1 deciding set(s) ended 7-6; the score string does not say whether the tiebreak was first to 7 or first to 10
2017,2017-1080,Nottingham,I,20170612,Grass,32,31,3:31,30,1,11,4,0,0,7,7,2:1|4:1|6:1|7:1,deciding_set_tiebreak_at_6_all_length_unknown,4 deciding set(s) ended 7-6; the score string does not say whether the tiebreak was first to 7 or first to 10
2017,2017-1081,Zhuhai,F,20171031,Hard,12,15,3:15,13,2,3,1,0,0,2,7,5:1,deciding_set_tiebreak_at_6_all_length_unknown,1 deciding set(s) ended 7-6; the score string does not say whether the tiebreak was first to 7 or first to 10
2017,2017-1082,Prague,I,20170501,Clay,32,31,3:31,30,1,12,1,0,0,11,7,5:1,deciding_set_tiebreak_at_6_all_length_unknown,1 deciding set(s) ended 7-6; the score string does not say whether the tiebreak was first to 7 or first to 10
2017,2017-1086,St. Petersburg,P,20170130,Hard,32,27,3:27,25,2,8,0,0,0,8,7,,not_observable_no_deciding_set_reached_6_all,"8 deciding set(s), none reached 6-6"
2017,2017-1090,Bol,I,20170605,Clay,32,31,3:31,29,2,5,0,0,0,5,6,,not_observable_no_deciding_set_reached_6_all,"5 deciding set(s), none reached 6-6"
2017,2017-1091,Calvia,I,20170619,Grass,32,31,3:31,30,1,14,3,0,0,11,7,4:1|5:1|7:1,deciding_set_tiebreak_at_6_all_length_unknown,3 deciding set(s) ended 7-6; the score string does not say whether the tiebreak was first to 7 or first to 10
2017,2017-1094,Gstaad,I,20170717,Clay,32,31,3:31,30,1,13,4,0,0,9,7,3:1|5:2|6:1,deciding_set_tiebreak_at_6_all_length_unknown,4 deciding set(s) ended 7-6; the score string does not say whether the tiebreak was first to 7 or first to 10
2017,2017-1096,Taipei,I,20170130,Hard,32,31,3:31,30,1,11,1,0,0,10,7,4:1,deciding_set_tiebreak_at_6_all_length_unknown,1 deciding set(s) ended 7-6; the score string does not say whether the tiebreak was first to 7 or first to 10
2017,2017-1097,Budapest,I,20170220,Hard,32,31,3:31,31,0,10,1,0,0,9,7,4:1,deciding_set_tiebreak_at_6_all_length_unknown,1 deciding set(s) ended 7-6; the score string does not say whether the tiebreak was first to 7 or first to 10
2017,2017-1098,Biel,I,20170410,Hard,32,31,3:31,29,2,6,1,0,0,5,7,3:1,deciding_set_tiebreak_at_6_all_length_unknown,1 deciding set(s) ended 7-6; the score string does not say whether the tiebreak was first to 7 or first to 10
2017,2017-1099,Zhengzhou,I,20170417,Hard,32,31,3:31,29,2,4,1,0,0,3,7,5:1,deciding_set_tiebreak_at_6_all_length_unknown,1 deciding set(s) ended 7-6; the score string does not say whether the tiebreak was first to 7 or first to 10
2017,2017-520,Roland Garros,G,20170529,Clay,128,127,3:127,126,1,46,0,0,5,41,13,,deciding_set_extends_past_6_all_cap_unknown,5 deciding set(s) went past 7 games (longest 13); that rules out a tiebreak at 6-all but does not separate an advantage set from a tiebreak at a later game count
2017,2017-540,Wimbledon,G,20170703,Grass,128,127,3:127,125,2,43,0,0,5,38,10,,deciding_set_extends_past_6_all_cap_unknown,5 deciding set(s) went past 7 games (longest 10); that rules out a tiebreak at 6-all but does not separate an advantage set from a tiebreak at a later game count
2017,2017-560,US Open,G,20170828,Hard,128,127,3:127,127,0,50,9,0,0,41,7,0:1|2:2|3:1|4:2|5:2|6:1,deciding_set_tiebreak_at_6_all_length_unknown,9 deciding set(s) ended 7-6; the score string does not say whether the tiebreak was first to 7 or first to 10
2017,2017-580,Australian Open,G,20170116,Hard,128,127,3:127,124,3,35,0,0,4,31,10,,deciding_set_extends_past_6_all_cap_unknown,4 deciding set(s) went past 7 games (longest 10); that rules out a tiebreak at 6-all but does not separate an advantage set from a tiebreak at a later game count
2017,2017-M001,Sydney,I,20170109,Hard,32,29,3:29,27,2,5,0,0,0,5,6,,not_observable_no_deciding_set_reached_6_all,"5 deciding set(s), none reached 6-6"
2017,2017-M004,Acapulco,I,20170227,Hard,32,31,3:31,28,3,9,0,0,0,9,7,,not_observable_no_deciding_set_reached_6_all,"9 deciding set(s), none reached 6-6"
2017,2017-M006,Indian Wells,PM,20170306,Hard,128,95,3:95,93,2,36,5,0,0,31,7,1:1|3:2|4:1|8:1,deciding_set_tiebreak_at_6_all_length_unknown,5 deciding set(s) ended 7-6; the score string does not say whether the tiebreak was first to 7 or first to 10
2017,2017-M007,Miami,PM,20170320,Hard,128,95,3:95,92,3,37,4,0,0,33,7,2:1|3:2|4:1,deciding_set_tiebreak_at_6_all_length_unknown,4 deciding set(s) ended 7-6; the score string does not say whether the tiebreak was first to 7 or first to 10
2017,2017-M009,Rome,P,20170515,Clay,64,55,3:55,52,3,18,2,0,0,16,7,6:2,deciding_set_tiebreak_at_6_all_length_unknown,2 deciding set(s) ended 7-6; the score string does not say whether the tiebreak was first to 7 or first to 10
2017,2017-M010,'s Hertogenbosch,I,20170612,Grass,32,31,3:31,31,0,13,1,0,0,12,7,10:1,deciding_set_tiebreak_at_6_all_length_unknown,1 deciding set(s) ended 7-6; the score string does not say whether the tiebreak was first to 7 or first to 10
2017,2017-M014,Moscow,I,20171016,Hard,32,27,3:27,25,2,8,0,0,0,8,7,,not_observable_no_deciding_set_reached_6_all,"8 deciding set(s), none reached 6-6"
2017,2017-M015,Beijing,PM,20171002,Hard,64,60,3:60,55,5,9,2,0,0,7,7,6:1|7:1,deciding_set_tiebreak_at_6_all_length_unknown,2 deciding set(s) ended 7-6; the score string does not say whether the tiebreak was first to 7 or first to 10
2017,2017-M016,Eastbourne,P,20170626,Grass,64,47,3:47,43,4,19,0,0,0,19,7,,not_observable_no_deciding_set_reached_6_all,"19 deciding set(s), none reached 6-6"
2017,2017-M020,Brisbane,I,20170102,Hard,32,29,3:29,28,1,12,3,0,0,9,7,5:2|7:1,deciding_set_tiebreak_at_6_all_length_unknown,3 deciding set(s) ended 7-6; the score string does not say whether the tiebreak was first to 7 or first to 10
2017,2017-M021,Madrid,PM,20170508,Clay,64,63,3:63,61,2,30,4,0,0,26,7,1:1|2:1|3:1|5:1,deciding_set_tiebreak_at_6_all_length_unknown,4 deciding set(s) ended 7-6; the score string does not say whether the tiebreak was first to 7 or first to 10
2017,2017-M024,Cincinnati,P,20170814,Hard,64,55,3:55,55,0,18,2,0,0,16,7,3:1|11:1,deciding_set_tiebreak_at_6_all_length_unknown,2 deciding set(s) ended 7-6; the score string does not say whether the tiebreak was first to 7 or first to 10
2017,2017-M035,Washington,I,20170731,Hard,32,31,3:31,29,2,14,3,0,0,11,7,4:1|7:1|9:1,deciding_set_tiebreak_at_6_all_length_unknown,3 deciding set(s) ended 7-6; the score string does not say whether the tiebreak was first to 7 or first to 10
2017,2017-W-FC-2017-G1-AM-A-M-BOL-VEN-01,Fed Cup G1 RR: BOL vs VEN,D,20170209,Hard,2,2,3:2,2,0,0,0,0,0,0,0,,not_observable_no_deciding_set_played,no completed match reached a deciding set
2017,2017-W-FC-2017-G1-AM-A-M-CAN-BOL-01,Fed Cup G1 RR: CAN vs BOL,D,20170209,Hard,2,2,3:2,2,0,0,0,0,0,0,0,,not_observable_no_deciding_set_played,no completed match reached a deciding set
2017,2017-W-FC-2017-G1-AM-A-M-CAN-PAR-01,Fed Cup G1 RR: CAN vs PAR,D,20170209,Hard,2,2,3:2,2,0,0,0,0,0,0,0,,not_observable_no_deciding_set_played,no completed match reached a deciding set
2017,2017-W-FC-2017-G1-AM-A-M-CAN-VEN-01,Fed Cup G1 RR: CAN vs VEN,D,20170209,Hard,2,2,3:2,2,0,0,0,0,0,0,0,,not_observable_no_deciding_set_played,no completed match reached a deciding set
2017,2017-W-FC-2017-G1-AM-A-M-PAR-BOL-01,Fed Cup G1 RR: PAR vs BOL,D,20170209,Hard,2,2,3:2,2,0,0,0,0,0,0,0,,not_observable_no_deciding_set_played,no completed match reached a deciding set
2017,2017-W-FC-2017-G1-AM-A-M-PAR-VEN-01,Fed Cup G1 RR: PAR vs VEN,D,20170209,Hard,2,2,3:2,2,0,2,0,0,0,2,6,,not_observable_no_deciding_set_reached_6_all,"2 deciding set(s), none reached 6-6"
2017,2017-W-FC-2017-G1-AM-B-M-ARG-BRA-01,Fed Cup G1 RR: ARG vs BRA,D,20170210,Hard,2,2,3:2,2,0,1,0,0,0,1,6,,not_observable_no_deciding_set_reached_6_all,"1 deciding set(s), none reached 6-6"
2017,2017-W-FC-2017-G1-AM-B-M-ARG-CHI-01,Fed Cup G1 RR: ARG vs CHI,D,20170210,Hard,2,2,3:2,2,0,0,0,0,0,0,0,,not_observable_no_deciding_set_played,no completed match reached a deciding set
2017,2017-W-FC-2017-G1-AM-B-M-ARG-COL-01,Fed Cup G1 RR: ARG vs COL,D,20170210,Hard,2,2,3:2,2,0,1,1,0,0,0,7,1:1,deciding_set_tiebreak_at_6_all_length_unknown,1 deciding set(s) ended 7-6; the score string does not say whether the tiebreak was first to 7 or first to 10
2017,2017-W-FC-2017-G1-AM-B-M-ARG-MEX-01,Fed Cup G1 RR: ARG vs MEX,D,20170210,Hard,2,2,3:2,2,0,0,0,0,0,0,0,,not_observable_no_deciding_set_played,no completed match reached a deciding set
2017,2017-W-FC-2017-G1-AM-B-M-BRA-CHI-01,Fed Cup G1 RR: BRA vs CHI,D,20170210,Hard,2,2,3:2,2,0,1,0,0,0,1,6,,not_observable_no_deciding_set_reached_6_all,"1 deciding set(s), none reached 6-6"
2017,2017-W-FC-2017-G1-AM-B-M-BRA-COL-01,Fed Cup G1 RR: BRA vs COL,D,20170210,Hard,2,2,3:2,2,0,1,1,0,0,0,7,15:1,deciding_set_tiebreak_at_6_all_length_unknown,1 deciding set(s) ended 7-6; the score string does not say whether the tiebreak was first to 7 or first to 10
2017,2017-W-FC-2017-G1-AM-B-M-BRA-MEX-01,Fed Cup G1 RR: BRA vs MEX,D,20170210,Hard,2,2,3:2,2,0,2,1,0,0,1,7,7:1,deciding_set_tiebreak_at_6_all_length_unknown,1 deciding set(s) ended 7-6; the score string does not say whether the tiebreak was first to 7 or first to 10
2017,2017-W-FC-2017-G1-AM-B-M-COL-CHI-01,Fed Cup G1 RR: COL vs CHI,D,20170210,Hard,2,2,3:2,2,0,1,0,0,0,1,6,,not_observable_no_deciding_set_reached_6_all,"1 deciding set(s), none reached 6-6"
2017,2017-W-FC-2017-G1-AM-B-M-MEX-CHI-01,Fed Cup G1 RR: MEX vs CHI,D,20170210,Hard,2,2,3:2,2,0,0,0,0,0,0,0,,not_observable_no_deciding_set_played,no completed match reached a deciding set
2017,2017-W-FC-2017-G1-AM-B-M-MEX-COL-01,Fed Cup G1 RR: MEX vs COL,D,20170210,Hard,2,2,3:2,2,0,0,0,0,0,0,0,,not_observable_no_deciding_set_played,no completed match reached a deciding set
2017,2017-W-FC-2017-G1-AM-PP3-4-PAR-ARG-01,Fed Cup G1 PM: PAR vs ARG,D,20170211,Hard,2,2,3:2,2,0,0,0,0,0,0,0,,not_observable_no_deciding_set_played,no completed match reached a deciding set
2017,2017-W-FC-2017-G1-AM-PPO-CAN-CHI-01,Fed Cup G1 PPO: CAN vs CHI,D,20170211,Hard,2,2,3:2,2,0,0,0,0,0,0,0,,not_observable_no_deciding_set_played,no completed match reached a deciding set
2017,2017-W-FC-2017-G1-AM-REL-BOL-BRA-01,Fed Cup G1 REL: BOL vs BRA,D,20170211,Hard,2,2,3:2,2,0,1,1,0,0,0,7,3:1,deciding_set_tiebreak_at_6_all_length_unknown,1 deciding set(s) ended 7-6; the score string does not say whether the tiebreak was first to 7 or first to 10
2017,2017-W-FC-2017-G1-AM-REL-VEN-MEX-01,Fed Cup G1 REL: VEN vs MEX,D,20170211,Hard,2,2,3:2,2,0,1,0,0,0,1,6,,not_observable_no_deciding_set_reached_6_all,"1 deciding set(s), none reached 6-6"
2017,2017-W-FC-2017-G1-AO-A-M-KAZ-KOR-01,Fed Cup G1 RR: KAZ vs KOR,D,20170210,Hard,2,2,3:2,2,0,0,0,0,0,0,0,,not_observable_no_deciding_set_played,no completed match reached a deciding set
2017,2017-W-FC-2017-G1-AO-A-M-THA-KAZ-01,Fed Cup G1 RR: THA vs KAZ,D,20170210,Hard,2,2,3:2,2,0,0,0,0,0,0,0,,not_observable_no_deciding_set_played,no completed match reached a deciding set
2017,2017-W-FC-2017-G1-AO-A-M-THA-KOR-01,Fed Cup G1 RR: THA vs KOR,D,20170210,Hard,2,2,3:2,2,0,1,0,0,0,1,6,,not_observable_no_deciding_set_reached_6_all,"1 deciding set(s), none reached 6-6"
2017,2017-W-FC-2017-G1-AO-B-M-CHN-IND-01,Fed Cup G1 RR: CHN vs IND,D,20170210,Hard,2,2,3:2,2,0,1,0,0,0,1,6,,not_observable_no_deciding_set_reached_6_all,"1 deciding set(s), none reached 6-6"
2017,2017-W-FC-2017-G1-AO-B-M-CHN-JPN-01,Fed Cup G1 RR: CHN vs JPN,D,20170210,Hard,2,2,3:2,2,0,1,0,0,0,1,6,,not_observable_no_deciding_set_reached_6_all,"1 deciding set(s), none reached 6-6"
2017,2017-W-FC-2017-G1-AO-B-M-CHN-PHI-01,Fed Cup G1 RR: CHN vs PHI,D,20170210,Hard,2,2,3:2,2,0,0,0,0,0,0,0,,not_observable_no_deciding_set_played,no completed match reached a deciding set
2017,2017-W-FC-2017-G1-AO-B-M-IND-PHI-01,Fed Cup G1 RR: IND vs PHI,D,20170210,Hard,2,2,3:2,2,0,0,0,0,0,0,0,,not_observable_no_deciding_set_played,no completed match reached a deciding set
2017,2017-W-FC-2017-G1-AO-B-M-JPN-IND-01,Fed Cup G1 RR: JPN vs IND,D,20170210,Hard,2,2,3:2,2,0,0,0,0,0,0,0,,not_observable_no_deciding_set_played,no completed match reached a deciding set
2017,2017-W-FC-2017-G1-AO-B-M-JPN-PHI-01,Fed Cup G1 RR: JPN vs PHI,D,20170210,Hard,2,2,3:2,2,0,0,0,0,0,0,0,,not_observable_no_deciding_set_played,no completed match reached a deciding set
2017,2017-W-FC-2017-G1-AO-PP3-4-CHN-KOR-01,Fed Cup G1 PM: CHN vs KOR,D,20170211,Hard,2,2,3:2,2,0,1,0,0,0,1,7,,not_observable_no_deciding_set_reached_6_all,"1 deciding set(s), none reached 6-6"
2017,2017-W-FC-2017-G1-AO-PPO-KAZ-JPN-01,Fed Cup G1 PPO: KAZ vs JPN,D,20170211,Hard,2,2,3:2,2,0,1,0,0,0,1,6,,not_observable_no_deciding_set_reached_6_all,"1 deciding set(s), none reached 6-6"
2017,2017-W-FC-2017-G1-AO-REL-THA-PHI-01,Fed Cup G1 REL: THA vs PHI,D,20170211,Hard,2,2,3:2,2,0,1,0,0,0,1,6,,not_observable_no_deciding_set_reached_6_all,"1 deciding set(s), none reached 6-6"
2017,2017-W-FC-2017-G1-EPA-A-M-GEO-AUT-01,Fed Cup G1 RR: GEO vs AUT,D,20170210,Hard,2,2,3:2,2,0,0,0,0,0,0,0,,not_observable_no_deciding_set_played,no completed match reached a deciding set
2017,2017-W-FC-2017-G1-EPA-A-M-POL-AUT-01,Fed Cup G1 RR: POL vs AUT,D,20170210,Hard,2,2,3:2,2,0,1,0,0,0,1,7,,not_observable_no_deciding_set_reached_6_all,"1 deciding set(s), none reached 6-6"
2017,2017-W-FC-2017-G1-EPA-A-M-POL-GEO-01,Fed Cup G1 RR: POL vs GEO,D,20170210,Hard,2,2,3:2,2,0,1,0,0,0,1,6,,not_observable_no_deciding_set_reached_6_all,"1 deciding set(s), none reached 6-6"
2017,2017-W-FC-2017-G1-EPA-B-M-CRO-BIH-01,Fed Cup G1 RR: CRO vs BIH,D,20170210,Hard,2,2,3:2,2,0,0,0,0,0,0,0,,not_observable_no_deciding_set_played,no completed match reached a deciding set
2017,2017-W-FC-2017-G1-EPA-B-M-CRO-HUN-01,Fed Cup G1 RR: CRO vs HUN,D,20170210,Hard,2,2,3:2,2,0,0,0,0,0,0,0,,not_observable_no_deciding_set_played,no completed match reached a deciding set
2017,2017-W-FC-2017-G1-EPA-B-M-HUN-BIH-01,Fed Cup G1 RR: HUN vs BIH,D,20170210,Hard,2,2,3:2,2,0,1,0,0,0,1,7,,not_observable_no_deciding_set_reached_6_all,"1 deciding set(s), none reached 6-6"
2017,2017-W-FC-2017-G1-EPA-C-M-GBR-LAT-01,Fed Cup G1 RR: GBR vs LAT,D,20170210,Hard,2,2,3:2,2,0,0,0,0,0,0,0,,not_observable_no_deciding_set_played,no completed match reached a deciding set
2017,2017-W-FC-2017-G1-EPA-C-M-GBR-POR-01,Fed Cup G1 RR: GBR vs POR,D,20170210,Hard,2,2,3:2,2,0,0,0,0,0,0,0,,not_observable_no_deciding_set_played,no completed match reached a deciding set
2017,2017-W-FC-2017-G1-EPA-C-M-GBR-TUR-01,Fed Cup G1 RR: GBR vs TUR,D,20170210,Hard,2,2,3:2,2,0,1,0,0,0,1,6,,not_observable_no_deciding_set_reached_6_all,"1 deciding set(s), none reached 6-6"
2017,2017-W-FC-2017-G1-EPA-C-M-LAT-POR-01,Fed Cup G1 RR: LAT vs POR,D,20170210,Hard,2,2,3:2,2,0,0,0,0,0,0,0,,not_observable_no_deciding_set_played,no completed match reached a deciding set
2017,2017-W-FC-2017-G1-EPA-C-M-TUR-LAT-01,Fed Cup G1 RR: TUR vs LAT,D,20170210,Hard,2,2,3:2,2,0,2,0,0,0,2,6,,not_observable_no_deciding_set_reached_6_all,"2 deciding set(s), none reached 6-6"
2017,2017-W-FC-2017-G1-EPA-C-M-TUR-POR-01,Fed Cup G1 RR: TUR vs POR,D,20170210,Hard,2,2,3:2,2,0,2,0,0,0,2,6,,not_observable_no_deciding_set_reached_6_all,"2 deciding set(s), none reached 6-6"
2017,2017-W-FC-2017-G1-EPA-D-M-BUL-EST-01,Fed Cup G1 RR: BUL vs EST,D,20170210,Hard,2,2,3:2,2,0,0,0,0,0,0,0,,not_observable_no_deciding_set_played,no completed match reached a deciding set
2017,2017-W-FC-2017-G1-EPA-D-M-ISR-BUL-01,Fed Cup G1 RR: ISR vs BUL,D,20170210,Hard,2,2,3:2,2,0,1,0,0,0,1,6,,not_observable_no_deciding_set_reached_6_all,"1 deciding set(s), none reached 6-6"
2017,2017-W-FC-2017-G1-EPA-D-M-ISR-EST-01,Fed Cup G1 RR: ISR vs EST,D,20170210,Hard,2,2,3:2,2,0,0,0,0,0,0,0,,not_observable_no_deciding_set_played,no completed match reached a deciding set
2017,2017-W-FC-2017-G1-EPA-D-M-SRB-BUL-01,Fed Cup G1 RR: SRB vs BUL,D,20170210,Hard,2,2,3:2,2,0,0,0,0,0,0,0,,not_observable_no_deciding_set_played,no completed match reached a deciding set
2017,2017-W-FC-2017-G1-EPA-D-M-SRB-EST-01,Fed Cup G1 RR: SRB vs EST,D,20170210,Hard,2,2,3:2,2,0,0,0,0,0,0,0,,not_observable_no_deciding_set_played,no completed match reached a deciding set
2017,2017-W-FC-2017-G1-EPA-D-M-SRB-ISR-01,Fed Cup G1 RR: SRB vs ISR,D,20170210,Hard,2,2,3:2,2,0,0,0,0,0,0,0,,not_observable_no_deciding_set_played,no completed match reached a deciding set
2017,2017-W-FC-2017-G1-EPA-PP5-8-AUT-EST-01,Fed Cup G1 PM: AUT vs EST,D,20170211,Hard,2,2,3:2,2,0,1,0,0,0,1,6,,not_observable_no_deciding_set_reached_6_all,"1 deciding set(s), none reached 6-6"
2017,2017-W-FC-2017-G1-EPA-PP5-8-HUN-LAT-01,Fed Cup G1 PM: HUN vs LAT,D,20170211,Hard,2,2,3:2,2,0,1,0,0,0,1,6,,not_observable_no_deciding_set_reached_6_all,"1 deciding set(s), none reached 6-6"
2017,2017-W-FC-2017-G1-EPA-PPO-CRO-GBR-01,Fed Cup G1 PPO: CRO vs GBR,D,20170211,Hard,2,2,3:2,2,0,0,0,0,0,0,0,,not_observable_no_deciding_set_played,no completed match reached a deciding set
2017,2017-W-FC-2017-G1-EPA-PPO-POL-SRB-01,Fed Cup G1 PPO: POL vs SRB,D,20170211,Hard,2,2,3:2,2,0,1,0,0,0,1,6,,not_observable_no_deciding_set_reached_6_all,"1 deciding set(s), none reached 6-6"
2017,2017-W-FC-2017-G1-EPA-REL-BIH-POR-01,Fed Cup G1 REL: BIH vs POR,D,20170211,Hard,2,2,3:2,2,0,0,0,0,0,0,0,,not_observable_no_deciding_set_played,no completed match reached a deciding set
2017,2017-W-FC-2017-G1-EPA-REL-GEO-ISR-01,Fed Cup G1 REL: GEO vs ISR,D,20170211,Hard,2,2,3:2,2,0,2,0,0,0,2,7,,not_observable_no_deciding_set_reached_6_all,"2 deciding set(s), none reached 6-6"
2017,2017-W-FC-2017-G2-AM-A-M-ECU-CUB-01,Fed Cup G2 RR: ECU vs CUB,D,20170720,Clay,2,2,3:2,2,0,1,0,0,0,1,6,,not_observable_no_deciding_set_reached_6_all,"1 deciding set(s), none reached 6-6"
2017,2017-W-FC-2017-G2-AM-A-M-ECU-URU-01,Fed Cup G2 RR: ECU vs URU,D,20170721,Clay,2,2,3:2,2,0,1,0,0,0,1,6,,not_observable_no_deciding_set_reached_6_all,"1 deciding set(s), none reached 6-6"
2017,2017-W-FC-2017-G2-AM-A-M-URU-CUB-01,Fed Cup G2 RR: URU vs CUB,D,20170719,Clay,2,2,3:2,2,0,1,0,0,0,1,6,,not_observable_no_deciding_set_reached_6_all,"1 deciding set(s), none reached 6-6"
2017,2017-W-FC-2017-G2-AM-B-M-DOM-BAR-01,Fed Cup G2 RR: DOM vs BAR,D,20170719,Clay,2,2,3:2,2,0,0,0,0,0,0,0,,not_observable_no_deciding_set_played,no completed match reached a deciding set
2017,2017-W-FC-2017-G2-AM-B-M-GUA-BAR-01,Fed Cup G2 RR: GUA vs BAR,D,20170720,Clay,2,2,3:2,2,0,0,0,0,0,0,0,,not_observable_no_deciding_set_played,no completed match reached a deciding set
2017,2017-W-FC-2017-G2-AM-B-M-GUA-DOM-01,Fed Cup G2 RR: GUA vs DOM,D,20170721,Clay,2,2,3:2,2,0,1,0,0,0,1,7,,not_observable_no_deciding_set_reached_6_all,"1 deciding set(s), none reached 6-6"
2017,2017-W-FC-2017-G2-AM-C-M-PUR-HON-01,Fed Cup G2 RR: PUR vs HON,D,20170720,Clay,2,2,3:2,2,0,1,0,0,0,1,6,,not_observable_no_deciding_set_reached_6_all,"1 deciding set(s), none reached 6-6"
2017,2017-W-FC-2017-G2-AM-C-M-PUR-TTO-01,Fed Cup G2 RR: PUR vs TTO,D,20170721,Clay,2,2,3:2,2,0,0,0,0,0,0,0,,not_observable_no_deciding_set_played,no completed match reached a deciding set
2017,2017-W-FC-2017-G2-AM-C-M-TTO-HON-01,Fed Cup G2 RR: TTO vs HON,D,20170719,Clay,2,2,3:2,2,0,1,0,0,0,1,6,,not_observable_no_deciding_set_reached_6_all,"1 deciding set(s), none reached 6-6"
2017,2017-W-FC-2017-G2-AM-D-M-BAH-PAN-01,Fed Cup G2 RR: BAH vs PAN,D,20170721,Clay,2,2,3:2,2,0,1,0,0,0,1,6,,not_observable_no_deciding_set_reached_6_all,"1 deciding set(s), none reached 6-6"
2017,2017-W-FC-2017-G2-AM-D-M-CRC-BAH-01,Fed Cup G2 RR: CRC vs BAH,D,20170719,Clay,2,2,3:2,2,0,0,0,0,0,0,0,,not_observable_no_deciding_set_played,no completed match reached a deciding set
2017,2017-W-FC-2017-G2-AM-D-M-CRC-PAN-01,Fed Cup G2 RR: CRC vs PAN,D,20170720,Clay,2,2,3:2,2,0,1,1,0,0,0,7,3:1,deciding_set_tiebreak_at_6_all_length_unknown,1 deciding set(s) ended 7-6; the score string does not say whether the tiebreak was first to 7 or first to 10
2017,2017-W-FC-2017-G2-AM-D-M-PER-BAH-01,Fed Cup G2 RR: PER vs BAH,D,20170720,Clay,2,2,3:2,2,0,0,0,0,0,0,0,,not_observable_no_deciding_set_played,no completed match reached a deciding set
2017,2017-W-FC-2017-G2-AM-D-M-PER-CRC-01,Fed Cup G2 RR: PER vs CRC,D,20170721,Clay,2,2,3:2,2,0,1,0,0,0,1,6,,not_observable_no_deciding_set_reached_6_all,"1 deciding set(s), none reached 6-6"
2017,2017-W-FC-2017-G2-AM-D-M-PER-PAN-01,Fed Cup G2 RR: PER vs PAN,D,20170719,Clay,2,2,3:2,2,0,0,0,0,0,0,0,,not_observable_no_deciding_set_played,no completed match reached a deciding set
2017,2017-W-FC-2017-G2-AM-PP5-8-CUB-TTO-01,Fed Cup G2 PM: CUB vs TTO,D,20170722,Clay,2,2,3:2,2,0,0,0,0,0,0,0,,not_observable_no_deciding_set_played,no completed match reached a deciding set
2017,2017-W-FC-2017-G2-AM-PP5-8-DOM-CRC-01,Fed Cup G2 PM: DOM vs CRC,D,20170722,Clay,2,2,3:2,2,0,0,0,0,0,0,0,,not_observable_no_deciding_set_played,no completed match reached a deciding set
2017,2017-W-FC-2017-G2-AM-PP9-12-BAR-BAH-01,Fed Cup G2 PM: BAR vs BAH,D,20170722,Clay,2,2,3:2,2,0,2,1,0,0,1,7,4:1,deciding_set_tiebreak_at_6_all_length_unknown,1 deciding set(s) ended 7-6; the score string does not say whether the tiebreak was first to 7 or first to 10
2017,2017-W-FC-2017-G2-AM-PP9-12-URU-HON-01,Fed Cup G2 PM: URU vs HON,D,20170722,Clay,2,2,3:2,2,0,1,1,0,0,0,7,5:1,deciding_set_tiebreak_at_6_all_length_unknown,1 deciding set(s) ended 7-6; the score string does not say whether the tiebreak was first to 7 or first to 10
2017,2017-W-FC-2017-G2-AM-PPO-ECU-PUR-01,Fed Cup G2 PPO: ECU vs PUR,D,20170722,Clay,2,2,3:2,2,0,0,0,0,0,0,0,,not_observable_no_deciding_set_played,no completed match reached a deciding set
2017,2017-W-FC-2017-G2-AM-PPO-GUA-PER-01,Fed Cup G2 PPO: GUA vs PER,D,20170722,Clay,2,2,3:2,2,0,1,1,0,0,0,7,3:1,deciding_set_tiebreak_at_6_all_length_unknown,1 deciding set(s) ended 7-6; the score string does not say whether the tiebreak was first to 7 or first to 10
2017,2017-W-FC-2017-G2-AO-A-M-TKM-NZL-01,Fed Cup G2 RR: TKM vs NZL,D,20170720,Hard,2,2,3:2,2,0,0,0,0,0,0,0,,not_observable_no_deciding_set_played,no completed match reached a deciding set
2017,2017-W-FC-2017-G2-AO-A-M-UZB-NZL-01,Fed Cup G2 RR: UZB vs NZL,D,20170720,Hard,2,2,3:2,2,0,1,1,0,0,0,7,3:1,deciding_set_tiebreak_at_6_all_length_unknown,1 deciding set(s) ended 7-6; the score string does not say whether the tiebreak was first to 7 or first to 10
2017,2017-W-FC-2017-G2-AO-A-M-UZB-TKM-01,Fed Cup G2 RR: UZB vs TKM,D,20170720,Hard,2,2,3:2,2,0,0,0,0,0,0,0,,not_observable_no_deciding_set_played,no completed match reached a deciding set
2017,2017-W-FC-2017-G2-AO-B-M-HKG-IRI-01,Fed Cup G2 RR: HKG vs IRI,D,20170720,Hard,2,2,3:2,2,0,0,0,0,0,0,0,,not_observable_no_deciding_set_played,no completed match reached a deciding set
2017,2017-W-FC-2017-G2-AO-B-M-HKG-POC-01,Fed Cup G2 RR: HKG vs POC,D,20170720,Hard,2,2,3:2,2,0,0,0,0,0,0,0,,not_observable_no_deciding_set_played,no completed match reached a deciding set
2017,2017-W-FC-2017-G2-AO-B-M-POC-IRI-01,Fed Cup G2 RR: POC vs IRI,D,20170720,Hard,2,2,3:2,2,0,0,0,0,0,0,0,,not_observable_no_deciding_set_played,no completed match reached a deciding set
2017,2017-W-FC-2017-G2-AO-C-M-MAS-PAK-01,Fed Cup G2 RR: MAS vs PAK,D,20170720,Hard,2,2,3:2,2,0,1,0,0,0,1,6,,not_observable_no_deciding_set_reached_6_all,"1 deciding set(s), none reached 6-6"
2017,2017-W-FC-2017-G2-AO-C-M-SGP-MAS-01,Fed Cup G2 RR: SGP vs MAS,D,20170720,Hard,2,2,3:2,2,0,0,0,0,0,0,0,,not_observable_no_deciding_set_played,no completed match reached a deciding set
2017,2017-W-FC-2017-G2-AO-C-M-SGP-PAK-01,Fed Cup G2 RR: SGP vs PAK,D,20170720,Hard,2,2,3:2,2,0,2,0,0,0,2,7,,not_observable_no_deciding_set_reached_6_all,"2 deciding set(s), none reached 6-6"
2017,2017-W-FC-2017-G2-AO-D-M-INA-KGZ-01,Fed Cup G2 RR: INA vs KGZ,D,20170720,Hard,2,2,3:2,2,0,0,0,0,0,0,0,,not_observable_no_deciding_set_played,no completed match reached a deciding set
2017,2017-W-FC-2017-G2-AO-D-M-INA-SRI-01,Fed Cup G2 RR: INA vs SRI,D,20170720,Hard,2,2,3:2,2,0,0,0,0,0,0,0,,not_observable_no_deciding_set_played,no completed match reached a deciding set
2017,2017-W-FC-2017-G2-AO-D-M-INA-TJK-01,Fed Cup G2 RR: INA vs TJK,D,20170720,Hard,2,2,3:2,2,0,0,0,0,0,0,0,,not_observable_no_deciding_set_played,no completed match reached a deciding set
2017,2017-W-FC-2017-G2-AO-D-M-KGZ-TJK-01,Fed Cup G2 RR: KGZ vs TJK,D,20170720,Hard,2,2,3:2,2,0,0,0,0,0,0,0,,not_observable_no_deciding_set_played,no completed match reached a deciding set
2017,2017-W-FC-2017-G2-AO-D-M-SRI-KGZ-01,Fed Cup G2 RR: SRI vs KGZ,D,20170720,Hard,2,2,3:2,2,0,0,0,0,0,0,0,,not_observable_no_deciding_set_played,no completed match reached a deciding set
2017,2017-W-FC-2017-G2-AO-D-M-SRI-TJK-01,Fed Cup G2 RR: SRI vs TJK,D,20170720,Hard,2,2,3:2,2,0,1,0,0,0,1,6,,not_observable_no_deciding_set_reached_6_all,"1 deciding set(s), none reached 6-6"
2017,2017-W-FC-2017-G2-AO-PP1-4-HKG-MAS-01,Fed Cup G2 PM: HKG vs MAS,D,20170722,Hard,2,2,3:2,2,0,0,0,0,0,0,0,,not_observable_no_deciding_set_played,no completed match reached a deciding set
2017,2017-W-FC-2017-G2-AO-PP1-4-UZB-HKG-01,Fed Cup G2 PM: UZB vs HKG,D,20170722,Hard,2,2,3:2,2,0,0,0,0,0,0,0,,not_observable_no_deciding_set_played,no completed match reached a deciding set
2017,2017-W-FC-2017-G2-AO-PP1-4-UZB-INA-01,Fed Cup G2 PM: UZB vs INA,D,20170722,Hard,2,2,3:2,2,0,0,0,0,0,0,0,,not_observable_no_deciding_set_played,no completed match reached a deciding set
2017,2017-W-FC-2017-G2-AO-PP5-8-NZL-SRI-01,Fed Cup G2 PM: NZL vs SRI,D,20170721,Hard,2,2,3:2,2,0,0,0,0,0,0,0,,not_observable_no_deciding_set_played,no completed match reached a deciding set
2017,2017-W-FC-2017-G2-AO-PP5-8-POC-SGP-01,Fed Cup G2 PM: POC vs SGP,D,20170721,Hard,2,2,3:2,2,0,1,0,0,0,1,6,,not_observable_no_deciding_set_reached_6_all,"1 deciding set(s), none reached 6-6"
2017,2017-W-FC-2017-G2-AO-PP9-12-IRI-PAK-01,Fed Cup G2 PM: IRI vs PAK,D,20170721,Hard,2,2,3:2,2,0,0,0,0,0,0,0,,not_observable_no_deciding_set_played,no completed match reached a deciding set
2017,2017-W-FC-2017-G2-AO-PP9-12-TKM-TJK-01,Fed Cup G2 PM: TKM vs TJK,D,20170721,Hard,2,2,3:2,2,0,0,0,0,0,0,0,,not_observable_no_deciding_set_played,no completed match reached a deciding set
2017,2017-W-FC-2017-G2-EPA-A-M-NOR-SLO-01,Fed Cup G2 RR: NOR vs SLO,D,20170421,Hard,2,2,3:2,2,0,1,0,0,0,1,6,,not_observable_no_deciding_set_reached_6_all,"1 deciding set(s), none reached 6-6"
2017,2017-W-FC-2017-G2-EPA-A-M-RSA-NOR-01,Fed Cup G2 RR: RSA vs NOR,D,20170421,Hard,2,2,3:2,2,0,0,0,0,0,0,0,,not_observable_no_deciding_set_played,no completed match reached a deciding set
2017,2017-W-FC-2017-G2-EPA-A-M-RSA-SLO-01,Fed Cup G2 RR: RSA vs SLO,D,20170421,Hard,2,2,3:2,2,0,0,0,0,0,0,0,,not_observable_no_deciding_set_played,no completed match reached a deciding set
2017,2017-W-FC-2017-G2-EPA-A-M-SWE-NOR-01,Fed Cup G2 RR: SWE vs NOR,D,20170421,Hard,2,2,3:2,2,0,0,0,0,0,0,0,,not_observable_no_deciding_set_played,no completed match reached a deciding set
2017,2017-W-FC-2017-G2-EPA-A-M-SWE-RSA-01,Fed Cup G2 RR: SWE vs RSA,D,20170421,Hard,2,2,3:2,2,0,1,0,0,0,1,6,,not_observable_no_deciding_set_reached_6_all,"1 deciding set(s), none reached 6-6"
2017,2017-W-FC-2017-G2-EPA-A-M-SWE-SLO-01,Fed Cup G2 RR: SWE vs SLO,D,20170421,Hard,2,2,3:2,2,0,2,0,0,0,2,6,,not_observable_no_deciding_set_reached_6_all,"2 deciding set(s), none reached 6-6"
2017,2017-W-FC-2017-G2-EPA-B-M-DEN-EGY-01,Fed Cup G2 RR: DEN vs EGY,D,20170421,Hard,2,2,3:2,2,0,0,0,0,0,0,0,,not_observable_no_deciding_set_played,no completed match reached a deciding set
2017,2017-W-FC-2017-G2-EPA-B-M-DEN-LTU-01,Fed Cup G2 RR: DEN vs LTU,D,20170421,Hard,2,2,3:2,2,0,0,0,0,0,0,0,,not_observable_no_deciding_set_played,no completed match reached a deciding set
2017,2017-W-FC-2017-G2-EPA-B-M-DEN-LUX-01,Fed Cup G2 RR: DEN vs LUX,D,20170421,Hard,2,2,3:2,2,0,1,0,0,0,1,6,,not_observable_no_deciding_set_reached_6_all,"1 deciding set(s), none reached 6-6"
2017,2017-W-FC-2017-G2-EPA-B-M-EGY-LUX-01,Fed Cup G2 RR: EGY vs LUX,D,20170421,Hard,2,2,3:2,1,1,0,0,0,0,0,0,,not_observable_no_deciding_set_played,no completed match reached a deciding set
2017,2017-W-FC-2017-G2-EPA-B-M-LTU-EGY-01,Fed Cup G2 RR: LTU vs EGY,D,20170421,Hard,2,2,3:2,2,0,0,0,0,0,0,0,,not_observable_no_deciding_set_played,no completed match reached a deciding set
2017,2017-W-FC-2017-G2-EPA-B-M-LTU-LUX-01,Fed Cup G2 RR: LTU vs LUX,D,20170421,Hard,2,2,3:2,2,0,0,0,0,0,0,0,,not_observable_no_deciding_set_played,no completed match reached a deciding set
2017,2017-W-FC-2017-G2-EPA-PPO-DEN-SWE-01,Fed Cup G2 PPO: DEN vs SWE,D,20170422,Hard,2,2,3:2,2,0,0,0,0,0,0,0,,not_observable_no_deciding_set_played,no completed match reached a deciding set
2017,2017-W-FC-2017-G2-EPA-PPO-SLO-LUX-01,Fed Cup G2 PPO: SLO vs LUX,D,20170422,Hard,2,2,3:2,2,0,1,0,0,0,1,6,,not_observable_no_deciding_set_reached_6_all,"1 deciding set(s), none reached 6-6"
2017,2017-W-FC-2017-G2-EPA-REL-EGY-RSA-01,Fed Cup G2 REL: EGY vs RSA,D,20170422,Hard,2,2,3:2,2,0,1,0,0,0,1,6,,not_observable_no_deciding_set_reached_6_all,"1 deciding set(s), none reached 6-6"
2017,2017-W-FC-2017-G2-EPA-REL-NOR-LTU-01,Fed Cup G2 REL: NOR vs LTU,D,20170422,Hard,2,2,3:2,2,0,0,0,0,0,0,0,,not_observable_no_deciding_set_played,no completed match reached a deciding set
2017,2017-W-FC-2017-WG-M-BLR-NED-01,Fed Cup WG R1: BLR vs NED,D,20170211,Hard,4,4,3:4,4,0,2,0,0,0,2,6,,not_observable_no_deciding_set_reached_6_all,"2 deciding set(s), none reached 6-6"
2017,2017-W-FC-2017-WG-M-BLR-SUI-01,Fed Cup WG SF: BLR vs SUI,D,20170422,Hard,4,4,3:4,4,0,2,0,0,0,2,7,,not_observable_no_deciding_set_reached_6_all,"2 deciding set(s), none reached 6-6"
2017,2017-W-FC-2017-WG-M-CZE-ESP-01,Fed Cup WG R1: CZE vs ESP,D,20170211,Hard,4,4,3:4,4,0,1,0,0,0,1,6,,not_observable_no_deciding_set_reached_6_all,"1 deciding set(s), none reached 6-6"
2017,2017-W-FC-2017-WG-M-CZE-USA-01,Fed Cup WG SF: CZE vs USA,D,20170422,Clay,4,4,3:4,4,0,0,0,0,0,0,0,,not_observable_no_deciding_set_played,no completed match reached a deciding set
2017,2017-W-FC-2017-WG-M-GER-USA-01,Fed Cup WG R1: GER vs USA,D,20170211,Hard,4,3,3:3,2,1,1,0,0,0,1,6,,not_observable_no_deciding_set_reached_6_all,"1 deciding set(s), none reached 6-6"
2017,2017-W-FC-2017-WG-M-SUI-FRA-01,Fed Cup WG R1: SUI vs FRA,D,20170211,Hard,4,4,3:4,4,0,1,0,0,0,1,7,,not_observable_no_deciding_set_reached_6_all,"1 deciding set(s), none reached 6-6"
2017,2017-W-FC-2017-WG-M-USA-BLR-01,Fed Cup WG F: USA vs BLR,D,20171111,Hard,4,4,3:4,4,0,2,0,0,1,1,8,,deciding_set_extends_past_6_all_cap_unknown,1 deciding set(s) went past 7 games (longest 8); that rules out a tiebreak at 6-all but does not separate an advantage set from a tiebreak at a later game count
2017,2017-W-FC-2017-WG-PO-FRA-ESP-01,Fed Cup WG R1: FRA vs ESP,D,20170422,Clay,4,3,3:3,3,0,0,0,0,0,0,0,,not_observable_no_deciding_set_played,no completed match reached a deciding set
2017,2017-W-FC-2017-WG-PO-GER-UKR-01,Fed Cup WG R1: GER vs UKR,D,20170422,Clay,4,4,3:4,4,0,1,0,0,0,1,6,,not_observable_no_deciding_set_reached_6_all,"1 deciding set(s), none reached 6-6"
2017,2017-W-FC-2017-WG-PO-NED-SVK-01,Fed Cup WG R1: NED vs SVK,D,20170422,Clay,4,4,3:4,4,0,0,0,0,0,0,0,,not_observable_no_deciding_set_played,no completed match reached a deciding set
2017,2017-W-FC-2017-WG-PO-RUS-BEL-01,Fed Cup WG R1: RUS vs BEL,D,20170422,Clay,4,4,3:4,4,0,2,0,0,0,2,6,,not_observable_no_deciding_set_reached_6_all,"2 deciding set(s), none reached 6-6"
2017,2017-W-FC-2017-WG2-M-ROU-BEL-01,Fed Cup WG2 R1: ROU vs BEL,D,20170211,Hard,4,3,3:3,3,0,2,0,0,0,2,7,,not_observable_no_deciding_set_reached_6_all,"2 deciding set(s), none reached 6-6"
2017,2017-W-FC-2017-WG2-M-RUS-TPE-01,Fed Cup WG2 R1: RUS vs TPE,D,20170211,Hard,4,4,3:4,4,0,1,0,0,0,1,6,,not_observable_no_deciding_set_reached_6_all,"1 deciding set(s), none reached 6-6"
2017,2017-W-FC-2017-WG2-M-SVK-ITA-01,Fed Cup WG2 R1: SVK vs ITA,D,20170211,Clay,4,4,3:4,4,0,1,0,0,0,1,6,,not_observable_no_deciding_set_reached_6_all,"1 deciding set(s), none reached 6-6"
2017,2017-W-FC-2017-WG2-M-UKR-AUS-01,Fed Cup WG2 R1: UKR vs AUS,D,20170211,Hard,4,3,3:3,3,0,1,0,0,0,1,6,,not_observable_no_deciding_set_reached_6_all,"1 deciding set(s), none reached 6-6"
2017,2017-W-FC-2017-WG2-PO-AUS-SRB-01,Fed Cup WG2 R1: AUS vs SRB,D,20170422,Hard,4,3,3:3,3,0,0,0,0,0,0,0,,not_observable_no_deciding_set_played,no completed match reached a deciding set
2017,2017-W-FC-2017-WG2-PO-CAN-KAZ-01,Fed Cup WG2 R1: CAN vs KAZ,D,20170422,Hard,4,4,3:4,4,0,1,0,0,0,1,6,,not_observable_no_deciding_set_reached_6_all,"1 deciding set(s), none reached 6-6"
2017,2017-W-FC-2017-WG2-PO-ITA-TPE-01,Fed Cup WG2 R1: ITA vs TPE,D,20170422,Clay,4,3,3:3,3,0,2,0,0,1,1,12,,deciding_set_extends_past_6_all_cap_unknown,1 deciding set(s) went past 7 games (longest 12); that rules out a tiebreak at 6-all but does not separate an advantage set from a tiebreak at a later game count
2017,2017-W-FC-2017-WG2-PO-ROU-GBR-01,Fed Cup WG2 R1: ROU vs GBR,D,20170422,Clay,4,4,3:4,4,0,0,0,0,0,0,0,,not_observable_no_deciding_set_played,no completed match reached a deciding set
2018,2018-0300,Luxembourg,I,20181015,Hard,32,31,3:31,30,1,9,2,0,0,7,7,5:2,deciding_set_tiebreak_at_6_all_length_unknown,2 deciding set(s) ended 7-6; the score string does not say whether the tiebreak was first to 7 or first to 10
2018,2018-0405,Hiroshima,I,20180910,Hard,32,31,3:31,30,1,7,1,0,0,6,7,1:1,deciding_set_tiebreak_at_6_all_length_unknown,1 deciding set(s) ended 7-6; the score string does not say whether the tiebreak was first to 7 or first to 10
2018,2018-0406,Strasbourg,I,20180521,Clay,32,31,3:31,30,1,9,1,0,0,8,7,6:1,deciding_set_tiebreak_at_6_all_length_unknown,1 deciding set(s) ended 7-6; the score string does not say whether the tiebreak was first to 7 or first to 10
2018,2018-0528,Linz,I,20181008,Hard,32,31,3:31,30,1,12,2,0,0,10,7,3:1|5:1,deciding_set_tiebreak_at_6_all_length_unknown,2 deciding set(s) ended 7-6; the score string does not say whether the tiebreak was first to 7 or first to 10
2018,2018-0602,New Haven,P,20180820,Hard,32,29,3:29,25,4,8,0,0,0,8,7,,not_observable_no_deciding_set_reached_6_all,"8 deciding set(s), none reached 6-6"
2018,2018-0656,Quebec City,I,20180910,Hard,32,31,3:31,30,1,10,2,0,0,8,7,1:1|5:1,deciding_set_tiebreak_at_6_all_length_unknown,2 deciding set(s) ended 7-6; the score string does not say whether the tiebreak was first to 7 or first to 10
2018,2018-0703,San Jose,P,20180730,Hard,32,27,3:27,26,1,10,0,0,0,10,7,,not_observable_no_deciding_set_reached_6_all,"10 deciding set(s), none reached 6-6"
2018,2018-0718,Dubai,P,20180219,Hard,32,27,3:27,27,0,6,0,0,0,6,6,,not_observable_no_deciding_set_reached_6_all,"6 deciding set(s), none reached 6-6"
2018,2018-0804,Charleston,P,20180402,Clay,64,55,3:55,53,2,18,2,0,0,16,7,1:1|5:1,deciding_set_tiebreak_at_6_all_length_unknown,2 deciding set(s) ended 7-6; the score string does not say whether the tiebreak was first to 7 or first to 10
2018,2018-0806,Montreal,P,20180806,Hard,64,55,3:55,53,2,18,1,0,0,17,7,4:1,deciding_set_tiebreak_at_6_all_length_unknown,1 deciding set(s) ended 7-6; the score string does not say whether the tiebreak was first to 7 or first to 10
2018,2018-0808,Singapore,F,20181022,Hard,8,15,3:15,14,1,10,0,0,0,10,6,,not_observable_no_deciding_set_reached_6_all,"10 deciding set(s), none reached 6-6"
2018,2018-0825,Tashkent,I,20180924,Hard,32,31,3:31,31,0,10,1,0,0,9,7,2:1,deciding_set_tiebreak_at_6_all_length_unknown,1 deciding set(s) ended 7-6; the score string does not say whether the tiebreak was first to 7 or first to 10
2018,2018-0894,Bogota,I,20180409,Clay,32,31,3:31,30,1,9,1,0,0,8,7,6:1,deciding_set_tiebreak_at_6_all_length_unknown,1 deciding set(s) ended 7-6; the score string does not say whether the tiebreak was first to 7 or first to 10
2018,2018-1003,Doha,P,20180212,Hard,64,55,3:55,51,4,13,0,0,0,13,7,,not_observable_no_deciding_set_reached_6_all,"13 deciding set(s), none reached 6-6"
2018,2018-1005,Rabat,I,20180430,Clay,32,31,3:31,29,2,13,0,0,0,13,7,,not_observable_no_deciding_set_reached_6_all,"13 deciding set(s), none reached 6-6"
2018,2018-1023,Guangzhou,I,20180917,Hard,32,31,3:31,29,2,5,0,0,0,5,6,,not_observable_no_deciding_set_reached_6_all,"5 deciding set(s), none reached 6-6"
2018,2018-1024,Seoul,I,20180917,Hard,32,31,3:31,30,1,12,1,0,0,11,7,0:1,deciding_set_tiebreak_at_6_all_length_unknown,1 deciding set(s) ended 7-6; the score string does not say whether the tiebreak was first to 7 or first to 10
2018,2018-1027,Istanbul,I,20180423,Clay,32,31,3:31,28,3,11,0,0,0,11,7,,not_observable_no_deciding_set_reached_6_all,"11 deciding set(s), none reached 6-6"
2018,2018-1039,Monterrey,I,20180402,Hard,32,31,3:31,30,1,10,2,0,0,8,7,5:1|6:1,deciding_set_tiebreak_at_6_all_length_unknown,2 deciding set(s) ended 7-6; the score string does not say whether the tiebreak was first to 7 or first to 10
2018,2018-1049,Auckland,I,20180101,Hard,32,31,3:31,31,0,8,0,0,0,8,6,,not_observable_no_deciding_set_reached_6_all,"8 deciding set(s), none reached 6-6"
2018,2018-1050,Hobart,I,20180108,Hard,32,31,3:31,29,2,5,0,0,0,5,7,,not_observable_no_deciding_set_reached_6_all,"5 deciding set(s), none reached 6-6"
2018,2018-1051,Stuttgart,P,20180423,Clay,32,27,3:27,24,3,9,1,0,0,8,7,5:1,deciding_set_tiebreak_at_6_all_length_unknown,1 deciding set(s) ended 7-6; the score string does not say whether the tiebreak was first to 7 or first to 10
2018,2018-1052,Birmingham,P,20180618,Grass,32,31,3:31,29,2,11,0,0,0,11,6,,not_observable_no_deciding_set_reached_6_all,"11 deciding set(s), none reached 6-6"
2018,2018-1056,Tokyo,P,20180917,Hard,32,27,3:27,26,1,9,2,0,0,7,7,4:1|8:1,deciding_set_tiebreak_at_6_all_length_unknown,2 deciding set(s) ended 7-6; the score string does not say whether the tiebreak was first to 7 or first to 10
2018,2018-1063,Shenzhen,I,20180101,Hard,32,31,3:31,31,0,8,0,0,0,8,6,,not_observable_no_deciding_set_reached_6_all,"8 deciding set(s), none reached 6-6"
2018,2018-1068,Nurnberg,I,20180521,Clay,32,31,3:31,29,2,12,6,0,0,6,7,2:1|3:3|5:2,deciding_set_tiebreak_at_6_all_length_unknown,6 deciding set(s) ended 7-6; the score string does not say whether the tiebreak was first to 7 or first to 10
2018,2018-1074,Hong Kong,I,20181008,Hard,32,31,3:31,31,0,10,3,0,0,7,7,3:2|5:1,deciding_set_tiebreak_at_6_all_length_unknown,3 deciding set(s) ended 7-6; the score string does not say whether the tiebreak was first to 7 or first to 10
2018,2018-1075,Wuhan,P,20180924,Hard,64,55,3:55,51,4,17,3,0,0,14,7,4:2|8:1,deciding_set_tiebreak_at_6_all_length_unknown,3 deciding set(s) ended 7-6; the score string does not say whether the tiebreak was first to 7 or first to 10
2018,2018-1076,Tianjin,I,20181008,Hard,32,31,3:31,27,4,13,2,0,0,11,7,3:1|6:1,deciding_set_tiebreak_at_6_all_length_unknown,2 deciding set(s) ended 7-6; the score string does not say whether the tiebreak was first to 7 or first to 10
2018,2018-1077,Nanchang,I,20180723,Hard,32,31,3:31,29,2,7,0,0,0,7,7,,not_observable_no_deciding_set_reached_6_all,"7 deciding set(s), none reached 6-6"
2018,2018-1079,Bucharest,I,20180716,Clay,32,31,3:31,29,2,9,1,0,0,8,7,1:1,deciding_set_tiebreak_at_6_all_length_unknown,1 deciding set(s) ended 7-6; the score string does not say whether the tiebreak was first to 7 or first to 10
2018,2018-1080,Nottingham,I,20180611,Grass,32,31,3:31,30,1,8,2,0,0,6,7,3:1|5:1,deciding_set_tiebreak_at_6_all_length_unknown,2 deciding set(s) ended 7-6; the score string does not say whether the tiebreak was first to 7 or first to 10
2018,2018-1081,Zhuhai,F,20181029,Hard,12,15,3:15,15,0,6,1,0,0,5,7,1:1,deciding_set_tiebreak_at_6_all_length_unknown,1 deciding set(s) ended 7-6; the score string does not say whether the tiebreak was first to 7 or first to 10
2018,2018-1082,Prague,I,20180430,Clay,32,31,3:31,30,1,5,0,0,0,5,7,,not_observable_no_deciding_set_reached_6_all,"5 deciding set(s), none reached 6-6"
2018,2018-1086,St. Petersburg,P,20180129,Hard,32,27,3:27,26,1,6,1,0,0,5,7,5:1,deciding_set_tiebreak_at_6_all_length_unknown,1 deciding set(s) ended 7-6; the score string does not say whether the tiebreak was first to 7 or first to 10
2018,2018-1091,Mallorca,I,20180618,Grass,32,31,3:31,31,0,14,0,0,0,14,7,,not_observable_no_deciding_set_reached_6_all,"14 deciding set(s), none reached 6-6"
2018,2018-1094,Gstaad,I,20180716,Clay,32,31,3:31,30,1,9,1,0,0,8,7,11:1,deciding_set_tiebreak_at_6_all_length_unknown,1 deciding set(s) ended 7-6; the score string does not say whether the tiebreak was first to 7 or first to 10
2018,2018-1096,Taipei,I,20180129,Hard,32,31,3:31,29,2,8,3,0,0,5,7,3:2|4:1,deciding_set_tiebreak_at_6_all_length_unknown,3 deciding set(s) ended 7-6; the score string does not say whether the tiebreak was first to 7 or first to 10
2018,2018-1097,Budapest,I,20180219,Hard,32,31,3:31,31,0,6,0,0,0,6,7,,not_observable_no_deciding_set_reached_6_all,"6 deciding set(s), none reached 6-6"
2018,2018-1101,Lugano,I,20180409,Clay,32,31,3:31,29,2,12,1,0,0,11,7,0:1,deciding_set_tiebreak_at_6_all_length_unknown,1 deciding set(s) ended 7-6; the score string does not say whether the tiebreak was first to 7 or first to 10
2018,2018-1105,Moscow,I,20180723,Clay,32,31,3:31,29,2,9,0,0,0,9,7,,not_observable_no_deciding_set_reached_6_all,"9 deciding set(s), none reached 6-6"
2018,2018-520,Roland Garros,G,20180528,Clay,128,127,3:127,125,2,29,0,0,2,27,9,,deciding_set_extends_past_6_all_cap_unknown,2 deciding set(s) went past 7 games (longest 9); that rules out a tiebreak at 6-all but does not separate an advantage set from a tiebreak at a later game count
2018,2018-540,Wimbledon,G,20180702,Grass,128,127,3:127,127,0,46,0,0,6,40,10,,deciding_set_extends_past_6_all_cap_unknown,6 deciding set(s) went past 7 games (longest 10); that rules out a tiebreak at 6-all but does not separate an advantage set from a tiebreak at a later game count
2018,2018-560,US Open,G,20180827,Hard,128,127,3:127,126,1,42,4,0,0,38,7,1:1|4:3,deciding_set_tiebreak_at_6_all_length_unknown,4 deciding set(s) ended 7-6; the score string does not say whether the tiebreak was first to 7 or first to 10
2018,2018-580,Australian Open,G,20180115,Hard,128,127,3:127,127,0,42,0,0,7,35,15,,advantage_deciding_set,"7 deciding set(s) went past 7 games with no tiebreak and the longest reached 15 games, past any 12-all cap"
2018,2018-M001,Sydney,P,20180108,Hard,32,29,3:29,26,3,6,0,0,0,6,7,,not_observable_no_deciding_set_reached_6_all,"6 deciding set(s), none reached 6-6"
2018,2018-M004,Acapulco,I,20180226,Hard,32,31,3:31,29,2,10,0,0,0,10,7,,not_observable_no_deciding_set_reached_6_all,"10 deciding set(s), none reached 6-6"
2018,2018-M006,Indian Wells,PM,20180305,Hard,128,95,3:95,93,2,28,3,0,0,25,7,4:2|6:1,deciding_set_tiebreak_at_6_all_length_unknown,3 deciding set(s) ended 7-6; the score string does not say whether the tiebreak was first to 7 or first to 10
2018,2018-M007,Miami,PM,20180319,Hard,128,95,3:95,90,5,33,3,0,0,30,7,0:1|4:2,deciding_set_tiebreak_at_6_all_length_unknown,3 deciding set(s) ended 7-6; the score string does not say whether the tiebreak was first to 7 or first to 10
2018,2018-M009,Rome,P,20180514,Clay,64,55,3:55,53,2,20,1,0,0,19,7,6:1,deciding_set_tiebreak_at_6_all_length_unknown,1 deciding set(s) ended 7-6; the score string does not say whether the tiebreak was first to 7 or first to 10
2018,2018-M010,s-Hertogenbosch,I,20180611,Grass,32,31,3:31,31,0,13,4,0,0,9,7,1:1|5:1|7:1|12:1,deciding_set_tiebreak_at_6_all_length_unknown,4 deciding set(s) ended 7-6; the score string does not say whether the tiebreak was first to 7 or first to 10
2018,2018-M014,Moscow,P,20181015,Hard,32,27,3:27,27,0,11,1,0,0,10,7,2:1,deciding_set_tiebreak_at_6_all_length_unknown,1 deciding set(s) ended 7-6; the score string does not say whether the tiebreak was first to 7 or first to 10
2018,2018-M015,Beijing,PM,20181001,Hard,64,60,3:60,56,4,12,1,0,0,11,7,4:1,deciding_set_tiebreak_at_6_all_length_unknown,1 deciding set(s) ended 7-6; the score string does not say whether the tiebreak was first to 7 or first to 10
2018,2018-M016,Eastbourne,P,20180625,Grass,64,47,3:47,45,2,20,3,0,0,17,7,3:1|4:1|5:1,deciding_set_tiebreak_at_6_all_length_unknown,3 deciding set(s) ended 7-6; the score string does not say whether the tiebreak was first to 7 or first to 10
2018,2018-M020,Brisbane,P,20180101,Hard,32,29,3:29,26,3,7,0,0,0,7,7,,not_observable_no_deciding_set_reached_6_all,"7 deciding set(s), none reached 6-6"
2018,2018-M021,Madrid,PM,20180507,Clay,64,63,3:63,63,0,19,0,0,0,19,7,,not_observable_no_deciding_set_reached_6_all,"19 deciding set(s), none reached 6-6"
2018,2018-M024,Cincinnati,PM,20180813,Hard,64,55,3:55,53,2,24,2,0,0,22,7,1:1|5:1,deciding_set_tiebreak_at_6_all_length_unknown,2 deciding set(s) ended 7-6; the score string does not say whether the tiebreak was first to 7 or first to 10
2018,2018-M035,Washington,I,20180730,Hard,32,31,3:31,30,1,7,2,0,0,5,7,8:1|13:1,deciding_set_tiebreak_at_6_all_length_unknown,2 deciding set(s) ended 7-6; the score string does not say whether the tiebreak was first to 7 or first to 10
2018,2018-W-FC-2018-G1-AM-A-M-CHI-COL-01,Fed Cup G1 RR: CHI vs COL,D,20180209,Clay,2,2,3:2,1,1,0,0,0,0,0,0,,not_observable_no_deciding_set_played,no completed match reached a deciding set
2018,2018-W-FC-2018-G1-AM-A-M-PAR-CHI-01,Fed Cup G1 RR: PAR vs CHI,D,20180208,Clay,2,2,3:2,2,0,1,0,0,0,1,7,,not_observable_no_deciding_set_reached_6_all,"1 deciding set(s), none reached 6-6"
2018,2018-W-FC-2018-G1-AM-A-M-PAR-COL-01,Fed Cup G1 RR: PAR vs COL,D,20180207,Clay,2,2,3:2,2,0,0,0,0,0,0,0,,not_observable_no_deciding_set_played,no completed match reached a deciding set
2018,2018-W-FC-2018-G1-AM-B-M-ARG-BRA-01,Fed Cup G1 RR: ARG vs BRA,D,20180209,Clay,2,2,3:2,2,0,1,0,0,0,1,6,,not_observable_no_deciding_set_reached_6_all,"1 deciding set(s), none reached 6-6"
2018,2018-W-FC-2018-G1-AM-B-M-ARG-GUA-01,Fed Cup G1 RR: ARG vs GUA,D,20180207,Clay,2,2,3:2,2,0,1,0,0,0,1,6,,not_observable_no_deciding_set_reached_6_all,"1 deciding set(s), none reached 6-6"
2018,2018-W-FC-2018-G1-AM-B-M-ARG-VEN-01,Fed Cup G1 RR: ARG vs VEN,D,20180208,Clay,2,2,3:2,2,0,2,0,0,0,2,6,,not_observable_no_deciding_set_reached_6_all,"2 deciding set(s), none reached 6-6"
2018,2018-W-FC-2018-G1-AM-B-M-BRA-GUA-01,Fed Cup G1 RR: BRA vs GUA,D,20180208,Clay,2,2,3:2,2,0,0,0,0,0,0,0,,not_observable_no_deciding_set_played,no completed match reached a deciding set
2018,2018-W-FC-2018-G1-AM-B-M-BRA-VEN-01,Fed Cup G1 RR: BRA vs VEN,D,20180207,Clay,2,2,3:2,2,0,1,0,0,0,1,7,,not_observable_no_deciding_set_reached_6_all,"1 deciding set(s), none reached 6-6"
2018,2018-W-FC-2018-G1-AM-B-M-VEN-GUA-01,Fed Cup G1 RR: VEN vs GUA,D,20180209,Clay,2,2,3:2,2,0,2,1,0,0,1,7,4:1,deciding_set_tiebreak_at_6_all_length_unknown,1 deciding set(s) ended 7-6; the score string does not say whether the tiebreak was first to 7 or first to 10
2018,2018-W-FC-2018-G1-AM-PP3-4-COL-ARG-01,Fed Cup G1 PM: COL vs ARG,D,20180210,Clay,2,2,3:2,2,0,0,0,0,0,0,0,,not_observable_no_deciding_set_played,no completed match reached a deciding set
2018,2018-W-FC-2018-G1-AM-PPO-PAR-BRA-01,Fed Cup G1 PPO: PAR vs BRA,D,20180210,Clay,2,2,3:2,2,0,1,1,0,0,0,7,9:1,deciding_set_tiebreak_at_6_all_length_unknown,1 deciding set(s) ended 7-6; the score string does not say whether the tiebreak was first to 7 or first to 10
2018,2018-W-FC-2018-G1-AM-REL-CHI-VEN-01,Fed Cup G1 REL: CHI vs VEN,D,20180210,Clay,2,2,3:2,2,0,0,0,0,0,0,0,,not_observable_no_deciding_set_played,no completed match reached a deciding set
2018,2018-W-FC-2018-G1-AO-A-M-CHN-HKG-01,Fed Cup G1 RR: CHN vs HKG,D,20180208,Hard,2,2,3:2,2,0,0,0,0,0,0,0,,not_observable_no_deciding_set_played,no completed match reached a deciding set
2018,2018-W-FC-2018-G1-AO-A-M-CHN-IND-01,Fed Cup G1 RR: CHN vs IND,D,20180207,Hard,2,2,3:2,2,0,0,0,0,0,0,0,,not_observable_no_deciding_set_played,no completed match reached a deciding set
2018,2018-W-FC-2018-G1-AO-A-M-IND-HKG-01,Fed Cup G1 RR: IND vs HKG,D,20180209,Hard,2,2,3:2,2,0,0,0,0,0,0,0,,not_observable_no_deciding_set_played,no completed match reached a deciding set
2018,2018-W-FC-2018-G1-AO-A-M-KAZ-CHN-01,Fed Cup G1 RR: KAZ vs CHN,D,20180209,Hard,2,2,3:2,2,0,1,0,0,0,1,6,,not_observable_no_deciding_set_reached_6_all,"1 deciding set(s), none reached 6-6"
2018,2018-W-FC-2018-G1-AO-A-M-KAZ-HKG-01,Fed Cup G1 RR: KAZ vs HKG,D,20180207,Hard,2,2,3:2,2,0,0,0,0,0,0,0,,not_observable_no_deciding_set_played,no completed match reached a deciding set
2018,2018-W-FC-2018-G1-AO-A-M-KAZ-IND-01,Fed Cup G1 RR: KAZ vs IND,D,20180208,Hard,2,2,3:2,2,0,1,0,0,0,1,6,,not_observable_no_deciding_set_reached_6_all,"1 deciding set(s), none reached 6-6"
2018,2018-W-FC-2018-G1-AO-B-M-JPN-KOR-01,Fed Cup G1 RR: JPN vs KOR,D,20180208,Hard,2,2,3:2,2,0,1,0,0,0,1,6,,not_observable_no_deciding_set_reached_6_all,"1 deciding set(s), none reached 6-6"
2018,2018-W-FC-2018-G1-AO-B-M-JPN-THA-01,Fed Cup G1 RR: JPN vs THA,D,20180207,Hard,2,2,3:2,2,0,1,0,0,0,1,6,,not_observable_no_deciding_set_reached_6_all,"1 deciding set(s), none reached 6-6"
2018,2018-W-FC-2018-G1-AO-B-M-THA-KOR-01,Fed Cup G1 RR: THA vs KOR,D,20180209,Hard,2,2,3:2,2,0,2,0,0,0,2,7,,not_observable_no_deciding_set_reached_6_all,"2 deciding set(s), none reached 6-6"
2018,2018-W-FC-2018-G1-AO-B-M-TPE-JPN-01,Fed Cup G1 RR: TPE vs JPN,D,20180209,Hard,2,2,3:2,2,0,0,0,0,0,0,0,,not_observable_no_deciding_set_played,no completed match reached a deciding set
2018,2018-W-FC-2018-G1-AO-B-M-TPE-KOR-01,Fed Cup G1 RR: TPE vs KOR,D,20180207,Hard,2,2,3:2,2,0,0,0,0,0,0,0,,not_observable_no_deciding_set_played,no completed match reached a deciding set
2018,2018-W-FC-2018-G1-AO-B-M-TPE-THA-01,Fed Cup G1 RR: TPE vs THA,D,20180208,Hard,2,2,3:2,2,0,1,0,0,0,1,6,,not_observable_no_deciding_set_reached_6_all,"1 deciding set(s), none reached 6-6"
2018,2018-W-FC-2018-G1-AO-PP3-4-CHN-KOR-01,Fed Cup G1 PM: CHN vs KOR,D,20180210,Hard,2,2,3:2,2,0,1,0,0,0,1,6,,not_observable_no_deciding_set_reached_6_all,"1 deciding set(s), none reached 6-6"
2018,2018-W-FC-2018-G1-AO-PPO-KAZ-JPN-01,Fed Cup G1 PPO: KAZ vs JPN,D,20180210,Hard,2,2,3:2,2,0,0,0,0,0,0,0,,not_observable_no_deciding_set_played,no completed match reached a deciding set
2018,2018-W-FC-2018-G1-AO-REL-IND-TPE-01,Fed Cup G1 REL: IND vs TPE,D,20180210,Hard,2,2,3:2,2,0,1,0,0,0,1,6,,not_observable_no_deciding_set_reached_6_all,"1 deciding set(s), none reached 6-6"
2018,2018-W-FC-2018-G1-AO-REL-THA-HKG-01,Fed Cup G1 REL: THA vs HKG,D,20180210,Hard,2,2,3:2,2,0,0,0,0,0,0,0,,not_observable_no_deciding_set_played,no completed match reached a deciding set
2018,2018-W-FC-2018-G1-EPA-A-M-GEO-BUL-01,Fed Cup G1 RR: GEO vs BUL,D,20180208,Hard,2,2,3:2,2,0,0,0,0,0,0,0,,not_observable_no_deciding_set_played,no completed match reached a deciding set
2018,2018-W-FC-2018-G1-EPA-A-M-SRB-BUL-01,Fed Cup G1 RR: SRB vs BUL,D,20180207,Hard,2,2,3:2,2,0,1,1,0,0,0,7,6:1,deciding_set_tiebreak_at_6_all_length_unknown,1 deciding set(s) ended 7-6; the score string does not say whether the tiebreak was first to 7 or first to 10
2018,2018-W-FC-2018-G1-EPA-A-M-SRB-GEO-01,Fed Cup G1 RR: SRB vs GEO,D,20180209,Hard,2,2,3:2,2,0,1,0,0,0,1,6,,not_observable_no_deciding_set_reached_6_all,"1 deciding set(s), none reached 6-6"
2018,2018-W-FC-2018-G1-EPA-B-M-EST-POR-01,Fed Cup G1 RR: EST vs POR,D,20180208,Hard,2,2,3:2,1,1,0,0,0,0,0,0,,not_observable_no_deciding_set_played,no completed match reached a deciding set
2018,2018-W-FC-2018-G1-EPA-B-M-GBR-EST-01,Fed Cup G1 RR: GBR vs EST,D,20180209,Hard,2,2,3:2,2,0,1,0,0,0,1,6,,not_observable_no_deciding_set_reached_6_all,"1 deciding set(s), none reached 6-6"
2018,2018-W-FC-2018-G1-EPA-B-M-GBR-POR-01,Fed Cup G1 RR: GBR vs POR,D,20180207,Hard,2,2,3:2,2,0,0,0,0,0,0,0,,not_observable_no_deciding_set_played,no completed match reached a deciding set
2018,2018-W-FC-2018-G1-EPA-C-M-CRO-HUN-01,Fed Cup G1 RR: CRO vs HUN,D,20180209,Hard,2,2,3:2,2,0,2,0,0,0,2,7,,not_observable_no_deciding_set_reached_6_all,"2 deciding set(s), none reached 6-6"
2018,2018-W-FC-2018-G1-EPA-C-M-CRO-SLO-01,Fed Cup G1 RR: CRO vs SLO,D,20180207,Hard,2,2,3:2,2,0,1,0,0,0,1,6,,not_observable_no_deciding_set_reached_6_all,"1 deciding set(s), none reached 6-6"
2018,2018-W-FC-2018-G1-EPA-C-M-CRO-SWE-01,Fed Cup G1 RR: CRO vs SWE,D,20180208,Hard,2,2,3:2,2,0,1,0,0,0,1,7,,not_observable_no_deciding_set_reached_6_all,"1 deciding set(s), none reached 6-6"
2018,2018-W-FC-2018-G1-EPA-C-M-HUN-SLO-01,Fed Cup G1 RR: HUN vs SLO,D,20180208,Hard,2,2,3:2,2,0,0,0,0,0,0,0,,not_observable_no_deciding_set_played,no completed match reached a deciding set
2018,2018-W-FC-2018-G1-EPA-C-M-HUN-SWE-01,Fed Cup G1 RR: HUN vs SWE,D,20180207,Hard,2,2,3:2,2,0,1,1,0,0,0,7,6:1,deciding_set_tiebreak_at_6_all_length_unknown,1 deciding set(s) ended 7-6; the score string does not say whether the tiebreak was first to 7 or first to 10
2018,2018-W-FC-2018-G1-EPA-C-M-SLO-SWE-01,Fed Cup G1 RR: SLO vs SWE,D,20180209,Hard,2,2,3:2,2,0,1,0,0,0,1,6,,not_observable_no_deciding_set_reached_6_all,"1 deciding set(s), none reached 6-6"
2018,2018-W-FC-2018-G1-EPA-D-M-AUT-LAT-01,Fed Cup G1 RR: AUT vs LAT,D,20180209,Hard,2,2,3:2,2,0,1,0,0,0,1,6,,not_observable_no_deciding_set_reached_6_all,"1 deciding set(s), none reached 6-6"
2018,2018-W-FC-2018-G1-EPA-D-M-POL-AUT-01,Fed Cup G1 RR: POL vs AUT,D,20180207,Hard,2,2,3:2,2,0,0,0,0,0,0,0,,not_observable_no_deciding_set_played,no completed match reached a deciding set
2018,2018-W-FC-2018-G1-EPA-D-M-POL-LAT-01,Fed Cup G1 RR: POL vs LAT,D,20180208,Hard,2,2,3:2,2,0,0,0,0,0,0,0,,not_observable_no_deciding_set_played,no completed match reached a deciding set
2018,2018-W-FC-2018-G1-EPA-D-M-POL-TUR-01,Fed Cup G1 RR: POL vs TUR,D,20180209,Hard,2,2,3:2,2,0,0,0,0,0,0,0,,not_observable_no_deciding_set_played,no completed match reached a deciding set
2018,2018-W-FC-2018-G1-EPA-D-M-TUR-AUT-01,Fed Cup G1 RR: TUR vs AUT,D,20180208,Hard,2,2,3:2,2,0,2,0,0,0,2,7,,not_observable_no_deciding_set_reached_6_all,"2 deciding set(s), none reached 6-6"
2018,2018-W-FC-2018-G1-EPA-D-M-TUR-LAT-01,Fed Cup G1 RR: TUR vs LAT,D,20180207,Hard,2,2,3:2,2,0,1,0,0,0,1,6,,not_observable_no_deciding_set_reached_6_all,"1 deciding set(s), none reached 6-6"
2018,2018-W-FC-2018-G1-EPA-PP5-8-BUL-POL-01,Fed Cup G1 PM: BUL vs POL,D,20180210,Hard,2,2,3:2,2,0,0,0,0,0,0,0,,not_observable_no_deciding_set_played,no completed match reached a deciding set
2018,2018-W-FC-2018-G1-EPA-PP5-8-EST-CRO-01,Fed Cup G1 PM: EST vs CRO,D,20180210,Hard,2,2,3:2,2,0,2,0,0,0,2,6,,not_observable_no_deciding_set_reached_6_all,"2 deciding set(s), none reached 6-6"
2018,2018-W-FC-2018-G1-EPA-PPO-GBR-HUN-01,Fed Cup G1 PPO: GBR vs HUN,D,20180210,Hard,2,2,3:2,2,0,1,0,0,0,1,6,,not_observable_no_deciding_set_reached_6_all,"1 deciding set(s), none reached 6-6"
2018,2018-W-FC-2018-G1-EPA-PPO-SRB-LAT-01,Fed Cup G1 PPO: SRB vs LAT,D,20180210,Hard,2,2,3:2,2,0,0,0,0,0,0,0,,not_observable_no_deciding_set_played,no completed match reached a deciding set
2018,2018-W-FC-2018-G1-EPA-REL-GEO-AUT-01,Fed Cup G1 REL: GEO vs AUT,D,20180210,Hard,2,2,3:2,2,0,2,0,0,0,2,6,,not_observable_no_deciding_set_reached_6_all,"2 deciding set(s), none reached 6-6"
2018,2018-W-FC-2018-G1-EPA-REL-POR-SWE-01,Fed Cup G1 REL: POR vs SWE,D,20180210,Hard,2,2,3:2,2,0,0,0,0,0,0,0,,not_observable_no_deciding_set_played,no completed match reached a deciding set
2018,2018-W-FC-2018-G2-AM-A-A-M-DOM-BAR-01,Fed Cup G2 RR: DOM vs BAR,D,20180620,Hard,2,2,3:2,2,0,1,1,0,0,0,7,3:1,deciding_set_tiebreak_at_6_all_length_unknown,1 deciding set(s) ended 7-6; the score string does not say whether the tiebreak was first to 7 or first to 10
2018,2018-W-FC-2018-G2-AM-A-A-M-MEX-BAR-01,Fed Cup G2 RR: MEX vs BAR,D,20180621,Hard,2,2,3:2,2,0,0,0,0,0,0,0,,not_observable_no_deciding_set_played,no completed match reached a deciding set
2018,2018-W-FC-2018-G2-AM-A-A-M-MEX-DOM-01,Fed Cup G2 RR: MEX vs DOM,D,20180622,Hard,2,2,3:2,2,0,0,0,0,0,0,0,,not_observable_no_deciding_set_played,no completed match reached a deciding set
2018,2018-W-FC-2018-G2-AM-A-B-M-CUB-URU-01,Fed Cup G2 RR: CUB vs URU,D,20180620,Hard,2,2,3:2,2,0,0,0,0,0,0,0,,not_observable_no_deciding_set_played,no completed match reached a deciding set
2018,2018-W-FC-2018-G2-AM-A-B-M-PER-CUB-01,Fed Cup G2 RR: PER vs CUB,D,20180622,Hard,2,2,3:2,2,0,0,0,0,0,0,0,,not_observable_no_deciding_set_played,no completed match reached a deciding set
2018,2018-W-FC-2018-G2-AM-A-B-M-PER-URU-01,Fed Cup G2 RR: PER vs URU,D,20180621,Hard,2,2,3:2,2,0,0,0,0,0,0,0,,not_observable_no_deciding_set_played,no completed match reached a deciding set
2018,2018-W-FC-2018-G2-AM-A-PP3-4-DOM-CUB-01,Fed Cup G2 PM: DOM vs CUB,D,20180623,Hard,2,2,3:2,2,0,1,0,0,0,1,6,,not_observable_no_deciding_set_reached_6_all,"1 deciding set(s), none reached 6-6"
2018,2018-W-FC-2018-G2-AM-A-PP5-6-URU-BAR-01,Fed Cup G2 PM: URU vs BAR,D,20180623,Hard,2,2,3:2,2,0,0,0,0,0,0,0,,not_observable_no_deciding_set_played,no completed match reached a deciding set
2018,2018-W-FC-2018-G2-AM-A-PPO-MEX-PER-01,Fed Cup G2 PPO: MEX vs PER,D,20180623,Hard,2,2,3:2,2,0,0,0,0,0,0,0,,not_observable_no_deciding_set_played,no completed match reached a deciding set
2018,2018-W-FC-2018-G2-AM-B-A-M-CRC-HON-01,Fed Cup G2 RR: CRC vs HON,D,20180719,Clay,2,2,3:2,2,0,0,0,0,0,0,0,,not_observable_no_deciding_set_played,no completed match reached a deciding set
2018,2018-W-FC-2018-G2-AM-B-A-M-ECU-CRC-01,Fed Cup G2 RR: ECU vs CRC,D,20180720,Clay,2,2,3:2,2,0,0,0,0,0,0,0,,not_observable_no_deciding_set_played,no completed match reached a deciding set
2018,2018-W-FC-2018-G2-AM-B-A-M-ECU-HON-01,Fed Cup G2 RR: ECU vs HON,D,20180718,Clay,2,2,3:2,2,0,0,0,0,0,0,0,,not_observable_no_deciding_set_played,no completed match reached a deciding set
2018,2018-W-FC-2018-G2-AM-B-B-M-BER-BAH-01,Fed Cup G2 RR: BER vs BAH,D,20180720,Clay,2,2,3:2,2,0,0,0,0,0,0,0,,not_observable_no_deciding_set_played,no completed match reached a deciding set
2018,2018-W-FC-2018-G2-AM-B-B-M-BOL-BAH-01,Fed Cup G2 RR: BOL vs BAH,D,20180718,Clay,2,2,3:2,2,0,0,0,0,0,0,0,,not_observable_no_deciding_set_played,no completed match reached a deciding set
2018,2018-W-FC-2018-G2-AM-B-B-M-BOL-BER-01,Fed Cup G2 RR: BOL vs BER,D,20180719,Clay,2,2,3:2,2,0,0,0,0,0,0,0,,not_observable_no_deciding_set_played,no completed match reached a deciding set
2018,2018-W-FC-2018-G2-AM-B-B-M-BOL-TTO-01,Fed Cup G2 RR: BOL vs TTO,D,20180720,Clay,2,2,3:2,2,0,0,0,0,0,0,0,,not_observable_no_deciding_set_played,no completed match reached a deciding set
2018,2018-W-FC-2018-G2-AM-B-B-M-TTO-BAH-01,Fed Cup G2 RR: TTO vs BAH,D,20180719,Clay,2,2,3:2,1,1,0,0,0,0,0,0,,not_observable_no_deciding_set_played,no completed match reached a deciding set
2018,2018-W-FC-2018-G2-AM-B-B-M-TTO-BER-01,Fed Cup G2 RR: TTO vs BER,D,20180718,Clay,2,2,3:2,2,0,0,0,0,0,0,0,,not_observable_no_deciding_set_played,no completed match reached a deciding set
2018,2018-W-FC-2018-G2-AM-B-PP3-4-CRC-BOL-01,Fed Cup G2 PM: CRC vs BOL,D,20180721,Clay,2,2,3:2,2,0,0,0,0,0,0,0,,not_observable_no_deciding_set_played,no completed match reached a deciding set
2018,2018-W-FC-2018-G2-AM-B-PP5-6-HON-TTO-01,Fed Cup G2 PM: HON vs TTO,D,20180721,Clay,2,2,3:2,2,0,0,0,0,0,0,0,,not_observable_no_deciding_set_played,no completed match reached a deciding set
2018,2018-W-FC-2018-G2-AM-B-PPO-ECU-BAH-01,Fed Cup G2 PPO: ECU vs BAH,D,20180721,Clay,2,2,3:2,2,0,0,0,0,0,0,0,,not_observable_no_deciding_set_played,no completed match reached a deciding set
2018,2018-W-FC-2018-G2-AO-A-M-NZL-LBN-01,Fed Cup G2 RR: NZL vs LBN,D,20180207,Hard,2,2,3:2,2,0,0,0,0,0,0,0,,not_observable_no_deciding_set_played,no completed match reached a deciding set
2018,2018-W-FC-2018-G2-AO-A-M-UZB-LBN-01,Fed Cup G2 RR: UZB vs LBN,D,20180206,Hard,2,2,3:2,2,0,0,0,0,0,0,0,,not_observable_no_deciding_set_played,no completed match reached a deciding set
2018,2018-W-FC-2018-G2-AO-A-M-UZB-NZL-01,Fed Cup G2 RR: UZB vs NZL,D,20180208,Hard,2,2,3:2,2,0,0,0,0,0,0,0,,not_observable_no_deciding_set_played,no completed match reached a deciding set
2018,2018-W-FC-2018-G2-AO-B-M-PHI-KGZ-01,Fed Cup G2 RR: PHI vs KGZ,D,20180206,Hard,2,2,3:2,2,0,1,0,0,0,1,7,,not_observable_no_deciding_set_reached_6_all,"1 deciding set(s), none reached 6-6"
2018,2018-W-FC-2018-G2-AO-B-M-PHI-SGP-01,Fed Cup G2 RR: PHI vs SGP,D,20180208,Hard,2,2,3:2,2,0,1,0,0,0,1,6,,not_observable_no_deciding_set_reached_6_all,"1 deciding set(s), none reached 6-6"
2018,2018-W-FC-2018-G2-AO-B-M-SGP-KGZ-01,Fed Cup G2 RR: SGP vs KGZ,D,20180207,Hard,2,2,3:2,2,0,0,0,0,0,0,0,,not_observable_no_deciding_set_played,no completed match reached a deciding set
2018,2018-W-FC-2018-G2-AO-C-M-MAS-IRI-01,Fed Cup G2 RR: MAS vs IRI,D,20180207,Hard,2,2,3:2,2,0,0,0,0,0,0,0,,not_observable_no_deciding_set_played,no completed match reached a deciding set
2018,2018-W-FC-2018-G2-AO-C-M-MAS-OMA-01,Fed Cup G2 RR: MAS vs OMA,D,20180206,Hard,2,2,3:2,2,0,0,0,0,0,0,0,,not_observable_no_deciding_set_played,no completed match reached a deciding set
2018,2018-W-FC-2018-G2-AO-C-M-MAS-POC-01,Fed Cup G2 RR: MAS vs POC,D,20180208,Hard,2,2,3:2,2,0,0,0,0,0,0,0,,not_observable_no_deciding_set_played,no completed match reached a deciding set
2018,2018-W-FC-2018-G2-AO-C-M-OMA-IRI-01,Fed Cup G2 RR: OMA vs IRI,D,20180208,Hard,2,2,3:2,2,0,1,0,0,0,1,6,,not_observable_no_deciding_set_reached_6_all,"1 deciding set(s), none reached 6-6"
2018,2018-W-FC-2018-G2-AO-C-M-POC-IRI-01,Fed Cup G2 RR: POC vs IRI,D,20180206,Hard,2,2,3:2,2,0,0,0,0,0,0,0,,not_observable_no_deciding_set_played,no completed match reached a deciding set
2018,2018-W-FC-2018-G2-AO-C-M-POC-OMA-01,Fed Cup G2 RR: POC vs OMA,D,20180207,Hard,2,2,3:2,2,0,0,0,0,0,0,0,,not_observable_no_deciding_set_played,no completed match reached a deciding set
2018,2018-W-FC-2018-G2-AO-D-M-BRN-PAK-01,Fed Cup G2 RR: BRN vs PAK,D,20180208,Hard,2,2,3:2,2,0,0,0,0,0,0,0,,not_observable_no_deciding_set_played,no completed match reached a deciding set
2018,2018-W-FC-2018-G2-AO-D-M-INA-BRN-01,Fed Cup G2 RR: INA vs BRN,D,20180206,Hard,2,2,3:2,2,0,0,0,0,0,0,0,,not_observable_no_deciding_set_played,no completed match reached a deciding set
2018,2018-W-FC-2018-G2-AO-D-M-INA-PAK-01,Fed Cup G2 RR: INA vs PAK,D,20180207,Hard,2,2,3:2,2,0,0,0,0,0,0,0,,not_observable_no_deciding_set_played,no completed match reached a deciding set
2018,2018-W-FC-2018-G2-AO-D-M-INA-SRI-01,Fed Cup G2 RR: INA vs SRI,D,20180208,Hard,2,2,3:2,2,0,0,0,0,0,0,0,,not_observable_no_deciding_set_played,no completed match reached a deciding set
2018,2018-W-FC-2018-G2-AO-D-M-SRI-BRN-01,Fed Cup G2 RR: SRI vs BRN,D,20180207,Hard,2,2,3:2,2,0,0,0,0,0,0,0,,not_observable_no_deciding_set_played,no completed match reached a deciding set
2018,2018-W-FC-2018-G2-AO-D-M-SRI-PAK-01,Fed Cup G2 RR: SRI vs PAK,D,20180206,Hard,2,2,3:2,2,0,1,0,0,0,1,6,,not_observable_no_deciding_set_reached_6_all,"1 deciding set(s), none reached 6-6"
2018,2018-W-FC-2018-G2-AO-PP5-8-NZL-PAK-01,Fed Cup G2 PM: NZL vs PAK,D,20180209,Hard,2,2,3:2,2,0,0,0,0,0,0,0,,not_observable_no_deciding_set_played,no completed match reached a deciding set
2018,2018-W-FC-2018-G2-AO-PP5-8-PHI-OMA-01,Fed Cup G2 PM: PHI vs OMA,D,20180209,Hard,2,2,3:2,2,0,0,0,0,0,0,0,,not_observable_no_deciding_set_played,no completed match reached a deciding set
2018,2018-W-FC-2018-G2-AO-PP9-12-KGZ-MAS-01,Fed Cup G2 PM: KGZ vs MAS,D,20180209,Hard,2,2,3:2,2,0,1,0,0,0,1,6,,not_observable_no_deciding_set_reached_6_all,"1 deciding set(s), none reached 6-6"
2018,2018-W-FC-2018-G2-AO-PP9-12-LBN-SRI-01,Fed Cup G2 PM: LBN vs SRI,D,20180209,Hard,2,2,3:2,2,0,0,0,0,0,0,0,,not_observable_no_deciding_set_played,no completed match reached a deciding set
2018,2018-W-FC-2018-G2-AO-PPO-SGP-POC-01,Fed Cup G2 PPO: SGP vs POC,D,20180210,Hard,2,2,3:2,2,0,1,0,0,0,1,6,,not_observable_no_deciding_set_reached_6_all,"1 deciding set(s), none reached 6-6"
2018,2018-W-FC-2018-G2-AO-PPO-UZB-INA-01,Fed Cup G2 PPO: UZB vs INA,D,20180210,Hard,2,2,3:2,2,0,1,0,0,0,1,7,,not_observable_no_deciding_set_reached_6_all,"1 deciding set(s), none reached 6-6"
2018,2018-W-FC-2018-G2-EPA-A-M-DEN-EGY-01,Fed Cup G2 RR: DEN vs EGY,D,20180418,Clay,2,2,3:2,2,0,1,0,0,0,1,6,,not_observable_no_deciding_set_reached_6_all,"1 deciding set(s), none reached 6-6"
2018,2018-W-FC-2018-G2-EPA-A-M-DEN-GRE-01,Fed Cup G2 RR: DEN vs GRE,D,20180420,Clay,2,2,3:2,2,0,1,0,0,0,1,6,,not_observable_no_deciding_set_reached_6_all,"1 deciding set(s), none reached 6-6"
2018,2018-W-FC-2018-G2-EPA-A-M-EGY-GRE-01,Fed Cup G2 RR: EGY vs GRE,D,20180419,Clay,2,2,3:2,2,0,0,0,0,0,0,0,,not_observable_no_deciding_set_played,no completed match reached a deciding set
2018,2018-W-FC-2018-G2-EPA-B-M-BIH-ISR-01,Fed Cup G2 RR: BIH vs ISR,D,20180419,Clay,2,2,3:2,2,0,1,0,0,0,1,6,,not_observable_no_deciding_set_reached_6_all,"1 deciding set(s), none reached 6-6"
2018,2018-W-FC-2018-G2-EPA-B-M-BIH-LUX-01,Fed Cup G2 RR: BIH vs LUX,D,20180418,Clay,2,2,3:2,2,0,1,0,0,0,1,6,,not_observable_no_deciding_set_reached_6_all,"1 deciding set(s), none reached 6-6"
2018,2018-W-FC-2018-G2-EPA-B-M-LUX-ISR-01,Fed Cup G2 RR: LUX vs ISR,D,20180420,Clay,2,2,3:2,2,0,1,0,0,0,1,6,,not_observable_no_deciding_set_reached_6_all,"1 deciding set(s), none reached 6-6"
2018,2018-W-FC-2018-G2-EPA-B-M-NOR-BIH-01,Fed Cup G2 RR: NOR vs BIH,D,20180420,Clay,2,2,3:2,2,0,0,0,0,0,0,0,,not_observable_no_deciding_set_played,no completed match reached a deciding set
2018,2018-W-FC-2018-G2-EPA-B-M-NOR-ISR-01,Fed Cup G2 RR: NOR vs ISR,D,20180418,Clay,2,2,3:2,2,0,2,1,0,0,1,7,2:1,deciding_set_tiebreak_at_6_all_length_unknown,1 deciding set(s) ended 7-6; the score string does not say whether the tiebreak was first to 7 or first to 10
2018,2018-W-FC-2018-G2-EPA-B-M-NOR-LUX-01,Fed Cup G2 RR: NOR vs LUX,D,20180419,Clay,2,2,3:2,2,0,1,0,0,0,1,6,,not_observable_no_deciding_set_reached_6_all,"1 deciding set(s), none reached 6-6"
2018,2018-W-FC-2018-G2-EPA-PPO-DEN-ISR-01,Fed Cup G2 PPO: DEN vs ISR,D,20180421,Clay,2,2,3:2,2,0,1,0,0,0,1,6,,not_observable_no_deciding_set_reached_6_all,"1 deciding set(s), none reached 6-6"
2018,2018-W-FC-2018-G2-EPA-PPO-GRE-LUX-01,Fed Cup G2 PPO: GRE vs LUX,D,20180421,Clay,2,2,3:2,2,0,1,0,0,0,1,6,,not_observable_no_deciding_set_reached_6_all,"1 deciding set(s), none reached 6-6"
2018,2018-W-FC-2018-G2-EPA-REL-EGY-BIH-01,Fed Cup G2 REL: EGY vs BIH,D,20180421,Clay,2,2,3:2,1,1,0,0,0,0,0,0,,not_observable_no_deciding_set_played,no completed match reached a deciding set
2018,2018-W-FC-2018-WG-M-BEL-FRA-01,Fed Cup WG R1: BEL vs FRA,D,20180210,Hard,4,4,3:4,4,0,0,0,0,0,0,0,,not_observable_no_deciding_set_played,no completed match reached a deciding set
2018,2018-W-FC-2018-WG-M-BLR-GER-01,Fed Cup WG R1: BLR vs GER,D,20180210,Hard,4,4,3:4,4,0,3,0,0,0,3,6,,not_observable_no_deciding_set_reached_6_all,"3 deciding set(s), none reached 6-6"
2018,2018-W-FC-2018-WG-M-CZE-SUI-01,Fed Cup WG R1: CZE vs SUI,D,20180210,Hard,4,3,3:3,3,0,1,0,0,0,1,6,,not_observable_no_deciding_set_reached_6_all,"1 deciding set(s), none reached 6-6"
2018,2018-W-FC-2018-WG-M-CZE-USA-01,Fed Cup WG F: CZE vs USA,D,20181110,Hard,4,3,3:3,3,0,2,0,0,0,2,7,,not_observable_no_deciding_set_reached_6_all,"2 deciding set(s), none reached 6-6"
2018,2018-W-FC-2018-WG-M-FRA-USA-01,Fed Cup WG SF: FRA vs USA,D,20180421,Clay,4,4,3:4,4,0,1,0,0,0,1,6,,not_observable_no_deciding_set_reached_6_all,"1 deciding set(s), none reached 6-6"
2018,2018-W-FC-2018-WG-M-GER-CZE-01,Fed Cup WG SF: GER vs CZE,D,20180421,Clay,4,4,3:4,4,0,0,0,0,0,0,0,,not_observable_no_deciding_set_played,no completed match reached a deciding set
2018,2018-W-FC-2018-WG-M-NED-USA-01,Fed Cup WG R1: NED vs USA,D,20180210,Hard,4,3,3:3,3,0,1,0,0,0,1,6,,not_observable_no_deciding_set_reached_6_all,"1 deciding set(s), none reached 6-6"
2018,2018-W-FC-2018-WG-PO-BEL-ITA-01,Fed Cup WG R1: BEL vs ITA,D,20180421,Clay,4,3,3:3,3,0,1,0,0,0,1,6,,not_observable_no_deciding_set_reached_6_all,"1 deciding set(s), none reached 6-6"
2018,2018-W-FC-2018-WG-PO-BLR-SVK-01,Fed Cup WG R1: BLR vs SVK,D,20180421,Hard,4,4,3:4,4,0,1,1,0,0,0,7,5:1,deciding_set_tiebreak_at_6_all_length_unknown,1 deciding set(s) ended 7-6; the score string does not say whether the tiebreak was first to 7 or first to 10
2018,2018-W-FC-2018-WG-PO-NED-AUS-01,Fed Cup WG R1: NED vs AUS,D,20180421,Hard,4,4,3:4,4,0,0,0,0,0,0,0,,not_observable_no_deciding_set_played,no completed match reached a deciding set
2018,2018-W-FC-2018-WG-PO-SUI-ROU-01,Fed Cup WG R1: SUI vs ROU,D,20180421,Clay,4,3,3:3,3,0,1,0,0,0,1,6,,not_observable_no_deciding_set_reached_6_all,"1 deciding set(s), none reached 6-6"
2018,2018-W-FC-2018-WG2-M-CAN-ROU-01,Fed Cup WG2 R1: CAN vs ROU,D,20180210,Hard,4,3,3:3,3,0,1,0,0,0,1,6,,not_observable_no_deciding_set_reached_6_all,"1 deciding set(s), none reached 6-6"
2018,2018-W-FC-2018-WG2-M-ESP-ITA-01,Fed Cup WG2 R1: ESP vs ITA,D,20180210,Clay,4,4,3:4,4,0,2,1,0,0,1,7,7:1,deciding_set_tiebreak_at_6_all_length_unknown,1 deciding set(s) ended 7-6; the score string does not say whether the tiebreak was first to 7 or first to 10
2018,2018-W-FC-2018-WG2-M-RUS-SVK-01,Fed Cup WG2 R1: RUS vs SVK,D,20180210,Hard,4,4,3:4,4,0,2,0,0,0,2,6,,not_observable_no_deciding_set_reached_6_all,"2 deciding set(s), none reached 6-6"
2018,2018-W-FC-2018-WG2-M-UKR-AUS-01,Fed Cup WG2 R1: UKR vs AUS,D,20180210,Grass,4,4,3:4,4,0,2,0,0,0,2,6,,not_observable_no_deciding_set_reached_6_all,"2 deciding set(s), none reached 6-6"
2018,2018-W-FC-2018-WG2-PO-ESP-PAR-01,Fed Cup WG2 R1: ESP vs PAR,D,20180421,Clay,4,3,3:3,3,0,1,0,0,0,1,6,,not_observable_no_deciding_set_reached_6_all,"1 deciding set(s), none reached 6-6"
2018,2018-W-FC-2018-WG2-PO-GBR-JPN-01,Fed Cup WG2 R1: GBR vs JPN,D,20180421,Hard,4,4,3:4,4,0,0,0,0,0,0,0,,not_observable_no_deciding_set_played,no completed match reached a deciding set
2018,2018-W-FC-2018-WG2-PO-RUS-LAT-01,Fed Cup WG2 R1: RUS vs LAT,D,20180421,Clay,4,4,3:4,4,0,1,0,0,0,1,6,,not_observable_no_deciding_set_reached_6_all,"1 deciding set(s), none reached 6-6"
2018,2018-W-FC-2018-WG2-PO-UKR-CAN-01,Fed Cup WG2 R1: UKR vs CAN,D,20180421,Hard,4,4,3:4,3,1,2,1,0,0,1,7,5:1,deciding_set_tiebreak_at_6_all_length_unknown,1 deciding set(s) ended 7-6; the score string does not say whether the tiebreak was first to 7 or first to 10
2019,2019-0300,Luxembourg,I,20191014,Hard,32,31,3:31,28,3,13,2,0,0,11,7,6:2,deciding_set_tiebreak_at_6_all_length_unknown,2 deciding set(s) ended 7-6; the score string does not say whether the tiebreak was first to 7 or first to 10
2019,2019-0405,Hiroshima,I,20190909,Hard,32,31,3:31,30,1,12,0,0,0,12,7,,not_observable_no_deciding_set_reached_6_all,"12 deciding set(s), none reached 6-6"
2019,2019-0406,Strasbourg,I,20190520,Clay,32,31,3:31,31,0,7,1,0,0,6,7,3:1,deciding_set_tiebreak_at_6_all_length_unknown,1 deciding set(s) ended 7-6; the score string does not say whether the tiebreak was first to 7 or first to 10
2019,2019-0466,Palermo,I,20190722,Clay,32,31,3:31,29,2,7,2,0,0,5,7,4:2,deciding_set_tiebreak_at_6_all_length_unknown,2 deciding set(s) ended 7-6; the score string does not say whether the tiebreak was first to 7 or first to 10
2019,2019-0528,Linz,I,20191007,Hard,32,31,3:31,29,2,11,1,0,0,10,7,5:1,deciding_set_tiebreak_at_6_all_length_unknown,1 deciding set(s) ended 7-6; the score string does not say whether the tiebreak was first to 7 or first to 10
2019,2019-0703,San Jose,P,20190729,Hard,32,27,3:27,27,0,10,1,0,0,9,7,3:1,deciding_set_tiebreak_at_6_all_length_unknown,1 deciding set(s) ended 7-6; the score string does not say whether the tiebreak was first to 7 or first to 10
2019,2019-0718,Dubai,P,20190218,Hard,64,55,3:55,53,2,22,3,0,0,19,7,3:1|6:1|7:1,deciding_set_tiebreak_at_6_all_length_unknown,3 deciding set(s) ended 7-6; the score string does not say whether the tiebreak was first to 7 or first to 10
2019,2019-0804,Charleston,P,20190401,Clay,64,55,3:55,55,0,16,1,0,0,15,7,4:1,deciding_set_tiebreak_at_6_all_length_unknown,1 deciding set(s) ended 7-6; the score string does not say whether the tiebreak was first to 7 or first to 10
2019,2019-0806,Toronto,P,20190805,Hard,64,55,3:55,50,5,20,4,0,0,16,7,5:3|7:1,deciding_set_tiebreak_at_6_all_length_unknown,4 deciding set(s) ended 7-6; the score string does not say whether the tiebreak was first to 7 or first to 10
2019,2019-0808,Shenzhen Finals,F,20191028,Hard,8,15,3:15,12,3,7,0,0,0,7,6,,not_observable_no_deciding_set_reached_6_all,"7 deciding set(s), none reached 6-6"
2019,2019-0825,Tashkent,I,20190923,Hard,32,31,3:31,30,1,10,1,0,0,9,7,7:1,deciding_set_tiebreak_at_6_all_length_unknown,1 deciding set(s) ended 7-6; the score string does not say whether the tiebreak was first to 7 or first to 10
2019,2019-0894,Bogota,I,20190408,Clay,32,31,3:31,31,0,15,0,0,0,15,7,,not_observable_no_deciding_set_reached_6_all,"15 deciding set(s), none reached 6-6"
2019,2019-1003,Doha,P,20190211,Hard,32,27,3:27,27,0,9,1,0,0,8,7,4:1,deciding_set_tiebreak_at_6_all_length_unknown,1 deciding set(s) ended 7-6; the score string does not say whether the tiebreak was first to 7 or first to 10
2019,2019-1005,Rabat,I,20190429,Clay,32,31,3:31,31,0,12,1,0,0,11,7,7:1,deciding_set_tiebreak_at_6_all_length_unknown,1 deciding set(s) ended 7-6; the score string does not say whether the tiebreak was first to 7 or first to 10
2019,2019-1023,Guangzhou,I,20190916,Hard,32,31,3:31,28,3,13,2,0,0,11,7,5:1|6:1,deciding_set_tiebreak_at_6_all_length_unknown,2 deciding set(s) ended 7-6; the score string does not say whether the tiebreak was first to 7 or first to 10
2019,2019-1024,Seoul,I,20190916,Hard,32,31,3:31,31,0,9,2,0,0,7,7,2:1|3:1,deciding_set_tiebreak_at_6_all_length_unknown,2 deciding set(s) ended 7-6; the score string does not say whether the tiebreak was first to 7 or first to 10
2019,2019-1027,Istanbul,I,20190422,Clay,32,31,3:31,28,3,12,1,0,0,11,7,2:1,deciding_set_tiebreak_at_6_all_length_unknown,1 deciding set(s) ended 7-6; the score string does not say whether the tiebreak was first to 7 or first to 10
2019,2019-1039,Monterrey,I,20190401,Hard,32,31,3:31,30,1,10,3,0,0,7,7,5:3,deciding_set_tiebreak_at_6_all_length_unknown,3 deciding set(s) ended 7-6; the score string does not say whether the tiebreak was first to 7 or first to 10
2019,2019-1049,Auckland,I,20181231,Hard,32,31,3:31,29,2,10,1,0,0,9,7,6:1,deciding_set_tiebreak_at_6_all_length_unknown,1 deciding set(s) ended 7-6; the score string does not say whether the tiebreak was first to 7 or first to 10
2019,2019-1050,Hobart,I,20190107,Hard,32,31,3:31,31,0,10,1,0,0,9,7,3:1,deciding_set_tiebreak_at_6_all_length_unknown,1 deciding set(s) ended 7-6; the score string does not say whether the tiebreak was first to 7 or first to 10
2019,2019-1051,Stuttgart,P,20190422,Clay,32,27,3:27,24,3,7,1,0,0,6,7,4:1,deciding_set_tiebreak_at_6_all_length_unknown,1 deciding set(s) ended 7-6; the score string does not say whether the tiebreak was first to 7 or first to 10
2019,2019-1052,Birmingham,P,20190617,Grass,32,31,3:31,31,0,8,2,0,0,6,7,1:1|7:1,deciding_set_tiebreak_at_6_all_length_unknown,2 deciding set(s) ended 7-6; the score string does not say whether the tiebreak was first to 7 or first to 10
2019,2019-1056,Osaka,I,20190916,Hard,32,27,3:27,26,1,4,0,0,0,4,6,,not_observable_no_deciding_set_reached_6_all,"4 deciding set(s), none reached 6-6"
2019,2019-1063,Shenzhen,I,20181231,Hard,32,31,3:31,27,4,12,2,0,0,10,7,5:1|7:1,deciding_set_tiebreak_at_6_all_length_unknown,2 deciding set(s) ended 7-6; the score string does not say whether the tiebreak was first to 7 or first to 10
2019,2019-1068,Nurnberg,I,20190520,Clay,32,31,3:31,29,2,14,1,0,0,13,7,2:1,deciding_set_tiebreak_at_6_all_length_unknown,1 deciding set(s) ended 7-6; the score string does not say whether the tiebreak was first to 7 or first to 10
2019,2019-1072,Limoges,I,20191216,Hard,32,31,3:31,30,1,9,0,0,0,9,7,,not_observable_no_deciding_set_reached_6_all,"9 deciding set(s), none reached 6-6"
2019,2019-1075,Wuhan,P,20190923,Hard,64,55,3:55,51,4,20,1,0,0,19,7,5:1,deciding_set_tiebreak_at_6_all_length_unknown,1 deciding set(s) ended 7-6; the score string does not say whether the tiebreak was first to 7 or first to 10
2019,2019-1076,Tianjin,I,20191007,Hard,32,31,3:31,28,3,8,1,0,0,7,7,6:1,deciding_set_tiebreak_at_6_all_length_unknown,1 deciding set(s) ended 7-6; the score string does not say whether the tiebreak was first to 7 or first to 10
2019,2019-1077,Nanchang,I,20190909,Hard,32,31,3:31,29,2,10,1,0,0,9,7,5:1,deciding_set_tiebreak_at_6_all_length_unknown,1 deciding set(s) ended 7-6; the score string does not say whether the tiebreak was first to 7 or first to 10
2019,2019-1079,Bucharest,I,20190715,Clay,32,31,3:31,29,2,8,1,0,0,7,7,3:1,deciding_set_tiebreak_at_6_all_length_unknown,1 deciding set(s) ended 7-6; the score string does not say whether the tiebreak was first to 7 or first to 10
2019,2019-1080,Nottingham,I,20190610,Grass,32,31,3:31,30,1,14,3,0,0,11,7,3:1|4:2,deciding_set_tiebreak_at_6_all_length_unknown,3 deciding set(s) ended 7-6; the score string does not say whether the tiebreak was first to 7 or first to 10
2019,2019-1081,Zhuhai,F,20191022,Hard,12,15,3:15,15,0,5,0,0,0,5,7,,not_observable_no_deciding_set_reached_6_all,"5 deciding set(s), none reached 6-6"
2019,2019-1082,Prague,I,20190429,Clay,32,31,3:31,31,0,12,1,0,0,11,7,2:1,deciding_set_tiebreak_at_6_all_length_unknown,1 deciding set(s) ended 7-6; the score string does not say whether the tiebreak was first to 7 or first to 10
2019,2019-1086,St. Petersburg,P,20190128,Hard,32,27,3:27,26,1,6,0,0,0,6,6,,not_observable_no_deciding_set_reached_6_all,"6 deciding set(s), none reached 6-6"
2019,2019-1091,Mallorca,I,20190617,Grass,32,31,3:31,29,2,10,0,0,0,10,7,,not_observable_no_deciding_set_reached_6_all,"10 deciding set(s), none reached 6-6"
2019,2019-1094,Lausanne,I,20190715,Clay,32,31,3:31,30,1,13,0,0,0,13,7,,not_observable_no_deciding_set_reached_6_all,"13 deciding set(s), none reached 6-6"
2019,2019-1096,Hua Hin,I,20190128,Hard,32,31,3:31,29,2,10,2,0,0,8,7,3:1|9:1,deciding_set_tiebreak_at_6_all_length_unknown,2 deciding set(s) ended 7-6; the score string does not say whether the tiebreak was first to 7 or first to 10
2019,2019-1097,Budapest,I,20190218,Hard,32,31,3:31,31,0,13,2,0,0,11,7,4:1|7:1,deciding_set_tiebreak_at_6_all_length_unknown,2 deciding set(s) ended 7-6; the score string does not say whether the tiebreak was first to 7 or first to 10
2019,2019-1101,Lugano,I,20190408,Clay,32,31,3:31,31,0,15,3,0,0,12,7,2:2|6:1,deciding_set_tiebreak_at_6_all_length_unknown,3 deciding set(s) ended 7-6; the score string does not say whether the tiebreak was first to 7 or first to 10
2019,2019-2006,Jurmala,I,20190722,Clay,32,31,3:31,29,2,13,1,0,0,12,7,6:1,deciding_set_tiebreak_at_6_all_length_unknown,1 deciding set(s) ended 7-6; the score string does not say whether the tiebreak was first to 7 or first to 10
2019,2019-2008,Zhengzhou,P,20190909,Hard,32,27,3:27,27,0,10,2,0,0,8,7,5:1|6:1,deciding_set_tiebreak_at_6_all_length_unknown,2 deciding set(s) ended 7-6; the score string does not say whether the tiebreak was first to 7 or first to 10
2019,2019-2010,New York,I,20190819,Hard,32,29,3:29,27,2,10,3,0,0,7,7,3:2|6:1,deciding_set_tiebreak_at_6_all_length_unknown,3 deciding set(s) ended 7-6; the score string does not say whether the tiebreak was first to 7 or first to 10
2019,2019-520,Roland Garros,G,20190527,Clay,128,127,3:127,123,4,43,0,0,5,38,11,,deciding_set_extends_past_6_all_cap_unknown,5 deciding set(s) went past 7 games (longest 11); that rules out a tiebreak at 6-all but does not separate an advantage set from a tiebreak at a later game count
2019,2019-540,Wimbledon,G,20190701,Grass,128,127,3:127,124,3,36,0,0,3,33,13,,deciding_set_extends_past_6_all_cap_unknown,3 deciding set(s) went past 7 games (longest 13); that rules out a tiebreak at 6-all but does not separate an advantage set from a tiebreak at a later game count
2019,2019-560,Us Open,G,20190826,Hard,128,127,3:127,125,2,40,3,0,0,37,7,1:1|2:1|4:1,deciding_set_tiebreak_at_6_all_length_unknown,3 deciding set(s) ended 7-6; the score string does not say whether the tiebreak was first to 7 or first to 10
2019,2019-580,Australian Open,G,20190114,Hard,128,127,3:127,125,2,42,2,0,0,40,7,6:1|7:1,deciding_set_tiebreak_at_6_all_length_unknown,2 deciding set(s) ended 7-6; the score string does not say whether the tiebreak was first to 7 or first to 10
2019,2019-M001,Sydney,P,20190107,Hard,32,29,3:29,28,1,10,2,0,0,8,7,3:2,deciding_set_tiebreak_at_6_all_length_unknown,2 deciding set(s) ended 7-6; the score string does not say whether the tiebreak was first to 7 or first to 10
2019,2019-M004,Acapulco,I,20190225,Hard,32,31,3:31,27,4,9,0,0,0,9,7,,not_observable_no_deciding_set_reached_6_all,"9 deciding set(s), none reached 6-6"
2019,2019-M006,Indian Wells,PM,20190304,Hard,128,95,3:95,93,2,34,1,0,0,33,7,5:1,deciding_set_tiebreak_at_6_all_length_unknown,1 deciding set(s) ended 7-6; the score string does not say whether the tiebreak was first to 7 or first to 10
2019,2019-M007,Miami,PM,20190318,Hard,128,95,3:95,93,2,36,3,0,0,33,7,4:3,deciding_set_tiebreak_at_6_all_length_unknown,3 deciding set(s) ended 7-6; the score string does not say whether the tiebreak was first to 7 or first to 10
2019,2019-M009,Rome,P,20190513,Clay,64,55,3:55,47,8,22,2,0,0,20,7,4:2,deciding_set_tiebreak_at_6_all_length_unknown,2 deciding set(s) ended 7-6; the score string does not say whether the tiebreak was first to 7 or first to 10
2019,2019-M010,S-Hertogenbosch,I,20190610,Grass,32,31,3:31,31,0,8,1,0,0,7,7,5:1,deciding_set_tiebreak_at_6_all_length_unknown,1 deciding set(s) ended 7-6; the score string does not say whether the tiebreak was first to 7 or first to 10
2019,2019-M014,Moscow,I,20191014,Hard,32,27,3:27,27,0,12,0,0,0,12,7,,not_observable_no_deciding_set_reached_6_all,"12 deciding set(s), none reached 6-6"
2019,2019-M015,Beijing,PM,20190930,Hard,64,59,3:59,58,1,24,4,0,0,20,7,3:1|4:1|5:1|7:1,deciding_set_tiebreak_at_6_all_length_unknown,4 deciding set(s) ended 7-6; the score string does not say whether the tiebreak was first to 7 or first to 10
2019,2019-M016,Eastbourne,P,20190624,Grass,64,55,3:55,51,4,18,3,0,0,15,7,4:1|5:1|6:1,deciding_set_tiebreak_at_6_all_length_unknown,3 deciding set(s) ended 7-6; the score string does not say whether the tiebreak was first to 7 or first to 10
2019,2019-M020,Brisbane,P,20181231,Hard,32,29,3:29,29,0,12,1,0,0,11,7,3:1,deciding_set_tiebreak_at_6_all_length_unknown,1 deciding set(s) ended 7-6; the score string does not say whether the tiebreak was first to 7 or first to 10
2019,2019-M021,Madrid,PM,20190506,Clay,64,63,3:63,60,3,18,0,0,0,18,7,,not_observable_no_deciding_set_reached_6_all,"18 deciding set(s), none reached 6-6"
2019,2019-M024,Cincinnati,P,20190812,Hard,64,55,3:55,53,2,20,1,0,0,19,7,4:1,deciding_set_tiebreak_at_6_all_length_unknown,1 deciding set(s) ended 7-6; the score string does not say whether the tiebreak was first to 7 or first to 10
2019,2019-M035,Washington,I,20190729,Hard,32,31,3:31,31,0,12,1,0,0,11,7,6:1,deciding_set_tiebreak_at_6_all_length_unknown,1 deciding set(s) ended 7-6; the score string does not say whether the tiebreak was first to 7 or first to 10
2019,2019-W-FC-2019-G1-AM-A-M-COL-ECU-01,Fed Cup G1 RR: COL vs ECU,D,20190208,Clay,2,2,3:2,2,0,1,0,0,0,1,6,,not_observable_no_deciding_set_reached_6_all,"1 deciding set(s), none reached 6-6"
2019,2019-W-FC-2019-G1-AM-A-M-MEX-COL-01,Fed Cup G1 RR: MEX vs COL,D,20190206,Clay,2,2,3:2,2,0,0,0,0,0,0,0,,not_observable_no_deciding_set_played,no completed match reached a deciding set
2019,2019-W-FC-2019-G1-AM-A-M-MEX-ECU-01,Fed Cup G1 RR: MEX vs ECU,D,20190207,Clay,2,2,3:2,2,0,1,1,0,0,0,7,6:1,deciding_set_tiebreak_at_6_all_length_unknown,1 deciding set(s) ended 7-6; the score string does not say whether the tiebreak was first to 7 or first to 10
2019,2019-W-FC-2019-G1-AM-A-M-PAR-COL-01,Fed Cup G1 RR: PAR vs COL,D,20190207,Clay,2,2,3:2,2,0,0,0,0,0,0,0,,not_observable_no_deciding_set_played,no completed match reached a deciding set
2019,2019-W-FC-2019-G1-AM-A-M-PAR-ECU-01,Fed Cup G1 RR: PAR vs ECU,D,20190206,Clay,2,2,3:2,2,0,0,0,0,0,0,0,,not_observable_no_deciding_set_played,no completed match reached a deciding set
2019,2019-W-FC-2019-G1-AM-A-M-PAR-MEX-01,Fed Cup G1 RR: PAR vs MEX,D,20190208,Clay,2,2,3:2,2,0,0,0,0,0,0,0,,not_observable_no_deciding_set_played,no completed match reached a deciding set
2019,2019-W-FC-2019-G1-AM-B-M-ARG-BRA-01,Fed Cup G1 RR: ARG vs BRA,D,20190208,Clay,2,2,3:2,2,0,1,1,0,0,0,7,4:1,deciding_set_tiebreak_at_6_all_length_unknown,1 deciding set(s) ended 7-6; the score string does not say whether the tiebreak was first to 7 or first to 10
2019,2019-W-FC-2019-G1-AM-B-M-ARG-CHI-01,Fed Cup G1 RR: ARG vs CHI,D,20190207,Clay,2,2,3:2,2,0,0,0,0,0,0,0,,not_observable_no_deciding_set_played,no completed match reached a deciding set
2019,2019-W-FC-2019-G1-AM-B-M-ARG-PUR-01,Fed Cup G1 RR: ARG vs PUR,D,20190206,Clay,2,2,3:2,2,0,1,0,0,0,1,6,,not_observable_no_deciding_set_reached_6_all,"1 deciding set(s), none reached 6-6"
2019,2019-W-FC-2019-G1-AM-B-M-BRA-CHI-01,Fed Cup G1 RR: BRA vs CHI,D,20190206,Clay,2,2,3:2,2,0,1,0,0,0,1,6,,not_observable_no_deciding_set_reached_6_all,"1 deciding set(s), none reached 6-6"
2019,2019-W-FC-2019-G1-AM-B-M-BRA-PUR-01,Fed Cup G1 RR: BRA vs PUR,D,20190207,Clay,2,2,3:2,2,0,1,0,0,0,1,6,,not_observable_no_deciding_set_reached_6_all,"1 deciding set(s), none reached 6-6"
2019,2019-W-FC-2019-G1-AM-B-M-CHI-PUR-01,Fed Cup G1 RR: CHI vs PUR,D,20190208,Clay,2,2,3:2,2,0,0,0,0,0,0,0,,not_observable_no_deciding_set_played,no completed match reached a deciding set
2019,2019-W-FC-2019-G1-AM-PP3-4-MEX-CHI-01,Fed Cup G1 PM: MEX vs CHI,D,20190209,Clay,2,2,3:2,2,0,1,0,0,0,1,6,,not_observable_no_deciding_set_reached_6_all,"1 deciding set(s), none reached 6-6"
2019,2019-W-FC-2019-G1-AM-PPO-PAR-BRA-01,Fed Cup G1 PPO: PAR vs BRA,D,20190209,Clay,2,2,3:2,2,0,0,0,0,0,0,0,,not_observable_no_deciding_set_played,no completed match reached a deciding set
2019,2019-W-FC-2019-G1-AM-REL-COL-PUR-01,Fed Cup G1 REL: COL vs PUR,D,20190209,Clay,2,2,3:2,2,0,1,0,0,0,1,6,,not_observable_no_deciding_set_reached_6_all,"1 deciding set(s), none reached 6-6"
2019,2019-W-FC-2019-G1-AM-REL-ECU-ARG-01,Fed Cup G1 REL: ECU vs ARG,D,20190209,Clay,2,2,3:2,2,0,1,1,0,0,0,7,1:1,deciding_set_tiebreak_at_6_all_length_unknown,1 deciding set(s) ended 7-6; the score string does not say whether the tiebreak was first to 7 or first to 10
2019,2019-W-FC-2019-G1-AO-A-M-IND-THA-01,Fed Cup G1 RR: IND vs THA,D,20190207,Hard,2,2,3:2,2,0,2,0,0,0,2,6,,not_observable_no_deciding_set_reached_6_all,"2 deciding set(s), none reached 6-6"
2019,2019-W-FC-2019-G1-AO-A-M-KAZ-IND-01,Fed Cup G1 RR: KAZ vs IND,D,20190208,Hard,2,2,3:2,2,0,0,0,0,0,0,0,,not_observable_no_deciding_set_played,no completed match reached a deciding set
2019,2019-W-FC-2019-G1-AO-A-M-KAZ-THA-01,Fed Cup G1 RR: KAZ vs THA,D,20190206,Hard,2,2,3:2,2,0,0,0,0,0,0,0,,not_observable_no_deciding_set_played,no completed match reached a deciding set
2019,2019-W-FC-2019-G1-AO-B-M-CHN-INA-01,Fed Cup G1 RR: CHN vs INA,D,20190208,Hard,2,2,3:2,2,0,1,0,0,0,1,6,,not_observable_no_deciding_set_reached_6_all,"1 deciding set(s), none reached 6-6"
2019,2019-W-FC-2019-G1-AO-B-M-CHN-KOR-01,Fed Cup G1 RR: CHN vs KOR,D,20190207,Hard,2,2,3:2,2,0,1,0,0,0,1,6,,not_observable_no_deciding_set_reached_6_all,"1 deciding set(s), none reached 6-6"
2019,2019-W-FC-2019-G1-AO-B-M-CHN-POC-01,Fed Cup G1 RR: CHN vs POC,D,20190206,Hard,2,2,3:2,2,0,0,0,0,0,0,0,,not_observable_no_deciding_set_played,no completed match reached a deciding set
2019,2019-W-FC-2019-G1-AO-B-M-INA-POC-01,Fed Cup G1 RR: INA vs POC,D,20190207,Hard,2,2,3:2,2,0,1,0,0,0,1,6,,not_observable_no_deciding_set_reached_6_all,"1 deciding set(s), none reached 6-6"
2019,2019-W-FC-2019-G1-AO-B-M-KOR-INA-01,Fed Cup G1 RR: KOR vs INA,D,20190206,Hard,2,2,3:2,2,0,0,0,0,0,0,0,,not_observable_no_deciding_set_played,no completed match reached a deciding set
2019,2019-W-FC-2019-G1-AO-B-M-KOR-POC-01,Fed Cup G1 RR: KOR vs POC,D,20190208,Hard,2,2,3:2,2,0,1,0,0,0,1,6,,not_observable_no_deciding_set_reached_6_all,"1 deciding set(s), none reached 6-6"
2019,2019-W-FC-2019-G1-AO-PP3-4-IND-KOR-01,Fed Cup G1 PM: IND vs KOR,D,20190209,Hard,2,2,3:2,2,0,1,0,0,0,1,6,,not_observable_no_deciding_set_reached_6_all,"1 deciding set(s), none reached 6-6"
2019,2019-W-FC-2019-G1-AO-PPO-CHN-KAZ-01,Fed Cup G1 PPO: CHN vs KAZ,D,20190209,Hard,2,2,3:2,2,0,1,0,0,0,1,6,,not_observable_no_deciding_set_reached_6_all,"1 deciding set(s), none reached 6-6"
2019,2019-W-FC-2019-G1-AO-REL-INA-THA-01,Fed Cup G1 REL: INA vs THA,D,20190209,Hard,2,2,3:2,2,0,2,1,0,0,1,7,5:1,deciding_set_tiebreak_at_6_all_length_unknown,1 deciding set(s) ended 7-6; the score string does not say whether the tiebreak was first to 7 or first to 10
2019,2019-W-FC-2019-G1-EPA-A-A-M-POL-DEN-01,Fed Cup G1 RR: POL vs DEN,D,20190208,Hard,2,2,3:2,2,0,0,0,0,0,0,0,,not_observable_no_deciding_set_played,no completed match reached a deciding set
2019,2019-W-FC-2019-G1-EPA-A-A-M-RUS-DEN-01,Fed Cup G1 RR: RUS vs DEN,D,20190207,Hard,2,2,3:2,2,0,0,0,0,0,0,0,,not_observable_no_deciding_set_played,no completed match reached a deciding set
2019,2019-W-FC-2019-G1-EPA-A-A-M-RUS-POL-01,Fed Cup G1 RR: RUS vs POL,D,20190206,Hard,2,2,3:2,2,0,0,0,0,0,0,0,,not_observable_no_deciding_set_played,no completed match reached a deciding set
2019,2019-W-FC-2019-G1-EPA-A-B-M-BUL-SWE-01,Fed Cup G1 RR: BUL vs SWE,D,20190208,Hard,2,2,3:2,2,0,0,0,0,0,0,0,,not_observable_no_deciding_set_played,no completed match reached a deciding set
2019,2019-W-FC-2019-G1-EPA-A-B-M-EST-BUL-01,Fed Cup G1 RR: EST vs BUL,D,20190206,Hard,2,2,3:2,2,0,1,0,0,0,1,6,,not_observable_no_deciding_set_reached_6_all,"1 deciding set(s), none reached 6-6"
2019,2019-W-FC-2019-G1-EPA-A-B-M-EST-SWE-01,Fed Cup G1 RR: EST vs SWE,D,20190207,Hard,2,2,3:2,2,0,0,0,0,0,0,0,,not_observable_no_deciding_set_played,no completed match reached a deciding set
2019,2019-W-FC-2019-G1-EPA-A-B-M-UKR-BUL-01,Fed Cup G1 RR: UKR vs BUL,D,20190207,Hard,2,2,3:2,2,0,0,0,0,0,0,0,,not_observable_no_deciding_set_played,no completed match reached a deciding set
2019,2019-W-FC-2019-G1-EPA-A-B-M-UKR-EST-01,Fed Cup G1 RR: UKR vs EST,D,20190208,Hard,2,2,3:2,2,0,0,0,0,0,0,0,,not_observable_no_deciding_set_played,no completed match reached a deciding set
2019,2019-W-FC-2019-G1-EPA-A-B-M-UKR-SWE-01,Fed Cup G1 RR: UKR vs SWE,D,20190206,Hard,2,2,3:2,2,0,0,0,0,0,0,0,,not_observable_no_deciding_set_played,no completed match reached a deciding set
2019,2019-W-FC-2019-G1-EPA-A-PP3-4-POL-UKR-01,Fed Cup G1 PM: POL vs UKR,D,20190209,Hard,2,2,3:2,2,0,1,0,0,0,1,6,,not_observable_no_deciding_set_reached_6_all,"1 deciding set(s), none reached 6-6"
2019,2019-W-FC-2019-G1-EPA-A-PPO-RUS-SWE-01,Fed Cup G1 PPO: RUS vs SWE,D,20190209,Hard,2,2,3:2,2,0,0,0,0,0,0,0,,not_observable_no_deciding_set_played,no completed match reached a deciding set
2019,2019-W-FC-2019-G1-EPA-A-REL-DEN-EST-01,Fed Cup G1 REL: DEN vs EST,D,20190209,Hard,2,2,3:2,2,0,1,0,0,0,1,6,,not_observable_no_deciding_set_reached_6_all,"1 deciding set(s), none reached 6-6"
2019,2019-W-FC-2019-G1-EPA-B-A-M-GBR-GRE-01,Fed Cup G1 RR: GBR vs GRE,D,20190207,Hard,2,2,3:2,2,0,2,0,0,0,2,6,,not_observable_no_deciding_set_reached_6_all,"2 deciding set(s), none reached 6-6"
2019,2019-W-FC-2019-G1-EPA-B-A-M-GBR-HUN-01,Fed Cup G1 RR: GBR vs HUN,D,20190208,Hard,2,2,3:2,2,0,2,2,0,0,0,7,1:1|4:1,deciding_set_tiebreak_at_6_all_length_unknown,2 deciding set(s) ended 7-6; the score string does not say whether the tiebreak was first to 7 or first to 10
2019,2019-W-FC-2019-G1-EPA-B-A-M-GBR-SLO-01,Fed Cup G1 RR: GBR vs SLO,D,20190206,Hard,2,2,3:2,2,0,0,0,0,0,0,0,,not_observable_no_deciding_set_played,no completed match reached a deciding set
2019,2019-W-FC-2019-G1-EPA-B-A-M-GRE-SLO-01,Fed Cup G1 RR: GRE vs SLO,D,20190208,Hard,2,2,3:2,2,0,2,0,0,0,2,6,,not_observable_no_deciding_set_reached_6_all,"2 deciding set(s), none reached 6-6"
2019,2019-W-FC-2019-G1-EPA-B-A-M-HUN-GRE-01,Fed Cup G1 RR: HUN vs GRE,D,20190206,Hard,2,2,3:2,2,0,0,0,0,0,0,0,,not_observable_no_deciding_set_played,no completed match reached a deciding set
2019,2019-W-FC-2019-G1-EPA-B-A-M-HUN-SLO-01,Fed Cup G1 RR: HUN vs SLO,D,20190207,Hard,2,2,3:2,2,0,1,0,0,0,1,6,,not_observable_no_deciding_set_reached_6_all,"1 deciding set(s), none reached 6-6"
2019,2019-W-FC-2019-G1-EPA-B-B-M-CRO-GEO-01,Fed Cup G1 RR: CRO vs GEO,D,20190207,Hard,2,2,3:2,2,0,1,0,0,0,1,7,,not_observable_no_deciding_set_reached_6_all,"1 deciding set(s), none reached 6-6"
2019,2019-W-FC-2019-G1-EPA-B-B-M-CRO-TUR-01,Fed Cup G1 RR: CRO vs TUR,D,20190206,Hard,2,2,3:2,2,0,1,0,0,0,1,6,,not_observable_no_deciding_set_reached_6_all,"1 deciding set(s), none reached 6-6"
2019,2019-W-FC-2019-G1-EPA-B-B-M-SRB-CRO-01,Fed Cup G1 RR: SRB vs CRO,D,20190208,Hard,2,2,3:2,2,0,2,1,0,0,1,7,7:1,deciding_set_tiebreak_at_6_all_length_unknown,1 deciding set(s) ended 7-6; the score string does not say whether the tiebreak was first to 7 or first to 10
2019,2019-W-FC-2019-G1-EPA-B-B-M-SRB-GEO-01,Fed Cup G1 RR: SRB vs GEO,D,20190206,Hard,2,2,3:2,2,0,0,0,0,0,0,0,,not_observable_no_deciding_set_played,no completed match reached a deciding set
2019,2019-W-FC-2019-G1-EPA-B-B-M-SRB-TUR-01,Fed Cup G1 RR: SRB vs TUR,D,20190207,Hard,2,2,3:2,2,0,1,0,0,0,1,6,,not_observable_no_deciding_set_reached_6_all,"1 deciding set(s), none reached 6-6"
2019,2019-W-FC-2019-G1-EPA-B-B-M-TUR-GEO-01,Fed Cup G1 RR: TUR vs GEO,D,20190208,Hard,2,2,3:2,2,0,0,0,0,0,0,0,,not_observable_no_deciding_set_played,no completed match reached a deciding set
2019,2019-W-FC-2019-G1-EPA-B-PP5-8-GRE-TUR-01,Fed Cup G1 PM: GRE vs TUR,D,20190209,Hard,2,2,3:2,1,1,1,0,0,0,1,6,,not_observable_no_deciding_set_reached_6_all,"1 deciding set(s), none reached 6-6"
2019,2019-W-FC-2019-G1-EPA-B-PP5-8-HUN-CRO-01,Fed Cup G1 PM: HUN vs CRO,D,20190209,Hard,2,2,3:2,1,1,1,0,0,0,1,6,,not_observable_no_deciding_set_reached_6_all,"1 deciding set(s), none reached 6-6"
2019,2019-W-FC-2019-G1-EPA-B-PPO-GBR-SRB-01,Fed Cup G1 PPO: GBR vs SRB,D,20190209,Hard,2,2,3:2,2,0,1,0,0,0,1,6,,not_observable_no_deciding_set_reached_6_all,"1 deciding set(s), none reached 6-6"
2019,2019-W-FC-2019-G1-EPA-B-REL-SLO-GEO-01,Fed Cup G1 REL: SLO vs GEO,D,20190209,Hard,2,2,3:2,1,1,0,0,0,0,0,0,,not_observable_no_deciding_set_played,no completed match reached a deciding set
2019,2019-W-FC-2019-G2-AM-A-A-M-BOL-PAN-01,Fed Cup G2 RR: BOL vs PAN,D,20190418,Clay,2,2,3:2,2,0,1,0,0,0,1,6,,not_observable_no_deciding_set_reached_6_all,"1 deciding set(s), none reached 6-6"
2019,2019-W-FC-2019-G2-AM-A-A-M-PER-BOL-01,Fed Cup G2 RR: PER vs BOL,D,20190419,Clay,2,2,3:2,2,0,1,0,0,0,1,6,,not_observable_no_deciding_set_reached_6_all,"1 deciding set(s), none reached 6-6"
2019,2019-W-FC-2019-G2-AM-A-A-M-PER-PAN-01,Fed Cup G2 RR: PER vs PAN,D,20190417,Clay,2,2,3:2,2,0,0,0,0,0,0,0,,not_observable_no_deciding_set_played,no completed match reached a deciding set
2019,2019-W-FC-2019-G2-AM-A-B-M-BAH-BAR-01,Fed Cup G2 RR: BAH vs BAR,D,20190417,Clay,2,2,3:2,2,0,0,0,0,0,0,0,,not_observable_no_deciding_set_played,no completed match reached a deciding set
2019,2019-W-FC-2019-G2-AM-A-B-M-BAH-TTO-01,Fed Cup G2 RR: BAH vs TTO,D,20190419,Clay,2,2,3:2,2,0,0,0,0,0,0,0,,not_observable_no_deciding_set_played,no completed match reached a deciding set
2019,2019-W-FC-2019-G2-AM-A-B-M-TTO-BAR-01,Fed Cup G2 RR: TTO vs BAR,D,20190418,Clay,2,2,3:2,2,0,0,0,0,0,0,0,,not_observable_no_deciding_set_played,no completed match reached a deciding set
2019,2019-W-FC-2019-G2-AM-A-PP3-4-BOL-TTO-01,Fed Cup G2 PM: BOL vs TTO,D,20190420,Clay,2,2,3:2,2,0,0,0,0,0,0,0,,not_observable_no_deciding_set_played,no completed match reached a deciding set
2019,2019-W-FC-2019-G2-AM-A-PP5-6-BAR-PAN-01,Fed Cup G2 PM: BAR vs PAN,D,20190420,Clay,2,2,3:2,2,0,0,0,0,0,0,0,,not_observable_no_deciding_set_played,no completed match reached a deciding set
2019,2019-W-FC-2019-G2-AM-A-PPO-PER-BAH-01,Fed Cup G2 PPO: PER vs BAH,D,20190420,Clay,2,2,3:2,2,0,0,0,0,0,0,0,,not_observable_no_deciding_set_played,no completed match reached a deciding set
2019,2019-W-FC-2019-G2-AM-B-A-M-CUB-DOM-01,Fed Cup G2 RR: CUB vs DOM,D,20190420,Hard,2,2,3:2,2,0,1,0,0,0,1,6,,not_observable_no_deciding_set_reached_6_all,"1 deciding set(s), none reached 6-6"
2019,2019-W-FC-2019-G2-AM-B-A-M-CUB-URU-01,Fed Cup G2 RR: CUB vs URU,D,20190418,Hard,2,2,3:2,2,0,0,0,0,0,0,0,,not_observable_no_deciding_set_played,no completed match reached a deciding set
2019,2019-W-FC-2019-G2-AM-B-A-M-DOM-URU-01,Fed Cup G2 RR: DOM vs URU,D,20190417,Hard,2,2,3:2,2,0,2,0,0,0,2,6,,not_observable_no_deciding_set_reached_6_all,"2 deciding set(s), none reached 6-6"
2019,2019-W-FC-2019-G2-AM-B-A-M-GUA-CUB-01,Fed Cup G2 RR: GUA vs CUB,D,20190417,Hard,2,2,3:2,2,0,0,0,0,0,0,0,,not_observable_no_deciding_set_played,no completed match reached a deciding set
2019,2019-W-FC-2019-G2-AM-B-A-M-GUA-DOM-01,Fed Cup G2 RR: GUA vs DOM,D,20190416,Hard,2,2,3:2,2,0,1,0,0,0,1,6,,not_observable_no_deciding_set_reached_6_all,"1 deciding set(s), none reached 6-6"
2019,2019-W-FC-2019-G2-AM-B-A-M-GUA-URU-01,Fed Cup G2 RR: GUA vs URU,D,20190419,Hard,2,2,3:2,2,0,1,0,0,0,1,6,,not_observable_no_deciding_set_reached_6_all,"1 deciding set(s), none reached 6-6"
2019,2019-W-FC-2019-G2-AM-B-A-M-VEN-CUB-01,Fed Cup G2 RR: VEN vs CUB,D,20190419,Hard,2,2,3:2,2,0,0,0,0,0,0,0,,not_observable_no_deciding_set_played,no completed match reached a deciding set
2019,2019-W-FC-2019-G2-AM-B-A-M-VEN-DOM-01,Fed Cup G2 RR: VEN vs DOM,D,20190418,Hard,2,2,3:2,2,0,0,0,0,0,0,0,,not_observable_no_deciding_set_played,no completed match reached a deciding set
2019,2019-W-FC-2019-G2-AM-B-A-M-VEN-GUA-01,Fed Cup G2 RR: VEN vs GUA,D,20190420,Hard,2,2,3:2,2,0,0,0,0,0,0,0,,not_observable_no_deciding_set_played,no completed match reached a deciding set
2019,2019-W-FC-2019-G2-AM-B-A-M-VEN-URU-01,Fed Cup G2 RR: VEN vs URU,D,20190416,Hard,2,2,3:2,2,0,1,0,0,0,1,6,,not_observable_no_deciding_set_reached_6_all,"1 deciding set(s), none reached 6-6"
2019,2019-W-FC-2019-G2-EPA-A-M-AUT-BIH-01,Fed Cup G2 RR: AUT vs BIH,D,20190208,Hard,2,2,3:2,2,0,0,0,0,0,0,0,,not_observable_no_deciding_set_played,no completed match reached a deciding set
2019,2019-W-FC-2019-G2-EPA-A-M-AUT-TUN-01,Fed Cup G2 RR: AUT vs TUN,D,20190206,Hard,2,2,3:2,2,0,1,0,0,0,1,6,,not_observable_no_deciding_set_reached_6_all,"1 deciding set(s), none reached 6-6"
2019,2019-W-FC-2019-G2-EPA-A-M-BIH-TUN-01,Fed Cup G2 RR: BIH vs TUN,D,20190207,Hard,2,2,3:2,2,0,0,0,0,0,0,0,,not_observable_no_deciding_set_played,no completed match reached a deciding set
2019,2019-W-FC-2019-G2-EPA-B-M-ISR-LUX-01,Fed Cup G2 RR: ISR vs LUX,D,20190208,Hard,2,2,3:2,2,0,0,0,0,0,0,0,,not_observable_no_deciding_set_played,no completed match reached a deciding set
2019,2019-W-FC-2019-G2-EPA-B-M-ISR-POR-01,Fed Cup G2 RR: ISR vs POR,D,20190206,Hard,2,2,3:2,2,0,0,0,0,0,0,0,,not_observable_no_deciding_set_played,no completed match reached a deciding set
2019,2019-W-FC-2019-G2-EPA-B-M-ISR-RSA-01,Fed Cup G2 RR: ISR vs RSA,D,20190207,Hard,2,2,3:2,2,0,1,0,0,0,1,6,,not_observable_no_deciding_set_reached_6_all,"1 deciding set(s), none reached 6-6"
2019,2019-W-FC-2019-G2-EPA-B-M-LUX-POR-01,Fed Cup G2 RR: LUX vs POR,D,20190207,Hard,2,2,3:2,2,0,0,0,0,0,0,0,,not_observable_no_deciding_set_played,no completed match reached a deciding set
2019,2019-W-FC-2019-G2-EPA-B-M-LUX-RSA-01,Fed Cup G2 RR: LUX vs RSA,D,20190206,Hard,2,2,3:2,2,0,0,0,0,0,0,0,,not_observable_no_deciding_set_played,no completed match reached a deciding set
2019,2019-W-FC-2019-G2-EPA-B-M-POR-RSA-01,Fed Cup G2 RR: POR vs RSA,D,20190208,Hard,2,2,3:2,2,0,0,0,0,0,0,0,,not_observable_no_deciding_set_played,no completed match reached a deciding set
2019,2019-W-FC-2019-G2-EPA-PPO-AUT-ISR-01,Fed Cup G2 PPO: AUT vs ISR,D,20190209,Hard,2,2,3:2,2,0,0,0,0,0,0,0,,not_observable_no_deciding_set_played,no completed match reached a deciding set
2019,2019-W-FC-2019-G2-EPA-PPO-LUX-TUN-01,Fed Cup G2 PPO: LUX vs TUN,D,20190209,Hard,2,2,3:2,2,0,0,0,0,0,0,0,,not_observable_no_deciding_set_played,no completed match reached a deciding set
2019,2019-W-FC-2019-G2-EPA-REL-BIH-POR-01,Fed Cup G2 REL: BIH vs POR,D,20190209,Hard,2,2,3:2,2,0,1,0,0,0,1,6,,not_observable_no_deciding_set_reached_6_all,"1 deciding set(s), none reached 6-6"
2019,2019-W-FC-2019-WG-M-AUS-USA-01,Fed Cup WG R1: AUS vs USA,D,20190209,Hard,4,4,3:4,4,0,1,0,0,0,1,6,,not_observable_no_deciding_set_reached_6_all,"1 deciding set(s), none reached 6-6"
2019,2019-W-FC-2019-WG-M-BLR-AUS-01,Fed Cup WG SF: BLR vs AUS,D,20190420,Hard,4,4,3:4,4,0,1,0,0,0,1,6,,not_observable_no_deciding_set_reached_6_all,"1 deciding set(s), none reached 6-6"
2019,2019-W-FC-2019-WG-M-CZE-ROU-01,Fed Cup WG R1: CZE vs ROU,D,20190209,Hard,4,4,3:4,4,0,1,0,0,0,1,6,,not_observable_no_deciding_set_reached_6_all,"1 deciding set(s), none reached 6-6"
2019,2019-W-FC-2019-WG-M-FRA-AUS-01,Fed Cup WG F: FRA vs AUS,D,20191109,Hard,4,4,3:4,4,0,1,1,0,0,0,7,1:1,deciding_set_tiebreak_at_6_all_length_unknown,1 deciding set(s) ended 7-6; the score string does not say whether the tiebreak was first to 7 or first to 10
2019,2019-W-FC-2019-WG-M-FRA-BEL-01,Fed Cup WG R1: FRA vs BEL,D,20190209,Hard,4,3,3:3,3,0,1,0,0,0,1,6,,not_observable_no_deciding_set_reached_6_all,"1 deciding set(s), none reached 6-6"
2019,2019-W-FC-2019-WG-M-GER-BLR-01,Fed Cup WG R1: GER vs BLR,D,20190209,Hard,4,3,3:3,3,0,0,0,0,0,0,0,,not_observable_no_deciding_set_played,no completed match reached a deciding set
2019,2019-W-FC-2019-WG-M-ROU-FRA-01,Fed Cup WG SF: ROU vs FRA,D,20190420,Clay,4,4,3:4,4,0,2,0,0,0,2,6,,not_observable_no_deciding_set_reached_6_all,"2 deciding set(s), none reached 6-6"
2019,2019-W-FC-2019-WG-PO-BEL-ESP-01,Fed Cup WG R1: BEL vs ESP,D,20190420,Hard,4,4,3:4,4,0,2,0,0,0,2,6,,not_observable_no_deciding_set_reached_6_all,"2 deciding set(s), none reached 6-6"
2019,2019-W-FC-2019-WG-PO-CZE-CAN-01,Fed Cup WG R1: CZE vs CAN,D,20190420,Clay,4,3,3:3,3,0,0,0,0,0,0,0,,not_observable_no_deciding_set_played,no completed match reached a deciding set
2019,2019-W-FC-2019-WG-PO-LAT-GER-01,Fed Cup WG R1: LAT vs GER,D,20190419,Hard,4,3,3:3,3,0,1,0,0,0,1,6,,not_observable_no_deciding_set_reached_6_all,"1 deciding set(s), none reached 6-6"
2019,2019-W-FC-2019-WG-PO-USA-SUI-01,Fed Cup WG R1: USA vs SUI,D,20190420,Hard,4,4,3:4,4,0,0,0,0,0,0,0,,not_observable_no_deciding_set_played,no completed match reached a deciding set
2019,2019-W-FC-2019-WG2-M-CAN-NED-01,Fed Cup WG2 R1: CAN vs NED,D,20190209,Clay,4,3,3:3,3,0,1,0,0,0,1,6,,not_observable_no_deciding_set_reached_6_all,"1 deciding set(s), none reached 6-6"
2019,2019-W-FC-2019-WG2-M-ESP-JPN-01,Fed Cup WG2 R1: ESP vs JPN,D,20190209,Hard,4,4,3:4,4,0,2,1,0,0,1,7,2:1,deciding_set_tiebreak_at_6_all_length_unknown,1 deciding set(s) ended 7-6; the score string does not say whether the tiebreak was first to 7 or first to 10
2019,2019-W-FC-2019-WG2-M-SUI-ITA-01,Fed Cup WG2 R1: SUI vs ITA,D,20190209,Hard,4,3,3:3,3,0,1,0,0,0,1,6,,not_observable_no_deciding_set_reached_6_all,"1 deciding set(s), none reached 6-6"
2019,2019-W-FC-2019-WG2-M-SVK-LAT-01,Fed Cup WG2 R1: SVK vs LAT,D,20190209,Hard,4,3,3:3,3,0,1,0,0,0,1,6,,not_observable_no_deciding_set_reached_6_all,"1 deciding set(s), none reached 6-6"
2019,2019-W-FC-2019-WG2-PO-GBR-KAZ-01,Fed Cup WG2 R1: GBR vs KAZ,D,20190420,Hard,4,4,3:4,4,0,4,1,0,0,3,7,6:1,deciding_set_tiebreak_at_6_all_length_unknown,1 deciding set(s) ended 7-6; the score string does not say whether the tiebreak was first to 7 or first to 10
2019,2019-W-FC-2019-WG2-PO-JPN-NED-01,Fed Cup WG2 R1: JPN vs NED,D,20190420,Hard,4,3,3:3,3,0,0,0,0,0,0,0,,not_observable_no_deciding_set_played,no completed match reached a deciding set
2019,2019-W-FC-2019-WG2-PO-RUS-ITA-01,Fed Cup WG2 R1: RUS vs ITA,D,20190420,Clay,4,3,3:3,3,0,1,0,0,0,1,6,,not_observable_no_deciding_set_reached_6_all,"1 deciding set(s), none reached 6-6"
2019,2019-W-FC-2019-WG2-PO-SVK-BRA-01,Fed Cup WG2 R1: SVK vs BRA,D,20190420,Clay,4,3,3:3,3,0,0,0,0,0,0,0,,not_observable_no_deciding_set_played,no completed match reached a deciding set
2020,2020-0406,Strasbourg,I,20200921,Clay,32,29,3:29,28,1,9,1,0,0,8,7,3:1,deciding_set_tiebreak_at_6_all_length_unknown,1 deciding set(s) ended 7-6; the score string does not say whether the tiebreak was first to 7 or first to 10
2020,2020-0466,Palermo,I,20200803,Clay,32,31,3:31,31,0,12,0,0,0,12,7,,not_observable_no_deciding_set_reached_6_all,"12 deciding set(s), none reached 6-6"
2020,2020-0528,Linz,I,20201109,Hard,32,31,3:31,28,3,11,0,0,0,11,7,,not_observable_no_deciding_set_reached_6_all,"11 deciding set(s), none reached 6-6"
2020,2020-0718,Dubai,P,20200217,Hard,32,29,3:29,29,0,13,3,0,0,10,7,2:1|5:1|7:1,deciding_set_tiebreak_at_6_all_length_unknown,3 deciding set(s) ended 7-6; the score string does not say whether the tiebreak was first to 7 or first to 10
2020,2020-0800,Brisbane,P,20200106,Hard,32,29,3:29,29,0,15,1,0,0,14,7,3:1,deciding_set_tiebreak_at_6_all_length_unknown,1 deciding set(s) ended 7-6; the score string does not say whether the tiebreak was first to 7 or first to 10
2020,2020-1003,Doha,P,20200224,Hard,64,55,3:55,53,2,20,3,0,0,17,7,3:1|4:1|8:1,deciding_set_tiebreak_at_6_all_length_unknown,3 deciding set(s) ended 7-6; the score string does not say whether the tiebreak was first to 7 or first to 10
2020,2020-1039,Monterrey,I,20200302,Hard,32,31,3:31,30,1,12,1,0,0,11,7,7:1,deciding_set_tiebreak_at_6_all_length_unknown,1 deciding set(s) ended 7-6; the score string does not say whether the tiebreak was first to 7 or first to 10
2020,2020-1049,Auckland,I,20200106,Hard,32,31,3:31,30,1,10,0,0,0,10,7,,not_observable_no_deciding_set_reached_6_all,"10 deciding set(s), none reached 6-6"
2020,2020-1050,Hobart,I,20200113,Hard,32,31,3:31,29,2,14,3,0,0,11,7,3:1|4:1|6:1,deciding_set_tiebreak_at_6_all_length_unknown,3 deciding set(s) ended 7-6; the score string does not say whether the tiebreak was first to 7 or first to 10
2020,2020-1063,Shenzhen,I,20200106,Hard,32,31,3:31,31,0,12,1,0,0,11,7,5:1,deciding_set_tiebreak_at_6_all_length_unknown,1 deciding set(s) ended 7-6; the score string does not say whether the tiebreak was first to 7 or first to 10
2020,2020-1082,Prague,I,20200810,Clay,32,31,3:31,29,2,11,3,0,0,8,7,3:1|4:1|7:1,deciding_set_tiebreak_at_6_all_length_unknown,3 deciding set(s) ended 7-6; the score string does not say whether the tiebreak was first to 7 or first to 10
2020,2020-1086,St. Petersburg,P,20200210,Hard,32,27,3:27,26,1,10,1,0,0,9,7,3:1,deciding_set_tiebreak_at_6_all_length_unknown,1 deciding set(s) ended 7-6; the score string does not say whether the tiebreak was first to 7 or first to 10
2020,2020-1096,Hua Hin,I,20200210,Hard,32,31,3:31,31,0,7,1,0,0,6,7,5:1,deciding_set_tiebreak_at_6_all_length_unknown,1 deciding set(s) ended 7-6; the score string does not say whether the tiebreak was first to 7 or first to 10
2020,2020-2011,Lyon,I,20200302,Hard,32,31,3:31,30,1,17,3,0,0,14,7,2:2|5:1,deciding_set_tiebreak_at_6_all_length_unknown,3 deciding set(s) ended 7-6; the score string does not say whether the tiebreak was first to 7 or first to 10
2020,2020-2020,Istanbul,I,20200907,Clay,32,29,3:29,27,2,10,1,0,0,9,7,4:1,deciding_set_tiebreak_at_6_all_length_unknown,1 deciding set(s) ended 7-6; the score string does not say whether the tiebreak was first to 7 or first to 10
2020,2020-2022,Lexington,I,20200810,Hard,32,31,3:31,30,1,9,1,0,0,8,7,5:1,deciding_set_tiebreak_at_6_all_length_unknown,1 deciding set(s) ended 7-6; the score string does not say whether the tiebreak was first to 7 or first to 10
2020,2020-2025,Ostrava,P,20201019,Hard,32,27,3:27,27,0,9,2,0,0,7,7,2:1|6:1,deciding_set_tiebreak_at_6_all_length_unknown,2 deciding set(s) ended 7-6; the score string does not say whether the tiebreak was first to 7 or first to 10
2020,2020-520,Roland Garros,G,20200928,Clay,128,127,3:127,124,3,41,0,0,3,38,9,,deciding_set_extends_past_6_all_cap_unknown,3 deciding set(s) went past 7 games (longest 9); that rules out a tiebreak at 6-all but does not separate an advantage set from a tiebreak at a later game count
2020,2020-560,Us Open,G,20200831,Hard,128,127,3:127,126,1,41,6,0,0,35,7,2:2|3:1|4:1|6:1|7:1,deciding_set_tiebreak_at_6_all_length_unknown,6 deciding set(s) ended 7-6; the score string does not say whether the tiebreak was first to 7 or first to 10
2020,2020-580,Australian Open,G,20200120,Hard,128,127,3:127,127,0,38,3,0,0,35,7,5:1|6:1|7:1,deciding_set_tiebreak_at_6_all_length_unknown,3 deciding set(s) ended 7-6; the score string does not say whether the tiebreak was first to 7 or first to 10
2020,2020-M004,Acapulco,I,20200224,Hard,32,31,3:31,31,0,13,0,0,0,13,6,,not_observable_no_deciding_set_reached_6_all,"13 deciding set(s), none reached 6-6"
2020,2020-M009,Rome,P,20200914,Clay,64,55,3:55,52,3,16,2,0,0,14,7,4:1|5:1,deciding_set_tiebreak_at_6_all_length_unknown,2 deciding set(s) ended 7-6; the score string does not say whether the tiebreak was first to 7 or first to 10
2020,2020-M024,Cincinnati,P,20200824,Hard,64,55,3:55,54,1,17,2,0,0,15,7,0:1|1:1,deciding_set_tiebreak_at_6_all_length_unknown,2 deciding set(s) ended 7-6; the score string does not say whether the tiebreak was first to 7 or first to 10
2020,2020-M056,Adelaide,P,20200113,Hard,32,29,3:29,28,1,5,1,0,0,4,7,5:1,deciding_set_tiebreak_at_6_all_length_unknown,1 deciding set(s) ended 7-6; the score string does not say whether the tiebreak was first to 7 or first to 10
2020,2020-W-FC-2020-G1-AM-A-M-COL-VEN-01,Fed Cup G1 RR: COL vs VEN,D,20200205,Clay,2,2,3:2,2,0,0,0,0,0,0,0,,not_observable_no_deciding_set_played,no completed match reached a deciding set
2020,2020-W-FC-2020-G1-AM-A-M-PAR-COL-01,Fed Cup G1 RR: PAR vs COL,D,20200207,Clay,2,2,3:2,2,0,0,0,0,0,0,0,,not_observable_no_deciding_set_played,no completed match reached a deciding set
2020,2020-W-FC-2020-G1-AM-A-M-PAR-VEN-01,Fed Cup G1 RR: PAR vs VEN,D,20200206,Clay,2,2,3:2,2,0,1,0,0,0,1,6,,not_observable_no_deciding_set_reached_6_all,"1 deciding set(s), none reached 6-6"
2020,2020-W-FC-2020-G1-AM-B-M-ARG-CHI-01,Fed Cup G1 RR: ARG vs CHI,D,20200206,Clay,2,2,3:2,2,0,0,0,0,0,0,0,,not_observable_no_deciding_set_played,no completed match reached a deciding set
2020,2020-W-FC-2020-G1-AM-B-M-ARG-MEX-01,Fed Cup G1 RR: ARG vs MEX,D,20200205,Clay,2,2,3:2,2,0,0,0,0,0,0,0,,not_observable_no_deciding_set_played,no completed match reached a deciding set
2020,2020-W-FC-2020-G1-AM-B-M-ARG-PER-01,Fed Cup G1 RR: ARG vs PER,D,20200207,Clay,2,2,3:2,2,0,0,0,0,0,0,0,,not_observable_no_deciding_set_played,no completed match reached a deciding set
2020,2020-W-FC-2020-G1-AM-B-M-CHI-MEX-01,Fed Cup G1 RR: CHI vs MEX,D,20200207,Clay,2,2,3:2,2,0,1,0,0,0,1,6,,not_observable_no_deciding_set_reached_6_all,"1 deciding set(s), none reached 6-6"
2020,2020-W-FC-2020-G1-AM-B-M-CHI-PER-01,Fed Cup G1 RR: CHI vs PER,D,20200205,Clay,2,2,3:2,2,0,0,0,0,0,0,0,,not_observable_no_deciding_set_played,no completed match reached a deciding set
2020,2020-W-FC-2020-G1-AM-B-M-MEX-PER-01,Fed Cup G1 RR: MEX vs PER,D,20200206,Clay,2,2,3:2,2,0,0,0,0,0,0,0,,not_observable_no_deciding_set_played,no completed match reached a deciding set
2020,2020-W-FC-2020-G1-AM-PPO-ARG-COL-01,Fed Cup G1 PPO: ARG vs COL,D,20200208,Clay,2,2,3:2,2,0,0,0,0,0,0,0,,not_observable_no_deciding_set_played,no completed match reached a deciding set
2020,2020-W-FC-2020-G1-AM-PPO-PAR-MEX-01,Fed Cup G1 PPO: PAR vs MEX,D,20200208,Clay,2,2,3:2,2,0,1,0,0,0,1,6,,not_observable_no_deciding_set_reached_6_all,"1 deciding set(s), none reached 6-6"
2020,2020-W-FC-2020-G1-AM-REL-VEN-CHI-01,Fed Cup G1 REL: VEN vs CHI,D,20200208,Clay,2,2,3:2,2,0,1,0,0,0,1,6,,not_observable_no_deciding_set_reached_6_all,"1 deciding set(s), none reached 6-6"
2020,2020-W-FC-2020-G1-AO-A-M-CHN-INA-01,Fed Cup G1 RR: CHN vs INA,D,20200304,Hard,2,2,3:2,2,0,0,0,0,0,0,0,,not_observable_no_deciding_set_played,no completed match reached a deciding set
2020,2020-W-FC-2020-G1-AO-A-M-CHN-IND-01,Fed Cup G1 RR: CHN vs IND,D,20200303,Hard,2,2,3:2,2,0,1,0,0,0,1,6,,not_observable_no_deciding_set_reached_6_all,"1 deciding set(s), none reached 6-6"
2020,2020-W-FC-2020-G1-AO-A-M-CHN-KOR-01,Fed Cup G1 RR: CHN vs KOR,D,20200307,Hard,2,2,3:2,2,0,0,0,0,0,0,0,,not_observable_no_deciding_set_played,no completed match reached a deciding set
2020,2020-W-FC-2020-G1-AO-A-M-CHN-TPE-01,Fed Cup G1 RR: CHN vs TPE,D,20200305,Hard,2,2,3:2,2,0,0,0,0,0,0,0,,not_observable_no_deciding_set_played,no completed match reached a deciding set
2020,2020-W-FC-2020-G1-AO-A-M-CHN-UZB-01,Fed Cup G1 RR: CHN vs UZB,D,20200306,Hard,2,2,3:2,2,0,0,0,0,0,0,0,,not_observable_no_deciding_set_played,no completed match reached a deciding set
2020,2020-W-FC-2020-G1-AO-A-M-INA-KOR-01,Fed Cup G1 RR: INA vs KOR,D,20200306,Hard,2,2,3:2,2,0,0,0,0,0,0,0,,not_observable_no_deciding_set_played,no completed match reached a deciding set
2020,2020-W-FC-2020-G1-AO-A-M-INA-UZB-01,Fed Cup G1 RR: INA vs UZB,D,20200305,Hard,2,2,3:2,2,0,1,0,0,0,1,6,,not_observable_no_deciding_set_reached_6_all,"1 deciding set(s), none reached 6-6"
2020,2020-W-FC-2020-G1-AO-A-M-IND-INA-01,Fed Cup G1 RR: IND vs INA,D,20200307,Hard,2,2,3:2,2,0,1,0,0,0,1,6,,not_observable_no_deciding_set_reached_6_all,"1 deciding set(s), none reached 6-6"
2020,2020-W-FC-2020-G1-AO-A-M-IND-KOR-01,Fed Cup G1 RR: IND vs KOR,D,20200305,Hard,2,2,3:2,2,0,0,0,0,0,0,0,,not_observable_no_deciding_set_played,no completed match reached a deciding set
2020,2020-W-FC-2020-G1-AO-A-M-IND-UZB-01,Fed Cup G1 RR: IND vs UZB,D,20200304,Hard,2,2,3:2,2,0,1,0,0,0,1,7,,not_observable_no_deciding_set_reached_6_all,"1 deciding set(s), none reached 6-6"
2020,2020-W-FC-2020-G1-AO-A-M-KOR-UZB-01,Fed Cup G1 RR: KOR vs UZB,D,20200303,Hard,2,2,3:2,2,0,1,0,0,0,1,6,,not_observable_no_deciding_set_reached_6_all,"1 deciding set(s), none reached 6-6"
2020,2020-W-FC-2020-G1-AO-A-M-TPE-INA-01,Fed Cup G1 RR: TPE vs INA,D,20200303,Hard,2,2,3:2,2,0,2,0,0,0,2,6,,not_observable_no_deciding_set_reached_6_all,"2 deciding set(s), none reached 6-6"
2020,2020-W-FC-2020-G1-AO-A-M-TPE-IND-01,Fed Cup G1 RR: TPE vs IND,D,20200306,Hard,2,2,3:2,2,0,2,1,0,0,1,7,6:1,deciding_set_tiebreak_at_6_all_length_unknown,1 deciding set(s) ended 7-6; the score string does not say whether the tiebreak was first to 7 or first to 10
2020,2020-W-FC-2020-G1-AO-A-M-TPE-KOR-01,Fed Cup G1 RR: TPE vs KOR,D,20200304,Hard,2,2,3:2,2,0,0,0,0,0,0,0,,not_observable_no_deciding_set_played,no completed match reached a deciding set
2020,2020-W-FC-2020-G1-AO-A-M-TPE-UZB-01,Fed Cup G1 RR: TPE vs UZB,D,20200307,Hard,2,2,3:2,2,0,0,0,0,0,0,0,,not_observable_no_deciding_set_played,no completed match reached a deciding set
2020,2020-W-FC-2020-G1-EPA-A-A-M-CRO-BUL-01,Fed Cup G1 RR: CRO vs BUL,D,20200205,Hard,2,2,3:2,2,0,1,0,0,0,1,6,,not_observable_no_deciding_set_reached_6_all,"1 deciding set(s), none reached 6-6"
2020,2020-W-FC-2020-G1-EPA-A-A-M-UKR-BUL-01,Fed Cup G1 RR: UKR vs BUL,D,20200206,Hard,2,2,3:2,2,0,0,0,0,0,0,0,,not_observable_no_deciding_set_played,no completed match reached a deciding set
2020,2020-W-FC-2020-G1-EPA-A-A-M-UKR-CRO-01,Fed Cup G1 RR: UKR vs CRO,D,20200207,Hard,2,2,3:2,2,0,1,0,0,0,1,6,,not_observable_no_deciding_set_reached_6_all,"1 deciding set(s), none reached 6-6"
2020,2020-W-FC-2020-G1-EPA-A-B-M-AUT-GRE-01,Fed Cup G1 RR: AUT vs GRE,D,20200206,Hard,2,2,3:2,2,0,1,0,0,0,1,7,,not_observable_no_deciding_set_reached_6_all,"1 deciding set(s), none reached 6-6"
2020,2020-W-FC-2020-G1-EPA-A-B-M-EST-AUT-01,Fed Cup G1 RR: EST vs AUT,D,20200207,Hard,2,2,3:2,2,0,0,0,0,0,0,0,,not_observable_no_deciding_set_played,no completed match reached a deciding set
2020,2020-W-FC-2020-G1-EPA-A-B-M-EST-GRE-01,Fed Cup G1 RR: EST vs GRE,D,20200205,Hard,2,2,3:2,2,0,2,1,0,0,1,7,8:1,deciding_set_tiebreak_at_6_all_length_unknown,1 deciding set(s) ended 7-6; the score string does not say whether the tiebreak was first to 7 or first to 10
2020,2020-W-FC-2020-G1-EPA-A-B-M-ITA-AUT-01,Fed Cup G1 RR: ITA vs AUT,D,20200205,Hard,2,2,3:2,2,0,1,0,0,0,1,6,,not_observable_no_deciding_set_reached_6_all,"1 deciding set(s), none reached 6-6"
2020,2020-W-FC-2020-G1-EPA-A-B-M-ITA-EST-01,Fed Cup G1 RR: ITA vs EST,D,20200206,Hard,2,2,3:2,2,0,1,1,0,0,0,7,4:1,deciding_set_tiebreak_at_6_all_length_unknown,1 deciding set(s) ended 7-6; the score string does not say whether the tiebreak was first to 7 or first to 10
2020,2020-W-FC-2020-G1-EPA-A-B-M-ITA-GRE-01,Fed Cup G1 RR: ITA vs GRE,D,20200207,Hard,2,2,3:2,2,0,0,0,0,0,0,0,,not_observable_no_deciding_set_played,no completed match reached a deciding set
2020,2020-W-FC-2020-G1-EPA-A-PPO-CRO-ITA-01,Fed Cup G1 PPO: CRO vs ITA,D,20200208,Hard,2,2,3:2,2,0,0,0,0,0,0,0,,not_observable_no_deciding_set_played,no completed match reached a deciding set
2020,2020-W-FC-2020-G1-EPA-A-PPO-UKR-EST-01,Fed Cup G1 PPO: UKR vs EST,D,20200208,Hard,2,2,3:2,2,0,1,0,0,0,1,6,,not_observable_no_deciding_set_reached_6_all,"1 deciding set(s), none reached 6-6"
2020,2020-W-FC-2020-G1-EPA-A-REL-BUL-GRE-01,Fed Cup G1 REL: BUL vs GRE,D,20200208,Hard,2,2,3:2,2,0,0,0,0,0,0,0,,not_observable_no_deciding_set_played,no completed match reached a deciding set
2020,2020-W-FC-2020-G1-EPA-B-A-M-SRB-LUX-01,Fed Cup G1 RR: SRB vs LUX,D,20200206,Hard,2,2,3:2,2,0,0,0,0,0,0,0,,not_observable_no_deciding_set_played,no completed match reached a deciding set
2020,2020-W-FC-2020-G1-EPA-B-A-M-SRB-SWE-01,Fed Cup G1 RR: SRB vs SWE,D,20200207,Hard,2,2,3:2,2,0,1,0,0,0,1,6,,not_observable_no_deciding_set_reached_6_all,"1 deciding set(s), none reached 6-6"
2020,2020-W-FC-2020-G1-EPA-B-A-M-SWE-LUX-01,Fed Cup G1 RR: SWE vs LUX,D,20200205,Hard,2,2,3:2,2,0,1,0,0,0,1,6,,not_observable_no_deciding_set_reached_6_all,"1 deciding set(s), none reached 6-6"
2020,2020-W-FC-2020-G1-EPA-B-B-M-POL-SLO-01,Fed Cup G1 RR: POL vs SLO,D,20200206,Hard,2,2,3:2,2,0,0,0,0,0,0,0,,not_observable_no_deciding_set_played,no completed match reached a deciding set
2020,2020-W-FC-2020-G1-EPA-B-B-M-POL-TUR-01,Fed Cup G1 RR: POL vs TUR,D,20200207,Hard,2,2,3:2,2,0,0,0,0,0,0,0,,not_observable_no_deciding_set_played,no completed match reached a deciding set
2020,2020-W-FC-2020-G1-EPA-B-B-M-TUR-SLO-01,Fed Cup G1 RR: TUR vs SLO,D,20200205,Hard,2,2,3:2,2,0,1,0,0,0,1,6,,not_observable_no_deciding_set_reached_6_all,"1 deciding set(s), none reached 6-6"
2020,2020-W-FC-2020-G1-EPA-B-PPO-POL-SWE-01,Fed Cup G1 PPO: POL vs SWE,D,20200208,Hard,2,2,3:2,2,0,1,0,0,0,1,6,,not_observable_no_deciding_set_reached_6_all,"1 deciding set(s), none reached 6-6"
2020,2020-W-FC-2020-G1-EPA-B-PPO-SRB-SLO-01,Fed Cup G1 PPO: SRB vs SLO,D,20200208,Hard,2,2,3:2,2,0,0,0,0,0,0,0,,not_observable_no_deciding_set_played,no completed match reached a deciding set
2020,2020-W-FC-2020-G1-EPA-B-REL-LUX-TUR-01,Fed Cup G1 REL: LUX vs TUR,D,20200208,Hard,2,2,3:2,2,0,0,0,0,0,0,0,,not_observable_no_deciding_set_played,no completed match reached a deciding set
2020,2020-W-FC-2020-G2-AO-B-A-M-NZL-MGL-01,Fed Cup G2 RR: NZL vs MGL,D,20200205,Hard,2,2,3:2,2,0,0,0,0,0,0,0,,not_observable_no_deciding_set_played,no completed match reached a deciding set
2020,2020-W-FC-2020-G2-AO-B-A-M-NZL-PAK-01,Fed Cup G2 RR: NZL vs PAK,D,20200206,Hard,2,2,3:2,2,0,0,0,0,0,0,0,,not_observable_no_deciding_set_played,no completed match reached a deciding set
2020,2020-W-FC-2020-G2-AO-B-A-M-PAK-MGL-01,Fed Cup G2 RR: PAK vs MGL,D,20200204,Hard,2,2,3:2,2,0,0,0,0,0,0,0,,not_observable_no_deciding_set_played,no completed match reached a deciding set
2020,2020-W-FC-2020-G2-AO-B-A-M-SGP-MGL-01,Fed Cup G2 RR: SGP vs MGL,D,20200206,Hard,2,2,3:2,2,0,0,0,0,0,0,0,,not_observable_no_deciding_set_played,no completed match reached a deciding set
2020,2020-W-FC-2020-G2-AO-B-A-M-SGP-NZL-01,Fed Cup G2 RR: SGP vs NZL,D,20200207,Hard,2,2,3:2,2,0,0,0,0,0,0,0,,not_observable_no_deciding_set_played,no completed match reached a deciding set
2020,2020-W-FC-2020-G2-AO-B-A-M-SGP-PAK-01,Fed Cup G2 RR: SGP vs PAK,D,20200205,Hard,2,2,3:2,2,0,0,0,0,0,0,0,,not_observable_no_deciding_set_played,no completed match reached a deciding set
2020,2020-W-FC-2020-G2-AO-B-B-M-PHI-GUM-01,Fed Cup G2 RR: PHI vs GUM,D,20200204,Hard,2,2,3:2,2,0,0,0,0,0,0,0,,not_observable_no_deciding_set_played,no completed match reached a deciding set
2020,2020-W-FC-2020-G2-AO-B-B-M-PHI-TKM-01,Fed Cup G2 RR: PHI vs TKM,D,20200207,Hard,2,2,3:2,2,0,0,0,0,0,0,0,,not_observable_no_deciding_set_played,no completed match reached a deciding set
2020,2020-W-FC-2020-G2-AO-B-B-M-THA-GUM-01,Fed Cup G2 RR: THA vs GUM,D,20200207,Hard,2,2,3:2,2,0,0,0,0,0,0,0,,not_observable_no_deciding_set_played,no completed match reached a deciding set
2020,2020-W-FC-2020-G2-AO-B-B-M-THA-PHI-01,Fed Cup G2 RR: THA vs PHI,D,20200206,Hard,2,2,3:2,2,0,0,0,0,0,0,0,,not_observable_no_deciding_set_played,no completed match reached a deciding set
2020,2020-W-FC-2020-G2-AO-B-B-M-THA-TKM-01,Fed Cup G2 RR: THA vs TKM,D,20200204,Hard,2,2,3:2,2,0,0,0,0,0,0,0,,not_observable_no_deciding_set_played,no completed match reached a deciding set
2020,2020-W-FC-2020-G2-AO-B-B-M-TKM-GUM-01,Fed Cup G2 RR: TKM vs GUM,D,20200205,Hard,2,2,3:2,2,0,0,0,0,0,0,0,,not_observable_no_deciding_set_played,no completed match reached a deciding set
2020,2020-W-FC-2020-G2-AO-B-PP3-4-THA-PAK-01,Fed Cup G2 PM: THA vs PAK,D,20200208,Hard,2,2,3:2,2,0,1,0,0,0,1,6,,not_observable_no_deciding_set_reached_6_all,"1 deciding set(s), none reached 6-6"
2020,2020-W-FC-2020-G2-AO-B-PP5-6-GUM-MGL-01,Fed Cup G2 PM: GUM vs MGL,D,20200208,Hard,2,2,3:2,2,0,1,0,0,0,1,6,,not_observable_no_deciding_set_reached_6_all,"1 deciding set(s), none reached 6-6"
2020,2020-W-FC-2020-G2-AO-B-PP7-8-SGP-TKM-01,Fed Cup G2 PM: SGP vs TKM,D,20200208,Hard,2,2,3:2,2,0,0,0,0,0,0,0,,not_observable_no_deciding_set_played,no completed match reached a deciding set
2020,2020-W-FC-2020-G2-AO-B-PPO-NZL-PHI-01,Fed Cup G2 PPO: NZL vs PHI,D,20200208,Hard,2,2,3:2,2,0,0,0,0,0,0,0,,not_observable_no_deciding_set_played,no completed match reached a deciding set
2020,2020-W-FC-2020-G2-EPA-A-M-GEO-MDA-01,Fed Cup G2 RR: GEO vs MDA,D,20200205,Hard,2,2,3:2,2,0,0,0,0,0,0,0,,not_observable_no_deciding_set_played,no completed match reached a deciding set
2020,2020-W-FC-2020-G2-EPA-A-M-ISR-GEO-01,Fed Cup G2 RR: ISR vs GEO,D,20200204,Hard,2,2,3:2,2,0,1,0,0,0,1,6,,not_observable_no_deciding_set_reached_6_all,"1 deciding set(s), none reached 6-6"
2020,2020-W-FC-2020-G2-EPA-A-M-ISR-MDA-01,Fed Cup G2 RR: ISR vs MDA,D,20200206,Hard,2,2,3:2,2,0,0,0,0,0,0,0,,not_observable_no_deciding_set_played,no completed match reached a deciding set
2020,2020-W-FC-2020-G2-EPA-A-M-ISR-TUN-01,Fed Cup G2 RR: ISR vs TUN,D,20200205,Hard,2,2,3:2,2,0,0,0,0,0,0,0,,not_observable_no_deciding_set_played,no completed match reached a deciding set
2020,2020-W-FC-2020-G2-EPA-A-M-TUN-GEO-01,Fed Cup G2 RR: TUN vs GEO,D,20200206,Hard,2,2,3:2,2,0,0,0,0,0,0,0,,not_observable_no_deciding_set_played,no completed match reached a deciding set
2020,2020-W-FC-2020-G2-EPA-A-M-TUN-MDA-01,Fed Cup G2 RR: TUN vs MDA,D,20200204,Hard,2,2,3:2,2,0,0,0,0,0,0,0,,not_observable_no_deciding_set_played,no completed match reached a deciding set
2020,2020-W-FC-2020-G2-EPA-B-M-DEN-EGY-01,Fed Cup G2 RR: DEN vs EGY,D,20200206,Hard,2,2,3:2,2,0,0,0,0,0,0,0,,not_observable_no_deciding_set_played,no completed match reached a deciding set
2020,2020-W-FC-2020-G2-EPA-B-M-DEN-FIN-01,Fed Cup G2 RR: DEN vs FIN,D,20200204,Hard,2,2,3:2,2,0,1,0,0,0,1,6,,not_observable_no_deciding_set_reached_6_all,"1 deciding set(s), none reached 6-6"
2020,2020-W-FC-2020-G2-EPA-B-M-DEN-POR-01,Fed Cup G2 RR: DEN vs POR,D,20200205,Hard,2,2,3:2,2,0,0,0,0,0,0,0,,not_observable_no_deciding_set_played,no completed match reached a deciding set
2020,2020-W-FC-2020-G2-EPA-B-M-FIN-EGY-01,Fed Cup G2 RR: FIN vs EGY,D,20200205,Hard,2,2,3:2,2,0,0,0,0,0,0,0,,not_observable_no_deciding_set_played,no completed match reached a deciding set
2020,2020-W-FC-2020-G2-EPA-B-M-POR-EGY-01,Fed Cup G2 RR: POR vs EGY,D,20200204,Hard,2,2,3:2,2,0,2,1,0,0,1,7,6:1,deciding_set_tiebreak_at_6_all_length_unknown,1 deciding set(s) ended 7-6; the score string does not say whether the tiebreak was first to 7 or first to 10
2020,2020-W-FC-2020-G2-EPA-B-M-POR-FIN-01,Fed Cup G2 RR: POR vs FIN,D,20200206,Hard,2,2,3:2,2,0,0,0,0,0,0,0,,not_observable_no_deciding_set_played,no completed match reached a deciding set
2020,2020-W-FC-2020-G2-EPA-PPO-DEN-TUN-01,Fed Cup G2 PPO: DEN vs TUN,D,20200207,Hard,2,2,3:2,2,0,0,0,0,0,0,0,,not_observable_no_deciding_set_played,no completed match reached a deciding set
2020,2020-W-FC-2020-G2-EPA-PPO-GEO-FIN-01,Fed Cup G2 PPO: GEO vs FIN,D,20200207,Hard,2,2,3:2,2,0,0,0,0,0,0,0,,not_observable_no_deciding_set_played,no completed match reached a deciding set
2020,2020-W-FC-2020-G2-EPA-REL-EGY-MDA-01,Fed Cup G2 REL: EGY vs MDA,D,20200207,Hard,2,2,3:2,2,0,1,1,0,0,0,7,5:1,deciding_set_tiebreak_at_6_all_length_unknown,1 deciding set(s) ended 7-6; the score string does not say whether the tiebreak was first to 7 or first to 10
2020,2020-W-FC-2020-G2-EPA-REL-ISR-POR-01,Fed Cup G2 REL: ISR vs POR,D,20200207,Hard,2,2,3:2,2,0,0,0,0,0,0,0,,not_observable_no_deciding_set_played,no completed match reached a deciding set
2020,2020-W-FC-2020-QLS-M-BEL-KAZ-01,Fed Cup QLS R1: BEL vs KAZ,D,20200207,Hard,4,4,3:4,4,0,2,0,0,0,2,6,,not_observable_no_deciding_set_reached_6_all,"2 deciding set(s), none reached 6-6"
2020,2020-W-FC-2020-QLS-M-BLR-NED-01,Fed Cup QLS R1: BLR vs NED,D,20200207,Clay,4,4,3:4,4,0,2,0,0,0,2,6,,not_observable_no_deciding_set_reached_6_all,"2 deciding set(s), none reached 6-6"
2020,2020-W-FC-2020-QLS-M-ESP-JPN-01,Fed Cup QLS R1: ESP vs JPN,D,20200207,Clay,4,3,3:3,3,0,0,0,0,0,0,0,,not_observable_no_deciding_set_played,no completed match reached a deciding set
2020,2020-W-FC-2020-QLS-M-GBR-SVK-01,Fed Cup QLS R1: GBR vs SVK,D,20200207,Clay,4,4,3:4,4,0,1,0,0,0,1,7,,not_observable_no_deciding_set_reached_6_all,"1 deciding set(s), none reached 6-6"
2020,2020-W-FC-2020-QLS-M-GER-BRA-01,Fed Cup QLS R1: GER vs BRA,D,20200207,Clay,4,3,3:3,3,0,0,0,0,0,0,0,,not_observable_no_deciding_set_played,no completed match reached a deciding set
2020,2020-W-FC-2020-QLS-M-ROU-RUS-01,Fed Cup QLS R1: ROU vs RUS,D,20200207,Hard,4,4,3:4,4,0,2,0,0,0,2,7,,not_observable_no_deciding_set_reached_6_all,"2 deciding set(s), none reached 6-6"
2020,2020-W-FC-2020-QLS-M-SUI-CAN-01,Fed Cup QLS R1: SUI vs CAN,D,20200207,Hard,4,4,3:4,4,0,0,0,0,0,0,0,,not_observable_no_deciding_set_played,no completed match reached a deciding set
2020,2020-W-FC-2020-QLS-M-USA-LAT-01,Fed Cup QLS R1: USA vs LAT,D,20200207,Hard,4,4,3:4,4,0,2,1,0,0,1,7,4:1,deciding_set_tiebreak_at_6_all_length_unknown,1 deciding set(s) ended 7-6; the score string does not say whether the tiebreak was first to 7 or first to 10
2021,2021-1003,Doha,P,20210301,Hard,32,27,3:27,26,1,3,0,0,0,3,7,,not_observable_no_deciding_set_reached_6_all,"3 deciding set(s), none reached 6-6"
2021,2021-1017,Cincinnati,P,20210816,Hard,64,55,3:55,49,6,12,2,0,0,10,7,4:1|9:1,deciding_set_tiebreak_at_6_all_length_unknown,2 deciding set(s) ended 7-6; the score string does not say whether the tiebreak was first to 7 or first to 10
2021,2021-1038,Madrid,P,20210429,Clay,64,63,3:63,59,4,18,3,0,0,15,7,1:1|5:2,deciding_set_tiebreak_at_6_all_length_unknown,3 deciding set(s) ended 7-6; the score string does not say whether the tiebreak was first to 7 or first to 10
2021,2021-1039,Monterrey,I,20210315,Hard,32,31,3:31,30,1,4,0,0,0,4,6,,not_observable_no_deciding_set_reached_6_all,"4 deciding set(s), none reached 6-6"
2021,2021-1051,Stuttgart,P,20210419,Clay,32,27,3:27,27,0,10,0,0,0,10,7,,not_observable_no_deciding_set_reached_6_all,"10 deciding set(s), none reached 6-6"
2021,2021-1052,Birmingham,I,20210614,Grass,32,31,3:31,30,1,13,2,0,0,11,7,3:1|4:1,deciding_set_tiebreak_at_6_all_length_unknown,2 deciding set(s) ended 7-6; the score string does not say whether the tiebreak was first to 7 or first to 10
2021,2021-1080,Nottingham,I,20210607,Grass,64,47,3:47,45,2,21,4,0,0,17,7,3:2|4:1|6:1,deciding_set_tiebreak_at_6_all_length_unknown,4 deciding set(s) ended 7-6; the score string does not say whether the tiebreak was first to 7 or first to 10
2021,2021-1082,Prague,I,20210712,Hard,32,31,3:31,31,0,13,0,0,0,13,6,,not_observable_no_deciding_set_reached_6_all,"13 deciding set(s), none reached 6-6"
2021,2021-1086,St. Petersburg,P,20210315,Hard,32,27,3:27,25,2,13,4,0,0,9,7,2:2|4:1|5:1,deciding_set_tiebreak_at_6_all_length_unknown,4 deciding set(s) ended 7-6; the score string does not say whether the tiebreak was first to 7 or first to 10
2021,2021-1094,Lausanne,I,20210712,Clay,32,31,3:31,31,0,15,0,0,0,15,7,,not_observable_no_deciding_set_reached_6_all,"15 deciding set(s), none reached 6-6"
2021,2021-2002,Guadalajara,I,20210308,Hard,32,31,3:31,31,0,11,1,0,0,10,7,2:1,deciding_set_tiebreak_at_6_all_length_unknown,1 deciding set(s) ended 7-6; the score string does not say whether the tiebreak was first to 7 or first to 10
2021,2021-2011,Lyon,I,20210301,Hard,32,31,3:31,30,1,15,3,0,0,12,7,4:1|5:2,deciding_set_tiebreak_at_6_all_length_unknown,3 deciding set(s) ended 7-6; the score string does not say whether the tiebreak was first to 7 or first to 10
2021,2021-2012,Berlin,P,20210614,Grass,32,27,3:27,26,1,10,3,0,0,7,7,0:1|4:1|5:1,deciding_set_tiebreak_at_6_all_length_unknown,3 deciding set(s) ended 7-6; the score string does not say whether the tiebreak was first to 7 or first to 10
2021,2021-2017,Bad Homburg,W,20210621,Grass,32,31,3:31,30,1,12,3,0,0,9,7,3:1|5:1|7:1,deciding_set_tiebreak_at_6_all_length_unknown,3 deciding set(s) ended 7-6; the score string does not say whether the tiebreak was first to 7 or first to 10
2021,2021-2020,Istanbul,I,20210419,Clay,32,31,3:31,30,1,10,1,0,0,9,7,4:1,deciding_set_tiebreak_at_6_all_length_unknown,1 deciding set(s) ended 7-6; the score string does not say whether the tiebreak was first to 7 or first to 10
2021,2021-2025,Ostrava,P,20210920,Hard,32,27,3:27,27,0,6,1,0,0,5,7,7:1,deciding_set_tiebreak_at_6_all_length_unknown,1 deciding set(s) ended 7-6; the score string does not say whether the tiebreak was first to 7 or first to 10
2021,2021-2026,Yarra Valley Classic,P,20210131,Hard,64,53,3:53,48,5,12,1,0,0,11,7,7:1,deciding_set_tiebreak_at_6_all_length_unknown,1 deciding set(s) ended 7-6; the score string does not say whether the tiebreak was first to 7 or first to 10
2021,2021-2027,Phillip Island Trophy,I,20210213,Hard,64,55,3:55,50,5,24,3,0,0,21,7,4:1|5:1|6:1,deciding_set_tiebreak_at_6_all_length_unknown,3 deciding set(s) ended 7-6; the score string does not say whether the tiebreak was first to 7 or first to 10
2021,2021-2028,Abu Dhabi,P,20210106,Hard,64,63,3:63,62,1,18,3,0,0,15,7,3:2|8:1,deciding_set_tiebreak_at_6_all_length_unknown,3 deciding set(s) ended 7-6; the score string does not say whether the tiebreak was first to 7 or first to 10
2021,2021-2029,Gippsland Trophy,P,20210131,Hard,54,51,3:51,48,3,22,2,0,0,20,7,4:1|5:1,deciding_set_tiebreak_at_6_all_length_unknown,2 deciding set(s) ended 7-6; the score string does not say whether the tiebreak was first to 7 or first to 10
2021,2021-2030,Adelaide,P,20210222,Hard,32,27,3:27,26,1,10,0,0,0,10,7,,not_observable_no_deciding_set_reached_6_all,"10 deciding set(s), none reached 6-6"
2021,2021-2032,Grampians Trophy,P,20210203,Hard,32,26,3:26,20,6,2,0,0,0,2,6,,not_observable_no_deciding_set_reached_6_all,"2 deciding set(s), none reached 6-6"
2021,2021-2033,Charleston 2,W,20210412,Clay,32,31,3:31,28,3,7,1,0,0,6,7,1:1,deciding_set_tiebreak_at_6_all_length_unknown,1 deciding set(s) ended 7-6; the score string does not say whether the tiebreak was first to 7 or first to 10
2021,2021-2035,Belgrade,W,20210517,Clay,32,31,3:31,29,2,14,1,0,0,13,7,4:1,deciding_set_tiebreak_at_6_all_length_unknown,1 deciding set(s) ended 7-6; the score string does not say whether the tiebreak was first to 7 or first to 10
2021,2021-2036,Budapest,I,20210712,Clay,32,31,3:31,29,2,7,1,0,0,6,7,3:1,deciding_set_tiebreak_at_6_all_length_unknown,1 deciding set(s) ended 7-6; the score string does not say whether the tiebreak was first to 7 or first to 10
2021,2021-2037,Gdynia,I,20210719,Clay,32,31,3:31,31,0,14,1,0,0,13,7,3:1,deciding_set_tiebreak_at_6_all_length_unknown,1 deciding set(s) ended 7-6; the score string does not say whether the tiebreak was first to 7 or first to 10
2021,2021-2040,Cleveland,W,20210823,Hard,32,31,3:31,29,2,6,0,0,0,6,6,,not_observable_no_deciding_set_reached_6_all,"6 deciding set(s), none reached 6-6"
2021,2021-2041,Parma,W,20210517,Clay,32,31,3:31,30,1,8,0,0,0,8,7,,not_observable_no_deciding_set_reached_6_all,"8 deciding set(s), none reached 6-6"
2021,2021-2042,Hamburg,I,20210705,Clay,32,27,3:27,27,0,10,0,0,0,10,7,,not_observable_no_deciding_set_reached_6_all,"10 deciding set(s), none reached 6-6"
2021,2021-2043,Cluj-Napoca 1,I,20210802,Clay,32,30,3:30,27,3,2,1,0,0,1,7,5:1,deciding_set_tiebreak_at_6_all_length_unknown,1 deciding set(s) ended 7-6; the score string does not say whether the tiebreak was first to 7 or first to 10
2021,2021-2044,Portoroz,I,20210913,Hard,32,31,3:31,29,2,6,0,0,0,6,6,,not_observable_no_deciding_set_reached_6_all,"6 deciding set(s), none reached 6-6"
2021,2021-2046,Courmayeur,I,20211025,Hard,32,31,3:31,30,1,8,0,0,0,8,7,,not_observable_no_deciding_set_reached_6_all,"8 deciding set(s), none reached 6-6"
2021,2021-2047,Chicago 1,W,20210823,Hard,32,31,3:31,26,5,10,0,0,0,10,7,,not_observable_no_deciding_set_reached_6_all,"10 deciding set(s), none reached 6-6"
2021,2021-2048,Chicago 2,P,20210927,Hard,64,55,3:55,50,5,14,1,0,0,13,7,3:1,deciding_set_tiebreak_at_6_all_length_unknown,1 deciding set(s) ended 7-6; the score string does not say whether the tiebreak was first to 7 or first to 10
2021,2021-2049,Tenerife,I,20211018,Hard,32,31,3:31,30,1,9,3,0,0,6,7,4:2|6:1,deciding_set_tiebreak_at_6_all_length_unknown,3 deciding set(s) ended 7-6; the score string does not say whether the tiebreak was first to 7 or first to 10
2021,2021-2050,Cluj-Napoca 2,I,20211025,Hard,32,31,3:31,31,0,8,1,0,0,7,7,3:1,deciding_set_tiebreak_at_6_all_length_unknown,1 deciding set(s) ended 7-6; the score string does not say whether the tiebreak was first to 7 or first to 10
2021,2021-2053,Nur-Sultan,I,20210927,Hard,32,31,3:31,29,2,15,0,0,0,15,7,,not_observable_no_deciding_set_reached_6_all,"15 deciding set(s), none reached 6-6"
2021,2021-300,Luxembourg,I,20210913,Hard,32,29,3:29,29,0,11,3,0,0,8,7,1:1|2:1|4:1,deciding_set_tiebreak_at_6_all_length_unknown,3 deciding set(s) ended 7-6; the score string does not say whether the tiebreak was first to 7 or first to 10
2021,2021-406,Strasbourg,W,20210524,Clay,32,31,3:31,26,5,6,1,0,0,5,7,2:1,deciding_set_tiebreak_at_6_all_length_unknown,1 deciding set(s) ended 7-6; the score string does not say whether the tiebreak was first to 7 or first to 10
2021,2021-466,Palermo,I,20210719,Clay,32,31,3:31,30,1,7,1,0,0,6,7,2:1,deciding_set_tiebreak_at_6_all_length_unknown,1 deciding set(s) ended 7-6; the score string does not say whether the tiebreak was first to 7 or first to 10
2021,2021-520,Roland Garros,G,20210531,Clay,128,127,3:127,123,4,41,0,0,4,37,9,,deciding_set_extends_past_6_all_cap_unknown,4 deciding set(s) went past 7 games (longest 9); that rules out a tiebreak at 6-all but does not separate an advantage set from a tiebreak at a later game count
2021,2021-528,Linz,I,20211108,Hard,32,27,3:27,24,3,9,0,0,0,9,7,,not_observable_no_deciding_set_reached_6_all,"9 deciding set(s), none reached 6-6"
2021,2021-540,Wimbledon,G,20210628,Grass,128,127,3:127,125,2,41,0,0,5,36,11,,deciding_set_extends_past_6_all_cap_unknown,5 deciding set(s) went past 7 games (longest 11); that rules out a tiebreak at 6-all but does not separate an advantage set from a tiebreak at a later game count
2021,2021-560,Us Open,G,20210830,Hard,128,127,3:127,126,1,30,7,0,0,23,7,3:1|5:3|7:2|9:1,deciding_set_tiebreak_at_6_all_length_unknown,7 deciding set(s) ended 7-6; the score string does not say whether the tiebreak was first to 7 or first to 10
2021,2021-580,Australian Open,G,20210208,Hard,128,127,3:127,126,1,35,2,0,0,33,7,7:2,deciding_set_tiebreak_at_6_all_length_unknown,2 deciding set(s) ended 7-6; the score string does not say whether the tiebreak was first to 7 or first to 10
2021,2021-609,Indian Wells,P,20211006,Hard,128,95,3:95,91,4,32,3,0,0,29,7,2:1|3:1|4:1,deciding_set_tiebreak_at_6_all_length_unknown,3 deciding set(s) ended 7-6; the score string does not say whether the tiebreak was first to 7 or first to 10
2021,2021-650,Tokyo Olympics,O,20210724,Hard,64,64,3:64,60,4,19,1,0,0,18,7,3:1,deciding_set_tiebreak_at_6_all_length_unknown,1 deciding set(s) ended 7-6; the score string does not say whether the tiebreak was first to 7 or first to 10
2021,2021-703,San Jose,W,20210802,Hard,32,27,3:27,27,0,11,0,0,0,11,7,,not_observable_no_deciding_set_reached_6_all,"11 deciding set(s), none reached 6-6"
2021,2021-709,Rome,PM,20210510,Clay,64,55,3:55,51,4,19,2,0,0,17,7,1:1|6:1,deciding_set_tiebreak_at_6_all_length_unknown,2 deciding set(s) ended 7-6; the score string does not say whether the tiebreak was first to 7 or first to 10
2021,2021-710,Eastbourne,W,20210621,Grass,32,31,3:31,29,2,16,2,0,0,14,7,1:1|5:1,deciding_set_tiebreak_at_6_all_length_unknown,2 deciding set(s) ended 7-6; the score string does not say whether the tiebreak was first to 7 or first to 10
2021,2021-718,Dubai,P,20210307,Hard,64,55,3:55,54,1,15,1,0,0,14,7,8:1,deciding_set_tiebreak_at_6_all_length_unknown,1 deciding set(s) ended 7-6; the score string does not say whether the tiebreak was first to 7 or first to 10
2021,2021-730,Moscow,P,20211018,Hard,32,27,3:27,24,3,4,0,0,0,4,7,,not_observable_no_deciding_set_reached_6_all,"4 deciding set(s), none reached 6-6"
2021,2021-804,Charleston 1,P,20210405,Clay,64,55,3:55,53,2,13,0,0,0,13,7,,not_observable_no_deciding_set_reached_6_all,"13 deciding set(s), none reached 6-6"
2021,2021-806,Montreal,P,20210809,Hard,64,55,3:55,50,5,22,2,0,0,20,7,2:2,deciding_set_tiebreak_at_6_all_length_unknown,2 deciding set(s) ended 7-6; the score string does not say whether the tiebreak was first to 7 or first to 10
2021,2021-808,Guadalajara Finals,F,20211110,Hard,8,15,3:15,15,0,6,1,0,0,5,7,6:1,deciding_set_tiebreak_at_6_all_length_unknown,1 deciding set(s) ended 7-6; the score string does not say whether the tiebreak was first to 7 or first to 10
2021,2021-894,Bogota,I,20210405,Clay,32,31,3:31,31,0,11,0,0,0,11,7,,not_observable_no_deciding_set_reached_6_all,"11 deciding set(s), none reached 6-6"
2021,2021-902,Miami,P,20210322,Hard,128,95,3:95,90,5,42,5,0,0,37,7,3:1|4:2|6:1|9:1,deciding_set_tiebreak_at_6_all_length_unknown,5 deciding set(s) ended 7-6; the score string does not say whether the tiebreak was first to 7 or first to 10
2021,2021-W-FC-2021-FLS-A-M-FRA-CAN-01,BJK Cup Finals RR: FRA vs CAN,D,20211101,Hard,2,2,3:2,2,0,1,0,0,0,1,6,,not_observable_no_deciding_set_reached_6_all,"1 deciding set(s), none reached 6-6"
2021,2021-W-FC-2021-FLS-A-M-FRA-RTF-01,BJK Cup Finals RR: FRA vs RTF,D,20211103,Hard,2,2,3:2,2,0,2,0,0,0,2,6,,not_observable_no_deciding_set_reached_6_all,"2 deciding set(s), none reached 6-6"
2021,2021-W-FC-2021-FLS-A-M-RTF-CAN-01,BJK Cup Finals RR: RTF vs CAN,D,20211102,Hard,2,2,3:2,2,0,1,0,0,0,1,6,,not_observable_no_deciding_set_reached_6_all,"1 deciding set(s), none reached 6-6"
2021,2021-W-FC-2021-FLS-B-M-AUS-BEL-01,BJK Cup Finals RR: AUS vs BEL,D,20211102,Hard,2,2,3:2,2,0,2,0,0,0,2,6,,not_observable_no_deciding_set_reached_6_all,"2 deciding set(s), none reached 6-6"
2021,2021-W-FC-2021-FLS-B-M-AUS-BLR-01,BJK Cup Finals RR: AUS vs BLR,D,20211104,Hard,2,2,3:2,2,0,1,0,0,0,1,6,,not_observable_no_deciding_set_reached_6_all,"1 deciding set(s), none reached 6-6"
2021,2021-W-FC-2021-FLS-B-M-BLR-BEL-01,BJK Cup Finals RR: BLR vs BEL,D,20211101,Hard,2,2,3:2,2,0,1,0,0,0,1,6,,not_observable_no_deciding_set_reached_6_all,"1 deciding set(s), none reached 6-6"
2021,2021-W-FC-2021-FLS-C-M-ESP-SVK-01,BJK Cup Finals RR: ESP vs SVK,D,20211101,Hard,2,2,3:2,2,0,2,0,0,0,2,6,,not_observable_no_deciding_set_reached_6_all,"2 deciding set(s), none reached 6-6"
2021,2021-W-FC-2021-FLS-C-M-USA-ESP-01,BJK Cup Finals RR: USA vs ESP,D,20211103,Hard,2,2,3:2,2,0,0,0,0,0,0,0,,not_observable_no_deciding_set_played,no completed match reached a deciding set
2021,2021-W-FC-2021-FLS-C-M-USA-SVK-01,BJK Cup Finals RR: USA vs SVK,D,20211102,Hard,2,2,3:2,2,0,0,0,0,0,0,0,,not_observable_no_deciding_set_played,no completed match reached a deciding set
2021,2021-W-FC-2021-FLS-D-M-CZE-GER-01,BJK Cup Finals RR: CZE vs GER,D,20211101,Hard,2,2,3:2,2,0,1,0,0,0,1,6,,not_observable_no_deciding_set_reached_6_all,"1 deciding set(s), none reached 6-6"
2021,2021-W-FC-2021-FLS-D-M-CZE-SUI-01,BJK Cup Finals RR: CZE vs SUI,D,20211104,Hard,2,2,3:2,2,0,0,0,0,0,0,0,,not_observable_no_deciding_set_played,no completed match reached a deciding set
2021,2021-W-FC-2021-FLS-D-M-GER-SUI-01,BJK Cup Finals RR: GER vs SUI,D,20211102,Hard,2,2,3:2,2,0,1,0,0,0,1,6,,not_observable_no_deciding_set_reached_6_all,"1 deciding set(s), none reached 6-6"
2021,2021-W-FC-2021-FLS-M-AUS-SUI-01,BJK Cup Finals SF: AUS vs SUI,D,20211105,Hard,2,2,3:2,2,0,0,0,0,0,0,0,,not_observable_no_deciding_set_played,no completed match reached a deciding set
2021,2021-W-FC-2021-FLS-M-RTF-SUI-01,BJK Cup Finals F: RTF vs SUI,D,20211106,Hard,2,2,3:2,2,0,1,0,0,0,1,6,,not_observable_no_deciding_set_reached_6_all,"1 deciding set(s), none reached 6-6"
2021,2021-W-FC-2021-FLS-M-RTF-USA-01,BJK Cup Finals SF: RTF vs USA,D,20211105,Hard,2,2,3:2,2,0,2,0,0,0,2,6,,not_observable_no_deciding_set_reached_6_all,"2 deciding set(s), none reached 6-6"
2021,2021-W-FC-2021-POS-M-BRA-POL-01,BJK Cup Playoffs: BRA vs POL,D,20210417,Hard,4,4,3:4,4,0,2,1,0,0,1,7,4:1,deciding_set_tiebreak_at_6_all_length_unknown,1 deciding set(s) ended 7-6; the score string does not say whether the tiebreak was first to 7 or first to 10
2021,2021-W-FC-2021-POS-M-CAN-SRB-01,BJK Cup Playoffs: CAN vs SRB,D,20210417,Hard,4,3,3:3,3,0,2,0,0,0,2,6,,not_observable_no_deciding_set_reached_6_all,"2 deciding set(s), none reached 6-6"
2021,2021-W-FC-2021-POS-M-GBR-MEX-01,BJK Cup Playoffs: GBR vs MEX,D,20210417,Hard,4,4,3:4,4,0,0,0,0,0,0,0,,not_observable_no_deciding_set_played,no completed match reached a deciding set
2021,2021-W-FC-2021-POS-M-JPN-UKR-01,BJK Cup Playoffs: JPN vs UKR,D,20210417,Clay,4,3,3:3,3,0,1,1,0,0,0,7,3:1,deciding_set_tiebreak_at_6_all_length_unknown,1 deciding set(s) ended 7-6; the score string does not say whether the tiebreak was first to 7 or first to 10
2021,2021-W-FC-2021-POS-M-KAZ-ARG-01,BJK Cup Playoffs: KAZ vs ARG,D,20210417,Clay,4,4,3:4,3,1,2,0,0,0,2,6,,not_observable_no_deciding_set_reached_6_all,"2 deciding set(s), none reached 6-6"
2021,2021-W-FC-2021-POS-M-LAT-IND-01,BJK Cup Playoffs: LAT vs IND,D,20210417,Hard,4,3,3:3,3,0,1,0,0,0,1,7,,not_observable_no_deciding_set_reached_6_all,"1 deciding set(s), none reached 6-6"
2021,2021-W-FC-2021-POS-M-NED-CHN-01,BJK Cup Playoffs: NED vs CHN,D,20210417,Clay,4,4,3:4,3,1,2,0,0,0,2,6,,not_observable_no_deciding_set_reached_6_all,"2 deciding set(s), none reached 6-6"
2021,2021-W-FC-2021-POS-M-ROU-ITA-01,BJK Cup Playoffs: ROU vs ITA,D,20210417,Hard,4,4,3:4,4,0,2,1,0,0,1,7,5:1,deciding_set_tiebreak_at_6_all_length_unknown,1 deciding set(s) ended 7-6; the score string does not say whether the tiebreak was first to 7 or first to 10
2022,2022-1003,Doha,P,20220221,Hard,64,55,3:55,52,3,15,1,0,0,14,7,5:1,deciding_set_tiebreak_at_6_all_length_unknown,1 deciding set(s) ended 7-6; the score string does not say whether the tiebreak was first to 7 or first to 10
2022,2022-1005,Rabat,I,20220516,Clay,32,31,3:31,29,2,11,2,0,0,9,7,5:1|7:1,deciding_set_tiebreak_at_6_all_length_unknown,2 deciding set(s) ended 7-6; the score string does not say whether the tiebreak was first to 7 or first to 10
2022,2022-1017,Cincinnati,P,20220815,Hard,64,55,3:55,50,5,19,2,0,0,17,7,2:1|7:1,deciding_set_tiebreak_at_6_all_length_unknown,2 deciding set(s) ended 7-6; the score string does not say whether the tiebreak was first to 7 or first to 10
2022,2022-1024,Seoul,I,20220919,Hard,32,31,3:31,30,1,7,1,0,0,6,7,2:1,deciding_set_tiebreak_at_6_all_length_unknown,1 deciding set(s) ended 7-6; the score string does not say whether the tiebreak was first to 7 or first to 10
2022,2022-1038,Madrid,P,20220428,Clay,64,63,3:63,61,2,23,0,0,0,23,7,,not_observable_no_deciding_set_reached_6_all,"23 deciding set(s), none reached 6-6"
2022,2022-1039,Monterrey,I,20220228,Hard,32,31,3:31,30,1,15,5,0,0,10,7,3:2|4:1|5:1|7:1,deciding_set_tiebreak_at_6_all_length_unknown,5 deciding set(s) ended 7-6; the score string does not say whether the tiebreak was first to 7 or first to 10
2022,2022-1045,Washington,I,20220801,Hard,32,31,3:31,30,1,9,1,0,0,8,7,4:1,deciding_set_tiebreak_at_6_all_length_unknown,1 deciding set(s) ended 7-6; the score string does not say whether the tiebreak was first to 7 or first to 10
2022,2022-1051,Stuttgart,P,20220418,Clay,32,27,3:27,26,1,12,3,0,0,9,7,4:1|5:2,deciding_set_tiebreak_at_6_all_length_unknown,3 deciding set(s) ended 7-6; the score string does not say whether the tiebreak was first to 7 or first to 10
2022,2022-1052,Birmingham,I,20220613,Grass,32,31,3:31,30,1,13,3,0,0,10,7,3:1|5:1|6:1,deciding_set_tiebreak_at_6_all_length_unknown,3 deciding set(s) ended 7-6; the score string does not say whether the tiebreak was first to 7 or first to 10
2022,2022-1056,Tokyo,P,20220919,Hard,32,27,3:27,25,2,4,2,0,0,2,7,3:1|5:1,deciding_set_tiebreak_at_6_all_length_unknown,2 deciding set(s) ended 7-6; the score string does not say whether the tiebreak was first to 7 or first to 10
2022,2022-1080,Nottingham,I,20220606,Grass,32,31,3:31,29,2,9,1,0,0,8,7,3:1,deciding_set_tiebreak_at_6_all_length_unknown,1 deciding set(s) ended 7-6; the score string does not say whether the tiebreak was first to 7 or first to 10
2022,2022-1082,Prague,I,20220725,Hard,32,31,3:31,28,3,7,2,0,0,5,7,4:1|7:1,deciding_set_tiebreak_at_6_all_length_unknown,2 deciding set(s) ended 7-6; the score string does not say whether the tiebreak was first to 7 or first to 10
2022,2022-1086,St. Petersburg,P,20220207,Hard,32,31,3:31,30,1,13,1,0,0,12,7,5:1,deciding_set_tiebreak_at_6_all_length_unknown,1 deciding set(s) ended 7-6; the score string does not say whether the tiebreak was first to 7 or first to 10
2022,2022-1094,Lausanne,I,20220711,Clay,32,31,3:31,30,1,9,2,0,0,7,7,5:1|6:1,deciding_set_tiebreak_at_6_all_length_unknown,2 deciding set(s) ended 7-6; the score string does not say whether the tiebreak was first to 7 or first to 10
2022,2022-2002,Guadalajara,I,20220221,Hard,32,31,3:31,29,2,11,0,0,0,11,6,,not_observable_no_deciding_set_reached_6_all,"11 deciding set(s), none reached 6-6"
2022,2022-2011,Lyon,I,20220228,Hard,32,31,3:31,29,2,15,1,0,0,14,7,7:1,deciding_set_tiebreak_at_6_all_length_unknown,1 deciding set(s) ended 7-6; the score string does not say whether the tiebreak was first to 7 or first to 10
2022,2022-2012,Berlin,P,20220613,Grass,32,31,3:31,30,1,15,1,0,0,14,7,7:1,deciding_set_tiebreak_at_6_all_length_unknown,1 deciding set(s) ended 7-6; the score string does not say whether the tiebreak was first to 7 or first to 10
2022,2022-2014,Adelaide 1,P,20220103,Hard,30,29,3:29,29,0,11,1,0,0,10,7,5:1,deciding_set_tiebreak_at_6_all_length_unknown,1 deciding set(s) ended 7-6; the score string does not say whether the tiebreak was first to 7 or first to 10
2022,2022-2017,Bad Homburg,I,20220620,Grass,32,31,3:31,29,2,12,1,0,0,11,7,4:1,deciding_set_tiebreak_at_6_all_length_unknown,1 deciding set(s) ended 7-6; the score string does not say whether the tiebreak was first to 7 or first to 10
2022,2022-2020,Istanbul,I,20220418,Clay,32,31,3:31,28,3,5,1,0,0,4,7,5:1,deciding_set_tiebreak_at_6_all_length_unknown,1 deciding set(s) ended 7-6; the score string does not say whether the tiebreak was first to 7 or first to 10
2022,2022-2025,Ostrava,P,20221003,Hard,32,27,3:27,24,3,11,0,0,0,11,7,,not_observable_no_deciding_set_reached_6_all,"11 deciding set(s), none reached 6-6"
2022,2022-2030,Adelaide 2,I,20220110,Hard,32,31,3:31,29,2,12,2,0,0,10,7,3:1|4:1,deciding_set_tiebreak_at_6_all_length_unknown,2 deciding set(s) ended 7-6; the score string does not say whether the tiebreak was first to 7 or first to 10
2022,2022-2036,Budapest,I,20220711,Clay,32,31,3:31,29,2,7,0,0,0,7,7,,not_observable_no_deciding_set_reached_6_all,"7 deciding set(s), none reached 6-6"
2022,2022-2037,Warsaw,I,20220725,Clay,32,31,3:31,30,1,11,1,0,0,10,7,8:1,deciding_set_tiebreak_at_6_all_length_unknown,1 deciding set(s) ended 7-6; the score string does not say whether the tiebreak was first to 7 or first to 10
2022,2022-2040,Cleveland,I,20220822,Hard,32,31,3:31,30,1,9,0,0,0,9,7,,not_observable_no_deciding_set_reached_6_all,"9 deciding set(s), none reached 6-6"
2022,2022-2041,Parma,I,20220926,Clay,32,31,3:31,30,1,12,0,0,0,12,7,,not_observable_no_deciding_set_reached_6_all,"12 deciding set(s), none reached 6-6"
2022,2022-2042,Hamburg,I,20220718,Clay,32,31,3:31,29,2,6,0,0,0,6,6,,not_observable_no_deciding_set_reached_6_all,"6 deciding set(s), none reached 6-6"
2022,2022-2044,Portoroz,I,20220912,Hard,32,31,3:31,30,1,15,3,0,0,12,7,5:2|8:1,deciding_set_tiebreak_at_6_all_length_unknown,3 deciding set(s) ended 7-6; the score string does not say whether the tiebreak was first to 7 or first to 10
2022,2022-2050,Cluj Napoca,I,20221010,Hard,32,31,3:31,30,1,11,1,0,0,10,7,6:1,deciding_set_tiebreak_at_6_all_length_unknown,1 deciding set(s) ended 7-6; the score string does not say whether the tiebreak was first to 7 or first to 10
2022,2022-2058,Melbourne 1,I,20220103,Hard,32,31,3:31,30,1,11,0,0,0,11,7,,not_observable_no_deciding_set_reached_6_all,"11 deciding set(s), none reached 6-6"
2022,2022-2059,Melbourne 2,I,20220103,Hard,32,31,3:31,29,2,11,0,0,0,11,7,,not_observable_no_deciding_set_reached_6_all,"11 deciding set(s), none reached 6-6"
2022,2022-2060,Sydney,P,20220110,Hard,30,29,3:29,27,2,6,2,0,0,4,7,4:1|12:1,deciding_set_tiebreak_at_6_all_length_unknown,2 deciding set(s) ended 7-6; the score string does not say whether the tiebreak was first to 7 or first to 10
2022,2022-2070,Granby,I,20220822,Hard,32,31,3:31,30,1,8,1,0,0,7,7,4:1,deciding_set_tiebreak_at_6_all_length_unknown,1 deciding set(s) ended 7-6; the score string does not say whether the tiebreak was first to 7 or first to 10
2022,2022-2072,Monastir,I,20221003,Hard,32,31,3:31,29,2,9,0,0,0,9,7,,not_observable_no_deciding_set_reached_6_all,"9 deciding set(s), none reached 6-6"
2022,2022-2073,Tallinn,I,20220926,Hard,32,31,3:31,31,0,10,1,0,0,9,7,6:1,deciding_set_tiebreak_at_6_all_length_unknown,1 deciding set(s) ended 7-6; the score string does not say whether the tiebreak was first to 7 or first to 10
2022,2022-2074,San Diego,P,20221010,Hard,32,27,3:27,26,1,10,2,0,0,8,7,2:1|5:1,deciding_set_tiebreak_at_6_all_length_unknown,2 deciding set(s) ended 7-6; the score string does not say whether the tiebreak was first to 7 or first to 10
2022,2022-2075,Guadalajara 2,P,20221017,Hard,64,55,3:55,53,2,16,2,0,0,14,7,5:1|8:1,deciding_set_tiebreak_at_6_all_length_unknown,2 deciding set(s) ended 7-6; the score string does not say whether the tiebreak was first to 7 or first to 10
2022,2022-2078,Chennai,I,20220912,Hard,32,31,3:31,30,1,8,1,0,0,7,7,6:1,deciding_set_tiebreak_at_6_all_length_unknown,1 deciding set(s) ended 7-6; the score string does not say whether the tiebreak was first to 7 or first to 10
2022,2022-406,Strasbourg,I,20220516,Clay,32,31,3:31,30,1,9,2,0,0,7,7,5:2,deciding_set_tiebreak_at_6_all_length_unknown,2 deciding set(s) ended 7-6; the score string does not say whether the tiebreak was first to 7 or first to 10
2022,2022-466,Palermo,I,20220718,Clay,32,31,3:31,30,1,11,0,0,0,11,7,,not_observable_no_deciding_set_reached_6_all,"11 deciding set(s), none reached 6-6"
2022,2022-520,Roland Garros,G,20220523,Clay,128,127,3:127,120,7,39,3,0,0,36,7,3:1|5:2,deciding_set_tiebreak_at_6_all_length_unknown,3 deciding set(s) ended 7-6; the score string does not say whether the tiebreak was first to 7 or first to 10
2022,2022-540,Wimbledon,G,20220627,Grass,128,127,3:127,125,2,35,2,0,0,33,7,4:1|7:1,deciding_set_tiebreak_at_6_all_length_unknown,2 deciding set(s) ended 7-6; the score string does not say whether the tiebreak was first to 7 or first to 10
2022,2022-560,Us Open,G,20220829,Hard,128,127,3:127,125,2,42,5,0,0,37,7,5:2|6:1|8:1|10:1,deciding_set_tiebreak_at_6_all_length_unknown,5 deciding set(s) ended 7-6; the score string does not say whether the tiebreak was first to 7 or first to 10
2022,2022-580,Australian Open,G,20220117,Hard,128,127,3:127,123,4,35,5,0,0,30,7,2:1|5:2|7:1|8:1,deciding_set_tiebreak_at_6_all_length_unknown,5 deciding set(s) ended 7-6; the score string does not say whether the tiebreak was first to 7 or first to 10
2022,2022-609,Indian Wells,P,20220307,Hard,96,95,3:95,90,5,38,4,0,0,34,7,3:1|4:1|5:1|7:1,deciding_set_tiebreak_at_6_all_length_unknown,4 deciding set(s) ended 7-6; the score string does not say whether the tiebreak was first to 7 or first to 10
2022,2022-703,San Jose,P,20220801,Hard,32,27,3:27,27,0,9,1,0,0,8,7,5:1,deciding_set_tiebreak_at_6_all_length_unknown,1 deciding set(s) ended 7-6; the score string does not say whether the tiebreak was first to 7 or first to 10
2022,2022-709,Rome,P,20220509,Clay,64,55,3:55,50,5,14,1,0,0,13,7,2:1,deciding_set_tiebreak_at_6_all_length_unknown,1 deciding set(s) ended 7-6; the score string does not say whether the tiebreak was first to 7 or first to 10
2022,2022-710,Eastbourne,P,20220620,Grass,64,47,3:47,44,3,19,1,0,0,18,7,4:1,deciding_set_tiebreak_at_6_all_length_unknown,1 deciding set(s) ended 7-6; the score string does not say whether the tiebreak was first to 7 or first to 10
2022,2022-718,Dubai,P,20220214,Hard,32,31,3:31,30,1,9,2,0,0,7,7,4:1|9:1,deciding_set_tiebreak_at_6_all_length_unknown,2 deciding set(s) ended 7-6; the score string does not say whether the tiebreak was first to 7 or first to 10
2022,2022-804,Charleston,P,20220404,Clay,64,55,3:55,52,3,19,1,0,0,18,7,4:1,deciding_set_tiebreak_at_6_all_length_unknown,1 deciding set(s) ended 7-6; the score string does not say whether the tiebreak was first to 7 or first to 10
2022,2022-806,Toronto,P,20220808,Hard,64,55,3:55,52,3,23,4,0,0,19,7,3:2|4:1|5:1,deciding_set_tiebreak_at_6_all_length_unknown,4 deciding set(s) ended 7-6; the score string does not say whether the tiebreak was first to 7 or first to 10
2022,2022-808,Fort Worth Finals,F,20221031,Hard,8,15,3:15,15,0,4,1,0,0,3,7,5:1,deciding_set_tiebreak_at_6_all_length_unknown,1 deciding set(s) ended 7-6; the score string does not say whether the tiebreak was first to 7 or first to 10
2022,2022-822,s Hertogenbosch,I,20220606,Grass,32,31,3:31,30,1,9,1,0,0,8,7,5:1,deciding_set_tiebreak_at_6_all_length_unknown,1 deciding set(s) ended 7-6; the score string does not say whether the tiebreak was first to 7 or first to 10
2022,2022-894,Bogota,I,20220404,Clay,32,31,3:31,30,1,9,1,0,0,8,7,3:1,deciding_set_tiebreak_at_6_all_length_unknown,1 deciding set(s) ended 7-6; the score string does not say whether the tiebreak was first to 7 or first to 10
2022,2022-902,Miami,P,20220321,Hard,96,95,3:95,85,10,28,3,0,0,25,7,4:2|5:1,deciding_set_tiebreak_at_6_all_length_unknown,3 deciding set(s) ended 7-6; the score string does not say whether the tiebreak was first to 7 or first to 10
2022,2022-W-FC-2022-FLS-A-M-CAN-ITA-01,BJK Cup Finals RR: CAN vs ITA,D,20221110,Hard,2,2,3:2,2,0,0,0,0,0,0,0,,not_observable_no_deciding_set_played,no completed match reached a deciding set
2022,2022-W-FC-2022-FLS-A-M-SUI-CAN-01,BJK Cup Finals RR: SUI vs CAN,D,20221111,Hard,2,2,3:2,2,0,1,0,0,0,1,6,,not_observable_no_deciding_set_reached_6_all,"1 deciding set(s), none reached 6-6"
2022,2022-W-FC-2022-FLS-A-M-SUI-ITA-01,BJK Cup Finals RR: SUI vs ITA,D,20221109,Hard,2,2,3:2,2,0,1,1,0,0,0,7,5:1,deciding_set_tiebreak_at_6_all_length_unknown,1 deciding set(s) ended 7-6; the score string does not say whether the tiebreak was first to 7 or first to 10
2022,2022-W-FC-2022-FLS-B-M-AUS-BEL-01,BJK Cup Finals RR: AUS vs BEL,D,20221110,Hard,2,2,3:2,1,1,0,0,0,0,0,0,,not_observable_no_deciding_set_played,no completed match reached a deciding set
2022,2022-W-FC-2022-FLS-B-M-AUS-SVK-01,BJK Cup Finals RR: AUS vs SVK,D,20221108,Hard,2,2,3:2,2,0,0,0,0,0,0,0,,not_observable_no_deciding_set_played,no completed match reached a deciding set
2022,2022-W-FC-2022-FLS-B-M-SVK-BEL-01,BJK Cup Finals RR: SVK vs BEL,D,20221109,Hard,2,2,3:2,2,0,1,0,0,0,1,6,,not_observable_no_deciding_set_reached_6_all,"1 deciding set(s), none reached 6-6"
2022,2022-W-FC-2022-FLS-C-M-ESP-GBR-01,BJK Cup Finals RR: ESP vs GBR,D,20221110,Hard,2,2,3:2,2,0,0,0,0,0,0,0,,not_observable_no_deciding_set_played,no completed match reached a deciding set
2022,2022-W-FC-2022-FLS-C-M-ESP-KAZ-01,BJK Cup Finals RR: ESP vs KAZ,D,20221109,Hard,2,2,3:2,2,0,2,1,0,0,1,7,5:1,deciding_set_tiebreak_at_6_all_length_unknown,1 deciding set(s) ended 7-6; the score string does not say whether the tiebreak was first to 7 or first to 10
2022,2022-W-FC-2022-FLS-C-M-KAZ-GBR-01,BJK Cup Finals RR: KAZ vs GBR,D,20221108,Hard,2,2,3:2,2,0,1,0,0,0,1,6,,not_observable_no_deciding_set_reached_6_all,"1 deciding set(s), none reached 6-6"
2022,2022-W-FC-2022-FLS-D-M-CZE-POL-01,BJK Cup Finals RR: CZE vs POL,D,20221110,Hard,2,2,3:2,2,0,0,0,0,0,0,0,,not_observable_no_deciding_set_played,no completed match reached a deciding set
2022,2022-W-FC-2022-FLS-D-M-CZE-USA-01,BJK Cup Finals RR: CZE vs USA,D,20221111,Hard,2,2,3:2,2,0,0,0,0,0,0,0,,not_observable_no_deciding_set_played,no completed match reached a deciding set
2022,2022-W-FC-2022-FLS-D-M-USA-POL-01,BJK Cup Finals RR: USA vs POL,D,20221109,Hard,2,2,3:2,2,0,2,1,0,0,1,7,2:1,deciding_set_tiebreak_at_6_all_length_unknown,1 deciding set(s) ended 7-6; the score string does not say whether the tiebreak was first to 7 or first to 10
2022,2022-W-FC-2022-FLS-M-GBR-AUS-01,BJK Cup Finals SF: GBR vs AUS,D,20221112,Hard,2,2,3:2,2,0,0,0,0,0,0,0,,not_observable_no_deciding_set_played,no completed match reached a deciding set
2022,2022-W-FC-2022-FLS-M-SUI-AUS-01,BJK Cup Finals F: SUI vs AUS,D,20221113,Hard,2,2,3:2,2,0,1,0,0,0,1,6,,not_observable_no_deciding_set_reached_6_all,"1 deciding set(s), none reached 6-6"
2022,2022-W-FC-2022-FLS-M-SUI-CZE-01,BJK Cup Finals SF: SUI vs CZE,D,20221112,Hard,2,2,3:2,2,0,0,0,0,0,0,0,,not_observable_no_deciding_set_played,no completed match reached a deciding set
2022,2022-W-FC-2022-G1-AM-A-M-ARG-COL-01,BJK Cup G1 RR: ARG vs COL,D,20220413,Hard,2,2,3:2,2,0,1,0,0,0,1,6,,not_observable_no_deciding_set_reached_6_all,"1 deciding set(s), none reached 6-6"
2022,2022-W-FC-2022-G1-AM-A-M-ARG-GUA-01,BJK Cup G1 RR: ARG vs GUA,D,20220415,Hard,2,2,3:2,2,0,1,0,0,0,1,6,,not_observable_no_deciding_set_reached_6_all,"1 deciding set(s), none reached 6-6"
2022,2022-W-FC-2022-G1-AM-A-M-BRA-ARG-01,BJK Cup G1 RR: BRA vs ARG,D,20220414,Hard,2,2,3:2,2,0,2,2,0,0,0,7,5:1|12:1,deciding_set_tiebreak_at_6_all_length_unknown,2 deciding set(s) ended 7-6; the score string does not say whether the tiebreak was first to 7 or first to 10
2022,2022-W-FC-2022-G1-AM-A-M-BRA-COL-01,BJK Cup G1 RR: BRA vs COL,D,20220415,Hard,2,2,3:2,2,0,0,0,0,0,0,0,,not_observable_no_deciding_set_played,no completed match reached a deciding set
2022,2022-W-FC-2022-G1-AM-A-M-BRA-GUA-01,BJK Cup G1 RR: BRA vs GUA,D,20220413,Hard,2,2,3:2,2,0,0,0,0,0,0,0,,not_observable_no_deciding_set_played,no completed match reached a deciding set
2022,2022-W-FC-2022-G1-AM-A-M-COL-GUA-01,BJK Cup G1 RR: COL vs GUA,D,20220414,Hard,2,2,3:2,2,0,0,0,0,0,0,0,,not_observable_no_deciding_set_played,no completed match reached a deciding set
2022,2022-W-FC-2022-G1-AM-B-M-CHI-ECU-01,BJK Cup G1 RR: CHI vs ECU,D,20220415,Hard,2,2,3:2,2,0,0,0,0,0,0,0,,not_observable_no_deciding_set_played,no completed match reached a deciding set
2022,2022-W-FC-2022-G1-AM-B-M-MEX-CHI-01,BJK Cup G1 RR: MEX vs CHI,D,20220413,Hard,2,2,3:2,2,0,1,0,0,0,1,6,,not_observable_no_deciding_set_reached_6_all,"1 deciding set(s), none reached 6-6"
2022,2022-W-FC-2022-G1-AM-B-M-MEX-ECU-01,BJK Cup G1 RR: MEX vs ECU,D,20220414,Hard,2,2,3:2,2,0,0,0,0,0,0,0,,not_observable_no_deciding_set_played,no completed match reached a deciding set
2022,2022-W-FC-2022-G1-AM-B-M-PAR-CHI-01,BJK Cup G1 RR: PAR vs CHI,D,20220414,Hard,2,2,3:2,2,0,0,0,0,0,0,0,,not_observable_no_deciding_set_played,no completed match reached a deciding set
2022,2022-W-FC-2022-G1-AM-B-M-PAR-ECU-01,BJK Cup G1 RR: PAR vs ECU,D,20220413,Hard,2,2,3:2,2,0,0,0,0,0,0,0,,not_observable_no_deciding_set_played,no completed match reached a deciding set
2022,2022-W-FC-2022-G1-AM-B-M-PAR-MEX-01,BJK Cup G1 RR: PAR vs MEX,D,20220415,Hard,2,2,3:2,2,0,0,0,0,0,0,0,,not_observable_no_deciding_set_played,no completed match reached a deciding set
2022,2022-W-FC-2022-G1-AM-PPO-BRA-CHI-01,BJK Cup G1 PPO: BRA vs CHI,D,20220416,Hard,2,2,3:2,2,0,0,0,0,0,0,0,,not_observable_no_deciding_set_played,no completed match reached a deciding set
2022,2022-W-FC-2022-G1-AM-PPO-MEX-ARG-01,BJK Cup G1 PPO: MEX vs ARG,D,20220416,Hard,2,2,3:2,2,0,0,0,0,0,0,0,,not_observable_no_deciding_set_played,no completed match reached a deciding set
2022,2022-W-FC-2022-G1-AM-REL-COL-PAR-01,BJK Cup G1 REL: COL vs PAR,D,20220416,Hard,2,2,3:2,2,0,1,0,0,0,1,6,,not_observable_no_deciding_set_reached_6_all,"1 deciding set(s), none reached 6-6"
2022,2022-W-FC-2022-G1-AM-REL-GUA-ECU-01,BJK Cup G1 REL: GUA vs ECU,D,20220416,Hard,2,2,3:2,2,0,0,0,0,0,0,0,,not_observable_no_deciding_set_played,no completed match reached a deciding set
2022,2022-W-FC-2022-G1-AO-A-M-CHN-INA-01,BJK Cup G1 RR: CHN vs INA,D,20220415,Clay,2,2,3:2,2,0,0,0,0,0,0,0,,not_observable_no_deciding_set_played,no completed match reached a deciding set
2022,2022-W-FC-2022-G1-AO-A-M-CHN-IND-01,BJK Cup G1 RR: CHN vs IND,D,20220413,Clay,2,2,3:2,2,0,0,0,0,0,0,0,,not_observable_no_deciding_set_played,no completed match reached a deciding set
2022,2022-W-FC-2022-G1-AO-A-M-CHN-KOR-01,BJK Cup G1 RR: CHN vs KOR,D,20220414,Clay,2,2,3:2,2,0,1,0,0,0,1,7,,not_observable_no_deciding_set_reached_6_all,"1 deciding set(s), none reached 6-6"
2022,2022-W-FC-2022-G1-AO-A-M-CHN-NZL-01,BJK Cup G1 RR: CHN vs NZL,D,20220412,Clay,2,2,3:2,2,0,0,0,0,0,0,0,,not_observable_no_deciding_set_played,no completed match reached a deciding set
2022,2022-W-FC-2022-G1-AO-A-M-INA-NZL-01,BJK Cup G1 RR: INA vs NZL,D,20220416,Clay,2,2,3:2,2,0,0,0,0,0,0,0,,not_observable_no_deciding_set_played,no completed match reached a deciding set
2022,2022-W-FC-2022-G1-AO-A-M-IND-INA-01,BJK Cup G1 RR: IND vs INA,D,20220414,Clay,2,2,3:2,2,0,0,0,0,0,0,0,,not_observable_no_deciding_set_played,no completed match reached a deciding set
2022,2022-W-FC-2022-G1-AO-A-M-IND-NZL-01,BJK Cup G1 RR: IND vs NZL,D,20220415,Clay,2,2,3:2,2,0,0,0,0,0,0,0,,not_observable_no_deciding_set_played,no completed match reached a deciding set
2022,2022-W-FC-2022-G1-AO-A-M-JPN-CHN-01,BJK Cup G1 RR: JPN vs CHN,D,20220416,Clay,2,2,3:2,2,0,0,0,0,0,0,0,,not_observable_no_deciding_set_played,no completed match reached a deciding set
2022,2022-W-FC-2022-G1-AO-A-M-JPN-INA-01,BJK Cup G1 RR: JPN vs INA,D,20220413,Clay,2,2,3:2,2,0,0,0,0,0,0,0,,not_observable_no_deciding_set_played,no completed match reached a deciding set
2022,2022-W-FC-2022-G1-AO-A-M-JPN-IND-01,BJK Cup G1 RR: JPN vs IND,D,20220412,Clay,2,2,3:2,2,0,0,0,0,0,0,0,,not_observable_no_deciding_set_played,no completed match reached a deciding set
2022,2022-W-FC-2022-G1-AO-A-M-JPN-KOR-01,BJK Cup G1 RR: JPN vs KOR,D,20220415,Clay,2,2,3:2,2,0,0,0,0,0,0,0,,not_observable_no_deciding_set_played,no completed match reached a deciding set
2022,2022-W-FC-2022-G1-AO-A-M-JPN-NZL-01,BJK Cup G1 RR: JPN vs NZL,D,20220414,Clay,2,2,3:2,2,0,0,0,0,0,0,0,,not_observable_no_deciding_set_played,no completed match reached a deciding set
2022,2022-W-FC-2022-G1-AO-A-M-KOR-INA-01,BJK Cup G1 RR: KOR vs INA,D,20220412,Clay,2,2,3:2,2,0,0,0,0,0,0,0,,not_observable_no_deciding_set_played,no completed match reached a deciding set
2022,2022-W-FC-2022-G1-AO-A-M-KOR-IND-01,BJK Cup G1 RR: KOR vs IND,D,20220416,Clay,2,2,3:2,2,0,1,0,0,0,1,6,,not_observable_no_deciding_set_reached_6_all,"1 deciding set(s), none reached 6-6"
2022,2022-W-FC-2022-G1-AO-A-M-KOR-NZL-01,BJK Cup G1 RR: KOR vs NZL,D,20220413,Clay,2,2,3:2,2,0,0,0,0,0,0,0,,not_observable_no_deciding_set_played,no completed match reached a deciding set
2022,2022-W-FC-2022-G1-EPA-A-M-EST-DEN-01,BJK Cup G1 RR: EST vs DEN,D,20220414,Clay,2,2,3:2,2,0,1,0,0,0,1,6,,not_observable_no_deciding_set_reached_6_all,"1 deciding set(s), none reached 6-6"
2022,2022-W-FC-2022-G1-EPA-A-M-HUN-DEN-01,BJK Cup G1 RR: HUN vs DEN,D,20220413,Clay,2,2,3:2,2,0,0,0,0,0,0,0,,not_observable_no_deciding_set_played,no completed match reached a deciding set
2022,2022-W-FC-2022-G1-EPA-A-M-HUN-EST-01,BJK Cup G1 RR: HUN vs EST,D,20220415,Clay,2,2,3:2,2,0,0,0,0,0,0,0,,not_observable_no_deciding_set_played,no completed match reached a deciding set
2022,2022-W-FC-2022-G1-EPA-A-M-HUN-TUR-01,BJK Cup G1 RR: HUN vs TUR,D,20220412,Clay,2,2,3:2,2,0,0,0,0,0,0,0,,not_observable_no_deciding_set_played,no completed match reached a deciding set
2022,2022-W-FC-2022-G1-EPA-A-M-SRB-DEN-01,BJK Cup G1 RR: SRB vs DEN,D,20220412,Clay,2,2,3:2,2,0,0,0,0,0,0,0,,not_observable_no_deciding_set_played,no completed match reached a deciding set
2022,2022-W-FC-2022-G1-EPA-A-M-SRB-EST-01,BJK Cup G1 RR: SRB vs EST,D,20220411,Clay,2,2,3:2,2,0,1,0,0,0,1,6,,not_observable_no_deciding_set_reached_6_all,"1 deciding set(s), none reached 6-6"
2022,2022-W-FC-2022-G1-EPA-A-M-SRB-HUN-01,BJK Cup G1 RR: SRB vs HUN,D,20220414,Clay,2,2,3:2,2,0,1,0,0,0,1,6,,not_observable_no_deciding_set_reached_6_all,"1 deciding set(s), none reached 6-6"
2022,2022-W-FC-2022-G1-EPA-A-M-SRB-TUR-01,BJK Cup G1 RR: SRB vs TUR,D,20220415,Clay,2,2,3:2,2,0,1,0,0,0,1,6,,not_observable_no_deciding_set_reached_6_all,"1 deciding set(s), none reached 6-6"
2022,2022-W-FC-2022-G1-EPA-A-M-TUR-DEN-01,BJK Cup G1 RR: TUR vs DEN,D,20220411,Clay,2,2,3:2,2,0,1,0,0,0,1,6,,not_observable_no_deciding_set_reached_6_all,"1 deciding set(s), none reached 6-6"
2022,2022-W-FC-2022-G1-EPA-A-M-TUR-EST-01,BJK Cup G1 RR: TUR vs EST,D,20220413,Clay,2,2,3:2,2,0,0,0,0,0,0,0,,not_observable_no_deciding_set_played,no completed match reached a deciding set
2022,2022-W-FC-2022-G1-EPA-B-M-AUT-BUL-01,BJK Cup G1 RR: AUT vs BUL,D,20220411,Clay,2,2,3:2,2,0,0,0,0,0,0,0,,not_observable_no_deciding_set_played,no completed match reached a deciding set
2022,2022-W-FC-2022-G1-EPA-B-M-AUT-GEO-01,BJK Cup G1 RR: AUT vs GEO,D,20220413,Clay,2,2,3:2,2,0,0,0,0,0,0,0,,not_observable_no_deciding_set_played,no completed match reached a deciding set
2022,2022-W-FC-2022-G1-EPA-B-M-AUT-SLO-01,BJK Cup G1 RR: AUT vs SLO,D,20220412,Clay,2,2,3:2,2,0,0,0,0,0,0,0,,not_observable_no_deciding_set_played,no completed match reached a deciding set
2022,2022-W-FC-2022-G1-EPA-B-M-BUL-GEO-01,BJK Cup G1 RR: BUL vs GEO,D,20220415,Clay,2,2,3:2,1,1,0,0,0,0,0,0,,not_observable_no_deciding_set_played,no completed match reached a deciding set
2022,2022-W-FC-2022-G1-EPA-B-M-BUL-SLO-01,BJK Cup G1 RR: BUL vs SLO,D,20220414,Clay,2,2,3:2,2,0,0,0,0,0,0,0,,not_observable_no_deciding_set_played,no completed match reached a deciding set
2022,2022-W-FC-2022-G1-EPA-B-M-CRO-AUT-01,BJK Cup G1 RR: CRO vs AUT,D,20220415,Clay,2,2,3:2,2,0,0,0,0,0,0,0,,not_observable_no_deciding_set_played,no completed match reached a deciding set
2022,2022-W-FC-2022-G1-EPA-B-M-CRO-BUL-01,BJK Cup G1 RR: CRO vs BUL,D,20220412,Clay,2,2,3:2,2,0,0,0,0,0,0,0,,not_observable_no_deciding_set_played,no completed match reached a deciding set
2022,2022-W-FC-2022-G1-EPA-B-M-CRO-GEO-01,BJK Cup G1 RR: CRO vs GEO,D,20220414,Clay,2,2,3:2,2,0,0,0,0,0,0,0,,not_observable_no_deciding_set_played,no completed match reached a deciding set
2022,2022-W-FC-2022-G1-EPA-B-M-CRO-SLO-01,BJK Cup G1 RR: CRO vs SLO,D,20220413,Clay,2,2,3:2,2,0,0,0,0,0,0,0,,not_observable_no_deciding_set_played,no completed match reached a deciding set
2022,2022-W-FC-2022-G1-EPA-B-M-SLO-GEO-01,BJK Cup G1 RR: SLO vs GEO,D,20220411,Clay,2,2,3:2,2,0,0,0,0,0,0,0,,not_observable_no_deciding_set_played,no completed match reached a deciding set
2022,2022-W-FC-2022-G1-EPA-B-M-SWE-AUT-01,BJK Cup G1 RR: SWE vs AUT,D,20220414,Clay,2,2,3:2,2,0,0,0,0,0,0,0,,not_observable_no_deciding_set_played,no completed match reached a deciding set
2022,2022-W-FC-2022-G1-EPA-B-M-SWE-BUL-01,BJK Cup G1 RR: SWE vs BUL,D,20220413,Clay,2,2,3:2,2,0,1,0,0,0,1,7,,not_observable_no_deciding_set_reached_6_all,"1 deciding set(s), none reached 6-6"
2022,2022-W-FC-2022-G1-EPA-B-M-SWE-CRO-01,BJK Cup G1 RR: SWE vs CRO,D,20220411,Clay,2,2,3:2,2,0,0,0,0,0,0,0,,not_observable_no_deciding_set_played,no completed match reached a deciding set
2022,2022-W-FC-2022-G1-EPA-B-M-SWE-GEO-01,BJK Cup G1 RR: SWE vs GEO,D,20220412,Clay,2,2,3:2,2,0,0,0,0,0,0,0,,not_observable_no_deciding_set_played,no completed match reached a deciding set
2022,2022-W-FC-2022-G1-EPA-B-M-SWE-SLO-01,BJK Cup G1 RR: SWE vs SLO,D,20220415,Clay,2,2,3:2,1,1,0,0,0,0,0,0,,not_observable_no_deciding_set_played,no completed match reached a deciding set
2022,2022-W-FC-2022-G1-EPA-PO-HUN-SLO-01,BJK Cup G1 PO: HUN vs SLO,D,20220416,Clay,2,2,3:2,2,0,0,0,0,0,0,0,,not_observable_no_deciding_set_played,no completed match reached a deciding set
2022,2022-W-FC-2022-G1-EPA-PPO-SRB-CRO-01,BJK Cup G1 PPO: SRB vs CRO,D,20220416,Clay,2,2,3:2,2,0,2,0,0,0,2,6,,not_observable_no_deciding_set_reached_6_all,"2 deciding set(s), none reached 6-6"
2022,2022-W-FC-2022-G1-EPA-REL-DEN-GEO-01,BJK Cup G1 REL: DEN vs GEO,D,20220416,Clay,2,2,3:2,1,1,0,0,0,0,0,0,,not_observable_no_deciding_set_played,no completed match reached a deciding set
2022,2022-W-FC-2022-G1-EPA-REL-EST-SWE-01,BJK Cup G1 REL: EST vs SWE,D,20220416,Clay,2,2,3:2,2,0,0,0,0,0,0,0,,not_observable_no_deciding_set_played,no completed match reached a deciding set
2022,2022-W-FC-2022-G2-EPA-A-M-EGY-NOR-01,BJK Cup G2 RR: EGY vs NOR,D,20220412,Hard,2,2,3:2,2,0,1,0,0,0,1,6,,not_observable_no_deciding_set_reached_6_all,"1 deciding set(s), none reached 6-6"
2022,2022-W-FC-2022-G2-EPA-A-M-GRE-EGY-01,BJK Cup G2 RR: GRE vs EGY,D,20220414,Hard,2,2,3:2,2,0,0,0,0,0,0,0,,not_observable_no_deciding_set_played,no completed match reached a deciding set
2022,2022-W-FC-2022-G2-EPA-A-M-GRE-NOR-01,BJK Cup G2 RR: GRE vs NOR,D,20220413,Hard,2,2,3:2,2,0,1,0,0,0,1,6,,not_observable_no_deciding_set_reached_6_all,"1 deciding set(s), none reached 6-6"
2022,2022-W-FC-2022-G2-EPA-B-M-FIN-ISR-01,BJK Cup G2 RR: FIN vs ISR,D,20220413,Hard,2,2,3:2,2,0,0,0,0,0,0,0,,not_observable_no_deciding_set_played,no completed match reached a deciding set
2022,2022-W-FC-2022-G2-EPA-B-M-FIN-LTU-01,BJK Cup G2 RR: FIN vs LTU,D,20220412,Hard,2,2,3:2,2,0,0,0,0,0,0,0,,not_observable_no_deciding_set_played,no completed match reached a deciding set
2022,2022-W-FC-2022-G2-EPA-B-M-LTU-ISR-01,BJK Cup G2 RR: LTU vs ISR,D,20220414,Hard,2,2,3:2,2,0,1,1,0,0,0,7,1:1,deciding_set_tiebreak_at_6_all_length_unknown,1 deciding set(s) ended 7-6; the score string does not say whether the tiebreak was first to 7 or first to 10
2022,2022-W-FC-2022-G2-EPA-B-M-LUX-FIN-01,BJK Cup G2 RR: LUX vs FIN,D,20220414,Hard,2,2,3:2,2,0,0,0,0,0,0,0,,not_observable_no_deciding_set_played,no completed match reached a deciding set
2022,2022-W-FC-2022-G2-EPA-B-M-LUX-ISR-01,BJK Cup G2 RR: LUX vs ISR,D,20220412,Hard,2,2,3:2,2,0,1,0,0,0,1,7,,not_observable_no_deciding_set_reached_6_all,"1 deciding set(s), none reached 6-6"
2022,2022-W-FC-2022-G2-EPA-B-M-LUX-LTU-01,BJK Cup G2 RR: LUX vs LTU,D,20220413,Hard,2,2,3:2,1,1,1,0,0,0,1,6,,not_observable_no_deciding_set_reached_6_all,"1 deciding set(s), none reached 6-6"
2022,2022-W-FC-2022-G2-EPA-PPO-LTU-EGY-01,BJK Cup G2 PPO: LTU vs EGY,D,20220415,Hard,2,2,3:2,2,0,0,0,0,0,0,0,,not_observable_no_deciding_set_played,no completed match reached a deciding set
2022,2022-W-FC-2022-G2-EPA-PPO-NOR-ISR-01,BJK Cup G2 PPO: NOR vs ISR,D,20220415,Hard,2,2,3:2,2,0,1,0,0,0,1,6,,not_observable_no_deciding_set_reached_6_all,"1 deciding set(s), none reached 6-6"
2022,2022-W-FC-2022-G2-EPA-REL-GRE-LUX-01,BJK Cup G2 REL: GRE vs LUX,D,20220415,Hard,2,2,3:2,2,0,1,0,0,0,1,6,,not_observable_no_deciding_set_reached_6_all,"1 deciding set(s), none reached 6-6"
2022,2022-W-FC-2022-POS-M-BRA-ARG-01,BJK Cup Playoffs: BRA vs ARG,D,20221112,Clay,4,4,3:4,4,0,0,0,0,0,0,0,,not_observable_no_deciding_set_played,no completed match reached a deciding set
2022,2022-W-FC-2022-POS-M-CHN-SLO-01,BJK Cup Playoffs: CHN vs SLO,D,20221112,Clay,4,4,3:4,4,0,1,0,0,0,1,6,,not_observable_no_deciding_set_reached_6_all,"1 deciding set(s), none reached 6-6"
2022,2022-W-FC-2022-POS-M-FRA-NED-01,BJK Cup Playoffs: FRA vs NED,D,20221112,Hard,4,3,3:3,3,0,1,1,0,0,0,7,3:1,deciding_set_tiebreak_at_6_all_length_unknown,1 deciding set(s) ended 7-6; the score string does not say whether the tiebreak was first to 7 or first to 10
2022,2022-W-FC-2022-POS-M-GER-CRO-01,BJK Cup Playoffs: GER vs CRO,D,20221112,Hard,4,4,3:4,4,0,0,0,0,0,0,0,,not_observable_no_deciding_set_played,no completed match reached a deciding set
2022,2022-W-FC-2022-POS-M-JPN-UKR-01,BJK Cup Playoffs: JPN vs UKR,D,20221112,Hard,4,3,3:3,3,0,0,0,0,0,0,0,,not_observable_no_deciding_set_played,no completed match reached a deciding set
2022,2022-W-FC-2022-POS-M-LAT-AUT-01,BJK Cup Playoffs: LAT vs AUT,D,20221112,Clay,4,4,3:4,4,0,2,1,0,0,1,7,9:1,deciding_set_tiebreak_at_6_all_length_unknown,1 deciding set(s) ended 7-6; the score string does not say whether the tiebreak was first to 7 or first to 10
2022,2022-W-FC-2022-POS-M-ROU-HUN-01,BJK Cup Playoffs: ROU vs HUN,D,20221112,Hard,4,3,3:3,3,0,1,1,0,0,0,7,3:1,deciding_set_tiebreak_at_6_all_length_unknown,1 deciding set(s) ended 7-6; the score string does not say whether the tiebreak was first to 7 or first to 10
2022,2022-W-FC-2022-POS-M-SRB-MEX-01,BJK Cup Playoffs: SRB vs MEX,D,20221112,Clay,4,3,3:3,3,0,1,0,0,0,1,6,,not_observable_no_deciding_set_reached_6_all,"1 deciding set(s), none reached 6-6"
2022,2022-W-FC-2022-QLS-M-CAN-LAT-01,BJK Cup QLS R1: CAN vs LAT,D,20220415,Hard,4,3,3:3,3,0,1,0,0,0,1,6,,not_observable_no_deciding_set_reached_6_all,"1 deciding set(s), none reached 6-6"
2022,2022-W-FC-2022-QLS-M-CZE-GBR-01,BJK Cup QLS R1: CZE vs GBR,D,20220415,Clay,4,4,3:4,4,0,1,0,0,0,1,6,,not_observable_no_deciding_set_reached_6_all,"1 deciding set(s), none reached 6-6"
2022,2022-W-FC-2022-QLS-M-ESP-NED-01,BJK Cup QLS R1: ESP vs NED,D,20220415,Clay,4,3,3:3,3,0,0,0,0,0,0,0,,not_observable_no_deciding_set_played,no completed match reached a deciding set
2022,2022-W-FC-2022-QLS-M-FRA-ITA-01,BJK Cup QLS R1: FRA vs ITA,D,20220415,Hard,4,3,3:3,3,0,1,1,0,0,0,7,2:1,deciding_set_tiebreak_at_6_all_length_unknown,1 deciding set(s) ended 7-6; the score string does not say whether the tiebreak was first to 7 or first to 10
2022,2022-W-FC-2022-QLS-M-GER-KAZ-01,BJK Cup QLS R1: GER vs KAZ,D,20220415,Clay,4,3,3:3,3,0,2,0,0,0,2,7,,not_observable_no_deciding_set_reached_6_all,"2 deciding set(s), none reached 6-6"
2022,2022-W-FC-2022-QLS-M-ROU-POL-01,BJK Cup QLS R1: ROU vs POL,D,20220415,Hard,4,3,3:3,3,0,1,0,0,0,1,6,,not_observable_no_deciding_set_reached_6_all,"1 deciding set(s), none reached 6-6"
2022,2022-W-FC-2022-QLS-M-USA-UKR-01,BJK Cup QLS R1: USA vs UKR,D,20220415,Hard,4,4,3:4,4,0,0,0,0,0,0,0,,not_observable_no_deciding_set_played,no completed match reached a deciding set
2023,2023-1003,Doha,P,20230213,Hard,32,27,3:27,26,1,8,2,0,0,6,7,5:2,deciding_set_tiebreak_at_6_all_length_unknown,2 deciding set(s) ended 7-6; the score string does not say whether the tiebreak was first to 7 or first to 10
2023,2023-1005,Rabat,I,20230522,Clay,32,31,3:31,29,2,9,2,0,0,7,7,6:2,deciding_set_tiebreak_at_6_all_length_unknown,2 deciding set(s) ended 7-6; the score string does not say whether the tiebreak was first to 7 or first to 10
2023,2023-1017,Cincinnati,P,20230814,Hard,64,55,3:55,52,3,25,2,0,0,23,7,2:1|5:1,deciding_set_tiebreak_at_6_all_length_unknown,2 deciding set(s) ended 7-6; the score string does not say whether the tiebreak was first to 7 or first to 10
2023,2023-1020,Beijing,PM,20231002,Hard,64,59,3:59,56,3,20,3,0,0,17,7,2:1|3:1|8:1,deciding_set_tiebreak_at_6_all_length_unknown,3 deciding set(s) ended 7-6; the score string does not say whether the tiebreak was first to 7 or first to 10
2023,2023-1023,Guangzhou,I,20230918,Hard,32,31,3:31,31,0,10,1,0,0,9,7,7:1,deciding_set_tiebreak_at_6_all_length_unknown,1 deciding set(s) ended 7-6; the score string does not say whether the tiebreak was first to 7 or first to 10
2023,2023-1024,Seoul,I,20231009,Hard,32,31,3:31,27,4,6,1,0,0,5,7,4:1,deciding_set_tiebreak_at_6_all_length_unknown,1 deciding set(s) ended 7-6; the score string does not say whether the tiebreak was first to 7 or first to 10
2023,2023-1038,Madrid,PM,20230424,Clay,96,95,3:95,95,0,35,3,0,0,32,7,2:2|7:1,deciding_set_tiebreak_at_6_all_length_unknown,3 deciding set(s) ended 7-6; the score string does not say whether the tiebreak was first to 7 or first to 10
2023,2023-1039,Monterrey,I,20230227,Hard,32,31,3:31,29,2,9,2,0,0,7,7,5:2,deciding_set_tiebreak_at_6_all_length_unknown,2 deciding set(s) ended 7-6; the score string does not say whether the tiebreak was first to 7 or first to 10
2023,2023-1045,Washington,P,20230731,Hard,32,27,3:27,26,1,5,1,0,0,4,7,5:1,deciding_set_tiebreak_at_6_all_length_unknown,1 deciding set(s) ended 7-6; the score string does not say whether the tiebreak was first to 7 or first to 10
2023,2023-1049,Auckland,I,20230102,Hard,32,30,3:30,28,2,8,0,0,0,8,7,,not_observable_no_deciding_set_reached_6_all,"8 deciding set(s), none reached 6-6"
2023,2023-1050,Hobart,I,20230109,Hard,32,31,3:31,31,0,10,0,0,0,10,6,,not_observable_no_deciding_set_reached_6_all,"10 deciding set(s), none reached 6-6"
2023,2023-1051,Stuttgart,P,20230417,Clay,32,27,3:27,24,3,9,4,0,0,5,7,3:1|4:2|5:1,deciding_set_tiebreak_at_6_all_length_unknown,4 deciding set(s) ended 7-6; the score string does not say whether the tiebreak was first to 7 or first to 10
2023,2023-1052,Birmingham,I,20230619,Grass,32,31,3:31,31,0,16,3,0,0,13,7,0:1|1:1|6:1,deciding_set_tiebreak_at_6_all_length_unknown,3 deciding set(s) ended 7-6; the score string does not say whether the tiebreak was first to 7 or first to 10
2023,2023-1056,Tokyo,P,20230925,Hard,32,27,3:27,27,0,5,0,0,0,5,7,,not_observable_no_deciding_set_reached_6_all,"5 deciding set(s), none reached 6-6"
2023,2023-1074,Hong Kong,I,20231009,Hard,32,31,3:31,29,2,9,1,0,0,8,7,3:1,deciding_set_tiebreak_at_6_all_length_unknown,1 deciding set(s) ended 7-6; the score string does not say whether the tiebreak was first to 7 or first to 10
2023,2023-1077,Nanchang,I,20231016,Hard,32,31,3:31,28,3,3,2,0,0,1,7,3:1|4:1,deciding_set_tiebreak_at_6_all_length_unknown,2 deciding set(s) ended 7-6; the score string does not say whether the tiebreak was first to 7 or first to 10
2023,2023-1080,Nottingham,I,20230612,Grass,32,31,3:31,31,0,8,2,0,0,6,7,4:1|5:1,deciding_set_tiebreak_at_6_all_length_unknown,2 deciding set(s) ended 7-6; the score string does not say whether the tiebreak was first to 7 or first to 10
2023,2023-1081,Zhuhai,F,20231023,Hard,12,15,3:15,15,0,7,0,0,0,7,7,,not_observable_no_deciding_set_reached_6_all,"7 deciding set(s), none reached 6-6"
2023,2023-1082,Prague,I,20230731,Hard,32,31,3:31,29,2,14,2,0,0,12,7,5:1|6:1,deciding_set_tiebreak_at_6_all_length_unknown,2 deciding set(s) ended 7-6; the score string does not say whether the tiebreak was first to 7 or first to 10
2023,2023-1094,Lausanne,I,20230724,Clay,32,31,3:31,29,2,11,0,0,0,11,7,,not_observable_no_deciding_set_reached_6_all,"11 deciding set(s), none reached 6-6"
2023,2023-1096,Hua Hin,I,20230130,Hard,32,31,3:31,30,1,12,1,0,0,11,7,5:1,deciding_set_tiebreak_at_6_all_length_unknown,1 deciding set(s) ended 7-6; the score string does not say whether the tiebreak was first to 7 or first to 10
2023,2023-2008,Zhengzhou,P,20231009,Hard,32,27,3:27,25,2,4,0,0,0,4,7,,not_observable_no_deciding_set_reached_6_all,"4 deciding set(s), none reached 6-6"
2023,2023-2011,Lyon,I,20230130,Hard,32,31,3:31,29,2,10,0,0,0,10,7,,not_observable_no_deciding_set_reached_6_all,"10 deciding set(s), none reached 6-6"
2023,2023-2012,Berlin,P,20230619,Grass,32,31,3:31,29,2,5,1,0,0,4,7,7:1,deciding_set_tiebreak_at_6_all_length_unknown,1 deciding set(s) ended 7-6; the score string does not say whether the tiebreak was first to 7 or first to 10
2023,2023-2014,Adelaide 2,P,20230109,Hard,32,29,3:29,24,5,5,0,0,0,5,7,,not_observable_no_deciding_set_reached_6_all,"5 deciding set(s), none reached 6-6"
2023,2023-2017,Bad Homburg,I,20230626,Grass,32,31,3:31,29,2,8,0,0,0,8,7,,not_observable_no_deciding_set_reached_6_all,"8 deciding set(s), none reached 6-6"
2023,2023-2036,Budapest,I,20230717,Clay,32,31,3:31,30,1,12,1,0,0,11,7,6:1,deciding_set_tiebreak_at_6_all_length_unknown,1 deciding set(s) ended 7-6; the score string does not say whether the tiebreak was first to 7 or first to 10
2023,2023-2037,Warsaw,I,20230724,Hard,32,31,3:31,31,0,10,1,0,0,9,7,4:1,deciding_set_tiebreak_at_6_all_length_unknown,1 deciding set(s) ended 7-6; the score string does not say whether the tiebreak was first to 7 or first to 10
2023,2023-2040,Cleveland,I,20230821,Hard,32,31,3:31,27,4,8,0,0,0,8,7,,not_observable_no_deciding_set_reached_6_all,"8 deciding set(s), none reached 6-6"
2023,2023-2042,Hamburg,I,20230723,Clay,32,31,3:31,31,0,13,0,0,0,13,7,,not_observable_no_deciding_set_reached_6_all,"13 deciding set(s), none reached 6-6"
2023,2023-2050,Cluj Napoca,I,20231016,Hard,32,31,3:31,31,0,14,1,0,0,13,7,5:1,deciding_set_tiebreak_at_6_all_length_unknown,1 deciding set(s) ended 7-6; the score string does not say whether the tiebreak was first to 7 or first to 10
2023,2023-2072,Monastir,I,20231016,Hard,32,31,3:31,31,0,10,1,0,0,9,7,2:1,deciding_set_tiebreak_at_6_all_length_unknown,1 deciding set(s) ended 7-6; the score string does not say whether the tiebreak was first to 7 or first to 10
2023,2023-2074,San Diego,P,20230911,Hard,32,27,3:27,26,1,15,1,0,0,14,7,4:1,deciding_set_tiebreak_at_6_all_length_unknown,1 deciding set(s) ended 7-6; the score string does not say whether the tiebreak was first to 7 or first to 10
2023,2023-2075,Guadalajara,P,20230918,Hard,64,55,3:55,55,0,10,2,0,0,8,7,2:1|4:1,deciding_set_tiebreak_at_6_all_length_unknown,2 deciding set(s) ended 7-6; the score string does not say whether the tiebreak was first to 7 or first to 10
2023,2023-2082,Austin,I,20230227,Hard,32,31,3:31,31,0,14,4,0,0,10,7,3:2|5:1|8:1,deciding_set_tiebreak_at_6_all_length_unknown,4 deciding set(s) ended 7-6; the score string does not say whether the tiebreak was first to 7 or first to 10
2023,2023-2085,Merida,I,20230220,Hard,32,31,3:31,29,2,13,2,0,0,11,7,1:1|5:1,deciding_set_tiebreak_at_6_all_length_unknown,2 deciding set(s) ended 7-6; the score string does not say whether the tiebreak was first to 7 or first to 10
2023,2023-2088,Abu Dhabi,P,20230206,Hard,32,27,3:27,26,1,11,1,0,0,10,7,4:1,deciding_set_tiebreak_at_6_all_length_unknown,1 deciding set(s) ended 7-6; the score string does not say whether the tiebreak was first to 7 or first to 10
2023,2023-2092,Ningbo,I,20230925,Hard,32,31,3:31,28,3,10,1,0,0,9,7,3:1,deciding_set_tiebreak_at_6_all_length_unknown,1 deciding set(s) ended 7-6; the score string does not say whether the tiebreak was first to 7 or first to 10
2023,2023-405,Osaka,I,20230911,Hard,32,31,3:31,31,0,10,1,0,0,9,7,5:1,deciding_set_tiebreak_at_6_all_length_unknown,1 deciding set(s) ended 7-6; the score string does not say whether the tiebreak was first to 7 or first to 10
2023,2023-406,Strasbourg,I,20230522,Clay,32,31,3:31,30,1,13,1,0,0,12,7,3:1,deciding_set_tiebreak_at_6_all_length_unknown,1 deciding set(s) ended 7-6; the score string does not say whether the tiebreak was first to 7 or first to 10
2023,2023-466,Palermo,I,20230717,Clay,32,31,3:31,30,1,12,0,0,0,12,7,,not_observable_no_deciding_set_reached_6_all,"12 deciding set(s), none reached 6-6"
2023,2023-520,Roland Garros,G,20230529,Clay,128,127,3:127,122,5,42,0,0,0,42,7,,not_observable_no_deciding_set_reached_6_all,"42 deciding set(s), none reached 6-6"
2023,2023-528,Linz,I,20230206,Hard,32,31,3:31,30,1,10,2,0,0,8,7,3:1|6:1,deciding_set_tiebreak_at_6_all_length_unknown,2 deciding set(s) ended 7-6; the score string does not say whether the tiebreak was first to 7 or first to 10
2023,2023-540,Wimbledon,G,20230703,Grass,128,127,3:127,123,4,47,8,0,0,39,7,2:1|6:2|7:2|9:2|18:1,deciding_set_tiebreak_at_6_all_length_unknown,8 deciding set(s) ended 7-6; the score string does not say whether the tiebreak was first to 7 or first to 10
2023,2023-560,Us Open,G,20230828,Hard,128,127,3:127,126,1,44,4,0,0,40,7,3:1|5:1|6:1|8:1,deciding_set_tiebreak_at_6_all_length_unknown,4 deciding set(s) ended 7-6; the score string does not say whether the tiebreak was first to 7 or first to 10
2023,2023-580,Australian Open,G,20230116,Hard,128,127,3:127,127,0,34,2,0,0,32,7,6:1|7:1,deciding_set_tiebreak_at_6_all_length_unknown,2 deciding set(s) ended 7-6; the score string does not say whether the tiebreak was first to 7 or first to 10
2023,2023-609,Indian Wells,PM,20230306,Hard,96,95,3:95,92,3,40,3,0,0,37,7,1:1|6:1|11:1,deciding_set_tiebreak_at_6_all_length_unknown,3 deciding set(s) ended 7-6; the score string does not say whether the tiebreak was first to 7 or first to 10
2023,2023-709,Rome,PM,20230508,Clay,96,95,3:95,90,5,39,3,0,0,36,7,2:2|4:1,deciding_set_tiebreak_at_6_all_length_unknown,3 deciding set(s) ended 7-6; the score string does not say whether the tiebreak was first to 7 or first to 10
2023,2023-710,Eastbourne,P,20230626,Grass,32,31,3:31,27,4,6,1,0,0,5,7,3:1,deciding_set_tiebreak_at_6_all_length_unknown,1 deciding set(s) ended 7-6; the score string does not say whether the tiebreak was first to 7 or first to 10
2023,2023-718,Dubai,P,20230220,Hard,64,55,3:55,51,4,16,1,0,0,15,7,5:1,deciding_set_tiebreak_at_6_all_length_unknown,1 deciding set(s) ended 7-6; the score string does not say whether the tiebreak was first to 7 or first to 10
2023,2023-800,Adelaide 1,P,20230102,Hard,32,29,3:29,29,0,13,2,0,0,11,7,6:1|7:1,deciding_set_tiebreak_at_6_all_length_unknown,2 deciding set(s) ended 7-6; the score string does not say whether the tiebreak was first to 7 or first to 10
2023,2023-804,Charleston,P,20230403,Clay,64,55,3:55,54,1,18,0,0,0,18,6,,not_observable_no_deciding_set_reached_6_all,"18 deciding set(s), none reached 6-6"
2023,2023-806,Montreal,P,20230807,Hard,64,55,3:55,53,2,19,2,0,0,17,7,8:2,deciding_set_tiebreak_at_6_all_length_unknown,2 deciding set(s) ended 7-6; the score string does not say whether the tiebreak was first to 7 or first to 10
2023,2023-808,Cancun Finals,F,20231030,Hard,8,15,3:15,15,0,3,1,0,0,2,7,2:1,deciding_set_tiebreak_at_6_all_length_unknown,1 deciding set(s) ended 7-6; the score string does not say whether the tiebreak was first to 7 or first to 10
2023,2023-822,s Hertogenbosch,I,20230612,Grass,32,31,3:31,29,2,6,2,0,0,4,7,3:2,deciding_set_tiebreak_at_6_all_length_unknown,2 deciding set(s) ended 7-6; the score string does not say whether the tiebreak was first to 7 or first to 10
2023,2023-894,Bogota,I,20230403,Clay,32,31,3:31,30,1,8,2,0,0,6,7,3:1|6:1,deciding_set_tiebreak_at_6_all_length_unknown,2 deciding set(s) ended 7-6; the score string does not say whether the tiebreak was first to 7 or first to 10
2023,2023-902,Miami,PM,20230320,Hard,96,95,3:95,92,3,26,2,0,0,24,7,2:1|4:1,deciding_set_tiebreak_at_6_all_length_unknown,2 deciding set(s) ended 7-6; the score string does not say whether the tiebreak was first to 7 or first to 10
2023,2023-9900,United Cup,I,20230102,Hard,18,48,3:48,48,0,11,0,0,0,11,7,,not_observable_no_deciding_set_reached_6_all,"11 deciding set(s), none reached 6-6"
2023,2023-W-FC-2023-FLS,BJK Cup Finals,D,20231107,Hard,12,30,3:30,29,1,8,0,0,0,8,7,,not_observable_no_deciding_set_reached_6_all,"8 deciding set(s), none reached 6-6"
2023,2023-W-FC-2023-G1-AM-A-M-ARG-BOL-01,BJK Cup G1 RR: ARG vs BOL,D,20230412,Clay,2,2,3:2,2,0,0,0,0,0,0,0,,not_observable_no_deciding_set_played,no completed match reached a deciding set
2023,2023-W-FC-2023-G1-AM-A-M-ARG-CHI-01,BJK Cup G1 RR: ARG vs CHI,D,20230413,Clay,2,2,3:2,1,1,0,0,0,0,0,0,,not_observable_no_deciding_set_played,no completed match reached a deciding set
2023,2023-W-FC-2023-G1-AM-A-M-ARG-COL-01,BJK Cup G1 RR: ARG vs COL,D,20230415,Clay,2,2,3:2,2,0,0,0,0,0,0,0,,not_observable_no_deciding_set_played,no completed match reached a deciding set
2023,2023-W-FC-2023-G1-AM-A-M-ARG-GUA-01,BJK Cup G1 RR: ARG vs GUA,D,20230411,Clay,2,2,3:2,2,0,1,0,0,0,1,6,,not_observable_no_deciding_set_reached_6_all,"1 deciding set(s), none reached 6-6"
2023,2023-W-FC-2023-G1-AM-A-M-ARG-PER-01,BJK Cup G1 RR: ARG vs PER,D,20230414,Clay,2,2,3:2,2,0,0,0,0,0,0,0,,not_observable_no_deciding_set_played,no completed match reached a deciding set
2023,2023-W-FC-2023-G1-AM-A-M-BOL-GUA-01,BJK Cup G1 RR: BOL vs GUA,D,20230414,Clay,2,2,3:2,2,0,0,0,0,0,0,0,,not_observable_no_deciding_set_played,no completed match reached a deciding set
2023,2023-W-FC-2023-G1-AM-A-M-CHI-BOL-01,BJK Cup G1 RR: CHI vs BOL,D,20230415,Clay,2,2,3:2,2,0,0,0,0,0,0,0,,not_observable_no_deciding_set_played,no completed match reached a deciding set
2023,2023-W-FC-2023-G1-AM-A-M-CHI-GUA-01,BJK Cup G1 RR: CHI vs GUA,D,20230412,Clay,2,2,3:2,2,0,0,0,0,0,0,0,,not_observable_no_deciding_set_played,no completed match reached a deciding set
2023,2023-W-FC-2023-G1-AM-A-M-CHI-PER-01,BJK Cup G1 RR: CHI vs PER,D,20230411,Clay,2,2,3:2,2,0,0,0,0,0,0,0,,not_observable_no_deciding_set_played,no completed match reached a deciding set
2023,2023-W-FC-2023-G1-AM-A-M-COL-BOL-01,BJK Cup G1 RR: COL vs BOL,D,20230411,Clay,2,2,3:2,2,0,0,0,0,0,0,0,,not_observable_no_deciding_set_played,no completed match reached a deciding set
2023,2023-W-FC-2023-G1-AM-A-M-COL-CHI-01,BJK Cup G1 RR: COL vs CHI,D,20230414,Clay,2,2,3:2,2,0,0,0,0,0,0,0,,not_observable_no_deciding_set_played,no completed match reached a deciding set
2023,2023-W-FC-2023-G1-AM-A-M-COL-GUA-01,BJK Cup G1 RR: COL vs GUA,D,20230413,Clay,2,2,3:2,2,0,0,0,0,0,0,0,,not_observable_no_deciding_set_played,no completed match reached a deciding set
2023,2023-W-FC-2023-G1-AM-A-M-COL-PER-01,BJK Cup G1 RR: COL vs PER,D,20230412,Clay,2,2,3:2,2,0,0,0,0,0,0,0,,not_observable_no_deciding_set_played,no completed match reached a deciding set
2023,2023-W-FC-2023-G1-AM-A-M-PER-BOL-01,BJK Cup G1 RR: PER vs BOL,D,20230413,Clay,2,2,3:2,2,0,0,0,0,0,0,0,,not_observable_no_deciding_set_played,no completed match reached a deciding set
2023,2023-W-FC-2023-G1-AM-A-M-PER-GUA-01,BJK Cup G1 RR: PER vs GUA,D,20230415,Clay,2,2,3:2,2,0,1,1,0,0,0,7,5:1,deciding_set_tiebreak_at_6_all_length_unknown,1 deciding set(s) ended 7-6; the score string does not say whether the tiebreak was first to 7 or first to 10
2023,2023-W-FC-2023-G1-AO-A-M-CHN-IND-01,BJK Cup G1 RR: CHN vs IND,D,20230413,Hard,2,2,3:2,2,0,0,0,0,0,0,0,,not_observable_no_deciding_set_played,no completed match reached a deciding set
2023,2023-W-FC-2023-G1-AO-A-M-CHN-KOR-01,BJK Cup G1 RR: CHN vs KOR,D,20230412,Hard,2,2,3:2,2,0,1,0,0,0,1,6,,not_observable_no_deciding_set_reached_6_all,"1 deciding set(s), none reached 6-6"
2023,2023-W-FC-2023-G1-AO-A-M-CHN-THA-01,BJK Cup G1 RR: CHN vs THA,D,20230414,Hard,2,2,3:2,2,0,1,0,0,0,1,6,,not_observable_no_deciding_set_reached_6_all,"1 deciding set(s), none reached 6-6"
2023,2023-W-FC-2023-G1-AO-A-M-CHN-UZB-01,BJK Cup G1 RR: CHN vs UZB,D,20230411,Hard,2,2,3:2,2,0,0,0,0,0,0,0,,not_observable_no_deciding_set_played,no completed match reached a deciding set
2023,2023-W-FC-2023-G1-AO-A-M-IND-KOR-01,BJK Cup G1 RR: IND vs KOR,D,20230415,Hard,2,2,3:2,2,0,2,0,0,0,2,6,,not_observable_no_deciding_set_reached_6_all,"2 deciding set(s), none reached 6-6"
2023,2023-W-FC-2023-G1-AO-A-M-IND-THA-01,BJK Cup G1 RR: IND vs THA,D,20230411,Hard,2,2,3:2,2,0,1,0,0,0,1,6,,not_observable_no_deciding_set_reached_6_all,"1 deciding set(s), none reached 6-6"
2023,2023-W-FC-2023-G1-AO-A-M-IND-UZB-01,BJK Cup G1 RR: IND vs UZB,D,20230412,Hard,2,2,3:2,2,0,1,0,0,0,1,6,,not_observable_no_deciding_set_reached_6_all,"1 deciding set(s), none reached 6-6"
2023,2023-W-FC-2023-G1-AO-A-M-JPN-CHN-01,BJK Cup G1 RR: JPN vs CHN,D,20230415,Hard,2,2,3:2,2,0,1,0,0,0,1,6,,not_observable_no_deciding_set_reached_6_all,"1 deciding set(s), none reached 6-6"
2023,2023-W-FC-2023-G1-AO-A-M-JPN-IND-01,BJK Cup G1 RR: JPN vs IND,D,20230414,Hard,2,2,3:2,2,0,1,0,0,0,1,6,,not_observable_no_deciding_set_reached_6_all,"1 deciding set(s), none reached 6-6"
2023,2023-W-FC-2023-G1-AO-A-M-JPN-KOR-01,BJK Cup G1 RR: JPN vs KOR,D,20230411,Hard,2,2,3:2,2,0,0,0,0,0,0,0,,not_observable_no_deciding_set_played,no completed match reached a deciding set
2023,2023-W-FC-2023-G1-AO-A-M-JPN-THA-01,BJK Cup G1 RR: JPN vs THA,D,20230412,Hard,2,2,3:2,2,0,1,0,0,0,1,7,,not_observable_no_deciding_set_reached_6_all,"1 deciding set(s), none reached 6-6"
2023,2023-W-FC-2023-G1-AO-A-M-JPN-UZB-01,BJK Cup G1 RR: JPN vs UZB,D,20230413,Hard,2,2,3:2,2,0,0,0,0,0,0,0,,not_observable_no_deciding_set_played,no completed match reached a deciding set
2023,2023-W-FC-2023-G1-AO-A-M-KOR-THA-01,BJK Cup G1 RR: KOR vs THA,D,20230413,Hard,2,2,3:2,2,0,1,0,0,0,1,6,,not_observable_no_deciding_set_reached_6_all,"1 deciding set(s), none reached 6-6"
2023,2023-W-FC-2023-G1-AO-A-M-KOR-UZB-01,BJK Cup G1 RR: KOR vs UZB,D,20230414,Hard,2,2,3:2,2,0,0,0,0,0,0,0,,not_observable_no_deciding_set_played,no completed match reached a deciding set
2023,2023-W-FC-2023-G1-AO-A-M-UZB-THA-01,BJK Cup G1 RR: UZB vs THA,D,20230415,Hard,2,2,3:2,2,0,0,0,0,0,0,0,,not_observable_no_deciding_set_played,no completed match reached a deciding set
2023,2023-W-FC-2023-G1-EPA-A-M-HUN-EGY-01,BJK Cup G1 RR: HUN vs EGY,D,20230411,Clay,2,2,3:2,2,0,0,0,0,0,0,0,,not_observable_no_deciding_set_played,no completed match reached a deciding set
2023,2023-W-FC-2023-G1-EPA-A-M-HUN-NED-01,BJK Cup G1 RR: HUN vs NED,D,20230414,Clay,2,2,3:2,2,0,0,0,0,0,0,0,,not_observable_no_deciding_set_played,no completed match reached a deciding set
2023,2023-W-FC-2023-G1-EPA-A-M-HUN-TUR-01,BJK Cup G1 RR: HUN vs TUR,D,20230412,Clay,2,2,3:2,2,0,1,0,0,0,1,7,,not_observable_no_deciding_set_reached_6_all,"1 deciding set(s), none reached 6-6"
2023,2023-W-FC-2023-G1-EPA-A-M-LAT-EGY-01,BJK Cup G1 RR: LAT vs EGY,D,20230412,Clay,2,2,3:2,2,0,0,0,0,0,0,0,,not_observable_no_deciding_set_played,no completed match reached a deciding set
2023,2023-W-FC-2023-G1-EPA-A-M-LAT-HUN-01,BJK Cup G1 RR: LAT vs HUN,D,20230413,Clay,2,2,3:2,2,0,0,0,0,0,0,0,,not_observable_no_deciding_set_played,no completed match reached a deciding set
2023,2023-W-FC-2023-G1-EPA-A-M-LAT-NED-01,BJK Cup G1 RR: LAT vs NED,D,20230410,Clay,2,2,3:2,2,0,1,0,0,0,1,6,,not_observable_no_deciding_set_reached_6_all,"1 deciding set(s), none reached 6-6"
2023,2023-W-FC-2023-G1-EPA-A-M-LAT-TUR-01,BJK Cup G1 RR: LAT vs TUR,D,20230414,Clay,2,2,3:2,2,0,0,0,0,0,0,0,,not_observable_no_deciding_set_played,no completed match reached a deciding set
2023,2023-W-FC-2023-G1-EPA-A-M-NED-EGY-01,BJK Cup G1 RR: NED vs EGY,D,20230413,Clay,2,2,3:2,2,0,1,0,0,0,1,6,,not_observable_no_deciding_set_reached_6_all,"1 deciding set(s), none reached 6-6"
2023,2023-W-FC-2023-G1-EPA-A-M-TUR-EGY-01,BJK Cup G1 RR: TUR vs EGY,D,20230410,Clay,2,2,3:2,2,0,1,0,0,0,1,6,,not_observable_no_deciding_set_reached_6_all,"1 deciding set(s), none reached 6-6"
2023,2023-W-FC-2023-G1-EPA-A-M-TUR-NED-01,BJK Cup G1 RR: TUR vs NED,D,20230411,Clay,2,2,3:2,2,0,1,0,0,0,1,6,,not_observable_no_deciding_set_reached_6_all,"1 deciding set(s), none reached 6-6"
2023,2023-W-FC-2023-G1-EPA-B-M-BUL-DEN-01,BJK Cup G1 RR: BUL vs DEN,D,20230414,Clay,2,2,3:2,2,0,0,0,0,0,0,0,,not_observable_no_deciding_set_played,no completed match reached a deciding set
2023,2023-W-FC-2023-G1-EPA-B-M-BUL-NOR-01,BJK Cup G1 RR: BUL vs NOR,D,20230413,Clay,2,2,3:2,2,0,1,0,0,0,1,6,,not_observable_no_deciding_set_reached_6_all,"1 deciding set(s), none reached 6-6"
2023,2023-W-FC-2023-G1-EPA-B-M-CRO-BUL-01,BJK Cup G1 RR: CRO vs BUL,D,20230411,Clay,2,2,3:2,2,0,2,0,0,0,2,6,,not_observable_no_deciding_set_reached_6_all,"2 deciding set(s), none reached 6-6"
2023,2023-W-FC-2023-G1-EPA-B-M-CRO-DEN-01,BJK Cup G1 RR: CRO vs DEN,D,20230410,Clay,2,2,3:2,2,0,1,0,0,0,1,7,,not_observable_no_deciding_set_reached_6_all,"1 deciding set(s), none reached 6-6"
2023,2023-W-FC-2023-G1-EPA-B-M-CRO-NOR-01,BJK Cup G1 RR: CRO vs NOR,D,20230414,Clay,2,2,3:2,2,0,1,0,0,0,1,6,,not_observable_no_deciding_set_reached_6_all,"1 deciding set(s), none reached 6-6"
2023,2023-W-FC-2023-G1-EPA-B-M-DEN-NOR-01,BJK Cup G1 RR: DEN vs NOR,D,20230412,Clay,2,2,3:2,2,0,0,0,0,0,0,0,,not_observable_no_deciding_set_played,no completed match reached a deciding set
2023,2023-W-FC-2023-G1-EPA-B-M-SRB-BUL-01,BJK Cup G1 RR: SRB vs BUL,D,20230410,Clay,2,2,3:2,2,0,1,0,0,0,1,6,,not_observable_no_deciding_set_reached_6_all,"1 deciding set(s), none reached 6-6"
2023,2023-W-FC-2023-G1-EPA-B-M-SRB-CRO-01,BJK Cup G1 RR: SRB vs CRO,D,20230412,Clay,2,2,3:2,2,0,1,0,0,0,1,7,,not_observable_no_deciding_set_reached_6_all,"1 deciding set(s), none reached 6-6"
2023,2023-W-FC-2023-G1-EPA-B-M-SRB-DEN-01,BJK Cup G1 RR: SRB vs DEN,D,20230413,Clay,2,2,3:2,2,0,0,0,0,0,0,0,,not_observable_no_deciding_set_played,no completed match reached a deciding set
2023,2023-W-FC-2023-G1-EPA-B-M-SRB-NOR-01,BJK Cup G1 RR: SRB vs NOR,D,20230411,Clay,2,2,3:2,2,0,0,0,0,0,0,0,,not_observable_no_deciding_set_played,no completed match reached a deciding set
2023,2023-W-FC-2023-G1-EPA-B-M-SRB-SWE-01,BJK Cup G1 RR: SRB vs SWE,D,20230414,Clay,2,2,3:2,2,0,2,0,0,0,2,6,,not_observable_no_deciding_set_reached_6_all,"2 deciding set(s), none reached 6-6"
2023,2023-W-FC-2023-G1-EPA-B-M-SWE-BUL-01,BJK Cup G1 RR: SWE vs BUL,D,20230412,Clay,2,2,3:2,2,0,1,0,0,0,1,6,,not_observable_no_deciding_set_reached_6_all,"1 deciding set(s), none reached 6-6"
2023,2023-W-FC-2023-G1-EPA-B-M-SWE-CRO-01,BJK Cup G1 RR: SWE vs CRO,D,20230413,Clay,2,2,3:2,2,0,0,0,0,0,0,0,,not_observable_no_deciding_set_played,no completed match reached a deciding set
2023,2023-W-FC-2023-G1-EPA-B-M-SWE-DEN-01,BJK Cup G1 RR: SWE vs DEN,D,20230411,Clay,2,2,3:2,2,0,2,0,0,0,2,6,,not_observable_no_deciding_set_reached_6_all,"2 deciding set(s), none reached 6-6"
2023,2023-W-FC-2023-G1-EPA-B-M-SWE-NOR-01,BJK Cup G1 RR: SWE vs NOR,D,20230410,Clay,2,2,3:2,2,0,1,0,0,0,1,6,,not_observable_no_deciding_set_reached_6_all,"1 deciding set(s), none reached 6-6"
2023,2023-W-FC-2023-G1-EPA-PO-HUN-SWE-01,BJK Cup G1 PO: HUN vs SWE,D,20230415,Clay,2,2,3:2,2,0,1,0,0,0,1,6,,not_observable_no_deciding_set_reached_6_all,"1 deciding set(s), none reached 6-6"
2023,2023-W-FC-2023-G1-EPA-PP5-6-TUR-BUL-01,BJK Cup G1 PM: TUR vs BUL,D,20230415,Clay,2,2,3:2,2,0,1,0,0,0,1,6,,not_observable_no_deciding_set_reached_6_all,"1 deciding set(s), none reached 6-6"
2023,2023-W-FC-2023-G1-EPA-PP7-8-LAT-NOR-01,BJK Cup G1 PM: LAT vs NOR,D,20230415,Clay,2,2,3:2,2,0,0,0,0,0,0,0,,not_observable_no_deciding_set_played,no completed match reached a deciding set
2023,2023-W-FC-2023-G1-EPA-PPO-NED-SRB-01,BJK Cup G1 PPO: NED vs SRB,D,20230415,Clay,2,2,3:2,2,0,0,0,0,0,0,0,,not_observable_no_deciding_set_played,no completed match reached a deciding set
2023,2023-W-FC-2023-G1-EPA-REL-EGY-DEN-01,BJK Cup G1 REL: EGY vs DEN,D,20230415,Clay,2,2,3:2,2,0,1,0,0,0,1,6,,not_observable_no_deciding_set_reached_6_all,"1 deciding set(s), none reached 6-6"
2023,2023-W-FC-2023-G2-EPA-A-M-BIH-MLT-01,BJK Cup G2 RR: BIH vs MLT,D,20230410,Clay,2,2,3:2,2,0,1,0,0,0,1,6,,not_observable_no_deciding_set_reached_6_all,"1 deciding set(s), none reached 6-6"
2023,2023-W-FC-2023-G2-EPA-A-M-BIH-POR-01,BJK Cup G2 RR: BIH vs POR,D,20230412,Clay,2,2,3:2,2,0,1,0,0,0,1,6,,not_observable_no_deciding_set_reached_6_all,"1 deciding set(s), none reached 6-6"
2023,2023-W-FC-2023-G2-EPA-A-M-GRE-BIH-01,BJK Cup G2 RR: GRE vs BIH,D,20230413,Clay,2,2,3:2,1,1,0,0,0,0,0,0,,not_observable_no_deciding_set_played,no completed match reached a deciding set
2023,2023-W-FC-2023-G2-EPA-A-M-GRE-ISR-01,BJK Cup G2 RR: GRE vs ISR,D,20230411,Clay,2,2,3:2,2,0,0,0,0,0,0,0,,not_observable_no_deciding_set_played,no completed match reached a deciding set
2023,2023-W-FC-2023-G2-EPA-A-M-GRE-MLT-01,BJK Cup G2 RR: GRE vs MLT,D,20230412,Clay,2,2,3:2,2,0,1,0,0,0,1,6,,not_observable_no_deciding_set_reached_6_all,"1 deciding set(s), none reached 6-6"
2023,2023-W-FC-2023-G2-EPA-A-M-GRE-POR-01,BJK Cup G2 RR: GRE vs POR,D,20230414,Clay,2,2,3:2,2,0,0,0,0,0,0,0,,not_observable_no_deciding_set_played,no completed match reached a deciding set
2023,2023-W-FC-2023-G2-EPA-A-M-ISR-BIH-01,BJK Cup G2 RR: ISR vs BIH,D,20230414,Clay,2,2,3:2,2,0,0,0,0,0,0,0,,not_observable_no_deciding_set_played,no completed match reached a deciding set
2023,2023-W-FC-2023-G2-EPA-A-M-ISR-MLT-01,BJK Cup G2 RR: ISR vs MLT,D,20230413,Clay,2,2,3:2,1,1,0,0,0,0,0,0,,not_observable_no_deciding_set_played,no completed match reached a deciding set
2023,2023-W-FC-2023-G2-EPA-A-M-ISR-POR-01,BJK Cup G2 RR: ISR vs POR,D,20230410,Clay,2,2,3:2,2,0,1,0,0,0,1,6,,not_observable_no_deciding_set_reached_6_all,"1 deciding set(s), none reached 6-6"
2023,2023-W-FC-2023-G2-EPA-A-M-POR-MLT-01,BJK Cup G2 RR: POR vs MLT,D,20230411,Clay,2,2,3:2,2,0,0,0,0,0,0,0,,not_observable_no_deciding_set_played,no completed match reached a deciding set
2023,2023-W-FC-2023-G2-EPA-B-M-EST-GEO-01,BJK Cup G2 RR: EST vs GEO,D,20230414,Clay,2,2,3:2,1,1,0,0,0,0,0,0,,not_observable_no_deciding_set_played,no completed match reached a deciding set
2023,2023-W-FC-2023-G2-EPA-B-M-EST-IRL-01,BJK Cup G2 RR: EST vs IRL,D,20230412,Clay,2,2,3:2,2,0,0,0,0,0,0,0,,not_observable_no_deciding_set_played,no completed match reached a deciding set
2023,2023-W-FC-2023-G2-EPA-B-M-EST-KOS-01,BJK Cup G2 RR: EST vs KOS,D,20230411,Clay,2,2,3:2,2,0,0,0,0,0,0,0,,not_observable_no_deciding_set_played,no completed match reached a deciding set
2023,2023-W-FC-2023-G2-EPA-B-M-EST-RSA-01,BJK Cup G2 RR: EST vs RSA,D,20230410,Clay,2,2,3:2,2,0,0,0,0,0,0,0,,not_observable_no_deciding_set_played,no completed match reached a deciding set
2023,2023-W-FC-2023-G2-EPA-B-M-GEO-IRL-01,BJK Cup G2 RR: GEO vs IRL,D,20230410,Clay,2,2,3:2,1,1,1,0,0,0,1,6,,not_observable_no_deciding_set_reached_6_all,"1 deciding set(s), none reached 6-6"
2023,2023-W-FC-2023-G2-EPA-B-M-GEO-KOS-01,BJK Cup G2 RR: GEO vs KOS,D,20230413,Clay,2,2,3:2,2,0,0,0,0,0,0,0,,not_observable_no_deciding_set_played,no completed match reached a deciding set
2023,2023-W-FC-2023-G2-EPA-B-M-GEO-RSA-01,BJK Cup G2 RR: GEO vs RSA,D,20230411,Clay,2,2,3:2,2,0,1,0,0,0,1,6,,not_observable_no_deciding_set_reached_6_all,"1 deciding set(s), none reached 6-6"
2023,2023-W-FC-2023-G2-EPA-B-M-IRL-KOS-01,BJK Cup G2 RR: IRL vs KOS,D,20230414,Clay,2,2,3:2,2,0,1,0,0,0,1,6,,not_observable_no_deciding_set_reached_6_all,"1 deciding set(s), none reached 6-6"
2023,2023-W-FC-2023-G2-EPA-B-M-IRL-RSA-01,BJK Cup G2 RR: IRL vs RSA,D,20230413,Clay,2,2,3:2,2,0,1,1,0,0,0,7,5:1,deciding_set_tiebreak_at_6_all_length_unknown,1 deciding set(s) ended 7-6; the score string does not say whether the tiebreak was first to 7 or first to 10
2023,2023-W-FC-2023-G2-EPA-B-M-LTU-EST-01,BJK Cup G2 RR: LTU vs EST,D,20230413,Clay,2,2,3:2,2,0,0,0,0,0,0,0,,not_observable_no_deciding_set_played,no completed match reached a deciding set
2023,2023-W-FC-2023-G2-EPA-B-M-LTU-GEO-01,BJK Cup G2 RR: LTU vs GEO,D,20230412,Clay,2,2,3:2,2,0,2,0,0,0,2,6,,not_observable_no_deciding_set_reached_6_all,"2 deciding set(s), none reached 6-6"
2023,2023-W-FC-2023-G2-EPA-B-M-LTU-IRL-01,BJK Cup G2 RR: LTU vs IRL,D,20230411,Clay,2,2,3:2,2,0,0,0,0,0,0,0,,not_observable_no_deciding_set_played,no completed match reached a deciding set
2023,2023-W-FC-2023-G2-EPA-B-M-LTU-KOS-01,BJK Cup G2 RR: LTU vs KOS,D,20230410,Clay,2,2,3:2,2,0,1,0,0,0,1,6,,not_observable_no_deciding_set_reached_6_all,"1 deciding set(s), none reached 6-6"
2023,2023-W-FC-2023-G2-EPA-B-M-LTU-RSA-01,BJK Cup G2 RR: LTU vs RSA,D,20230414,Clay,2,2,3:2,2,0,1,0,0,0,1,6,,not_observable_no_deciding_set_reached_6_all,"1 deciding set(s), none reached 6-6"
2023,2023-W-FC-2023-G2-EPA-B-M-RSA-KOS-01,BJK Cup G2 RR: RSA vs KOS,D,20230412,Clay,2,2,3:2,2,0,1,0,0,0,1,6,,not_observable_no_deciding_set_reached_6_all,"1 deciding set(s), none reached 6-6"
2023,2023-W-FC-2023-G2-EPA-PP5-8-BIH-KOS-01,BJK Cup G2 PM: BIH vs KOS,D,20230415,Clay,2,2,3:2,2,0,0,0,0,0,0,0,,not_observable_no_deciding_set_played,no completed match reached a deciding set
2023,2023-W-FC-2023-G2-EPA-PP5-8-LTU-ISR-01,BJK Cup G2 PM: LTU vs ISR,D,20230415,Clay,2,2,3:2,2,0,0,0,0,0,0,0,,not_observable_no_deciding_set_played,no completed match reached a deciding set
2023,2023-W-FC-2023-G2-EPA-PPO-EST-GRE-01,BJK Cup G2 PPO: EST vs GRE,D,20230415,Clay,2,2,3:2,2,0,0,0,0,0,0,0,,not_observable_no_deciding_set_played,no completed match reached a deciding set
2023,2023-W-FC-2023-G2-EPA-PPO-POR-GEO-01,BJK Cup G2 PPO: POR vs GEO,D,20230415,Clay,2,2,3:2,2,0,0,0,0,0,0,0,,not_observable_no_deciding_set_played,no completed match reached a deciding set
2023,2023-W-FC-2023-G2-EPA-REL-MLT-RSA-01,BJK Cup G2 REL: MLT vs RSA,D,20230415,Clay,2,2,3:2,2,0,0,0,0,0,0,0,,not_observable_no_deciding_set_played,no completed match reached a deciding set
2023,2023-W-FC-2023-POS,BJK Cup Playoffs,D,20231110,Hard,16,30,3:30,30,0,8,0,0,0,8,7,,not_observable_no_deciding_set_reached_6_all,"8 deciding set(s), none reached 6-6"
2023,2023-W-FC-2023-QLS-M-CAN-BEL-01,BJK Cup QLS R1: CAN vs BEL,D,20230414,Hard,4,4,3:4,4,0,3,0,0,0,3,6,,not_observable_no_deciding_set_reached_6_all,"3 deciding set(s), none reached 6-6"
2023,2023-W-FC-2023-QLS-M-CZE-UKR-01,BJK Cup QLS R1: CZE vs UKR,D,20230414,Clay,4,4,3:4,4,0,1,0,0,0,1,6,,not_observable_no_deciding_set_reached_6_all,"1 deciding set(s), none reached 6-6"
2023,2023-W-FC-2023-QLS-M-ESP-MEX-01,BJK Cup QLS R1: ESP vs MEX,D,20230414,Clay,4,3,3:3,3,0,0,0,0,0,0,0,,not_observable_no_deciding_set_played,no completed match reached a deciding set
2023,2023-W-FC-2023-QLS-M-FRA-GBR-01,BJK Cup QLS R1: FRA vs GBR,D,20230414,Hard,4,3,3:3,3,0,2,1,0,0,1,7,2:1,deciding_set_tiebreak_at_6_all_length_unknown,1 deciding set(s) ended 7-6; the score string does not say whether the tiebreak was first to 7 or first to 10
2023,2023-W-FC-2023-QLS-M-GER-BRA-01,BJK Cup QLS R1: GER vs BRA,D,20230414,Clay,4,4,3:4,4,0,3,0,0,0,3,7,,not_observable_no_deciding_set_reached_6_all,"3 deciding set(s), none reached 6-6"
2023,2023-W-FC-2023-QLS-M-KAZ-POL-01,BJK Cup QLS R1: KAZ vs POL,D,20230414,Clay,4,3,3:3,3,0,0,0,0,0,0,0,,not_observable_no_deciding_set_played,no completed match reached a deciding set
2023,2023-W-FC-2023-QLS-M-ROU-SLO-01,BJK Cup QLS R1: ROU vs SLO,D,20230414,Clay,4,4,3:4,4,0,3,0,0,0,3,7,,not_observable_no_deciding_set_reached_6_all,"3 deciding set(s), none reached 6-6"
2023,2023-W-FC-2023-QLS-M-SVK-ITA-01,BJK Cup QLS R1: SVK vs ITA,D,20230414,Hard,4,4,3:4,4,0,1,0,0,0,1,6,,not_observable_no_deciding_set_reached_6_all,"1 deciding set(s), none reached 6-6"
2023,2023-W-FC-2023-QLS-M-USA-AUT-01,BJK Cup QLS R1: USA vs AUT,D,20230414,Hard,4,3,3:3,3,0,0,0,0,0,0,0,,not_observable_no_deciding_set_played,no completed match reached a deciding set
2024,2024-0096,Paris Olympics,O,20240729,Clay,64,64,3:64,62,2,18,3,0,0,15,7,3:1|6:1|8:1,deciding_set_tiebreak_at_6_all_length_unknown,3 deciding set(s) ended 7-6; the score string does not say whether the tiebreak was first to 7 or first to 10
2024,2024-1003,Doha,P,20240212,Hard,64,55,3:55,52,3,13,1,0,0,12,7,5:1,deciding_set_tiebreak_at_6_all_length_unknown,1 deciding set(s) ended 7-6; the score string does not say whether the tiebreak was first to 7 or first to 10
2024,2024-1005,Rabat,I,20240520,Clay,32,31,3:31,28,3,7,1,0,0,6,7,4:1,deciding_set_tiebreak_at_6_all_length_unknown,1 deciding set(s) ended 7-6; the score string does not say whether the tiebreak was first to 7 or first to 10
2024,2024-1017,Cincinnati,PM,20240812,Hard,64,55,3:55,55,0,25,4,0,0,21,7,1:1|3:1|5:1|7:1,deciding_set_tiebreak_at_6_all_length_unknown,4 deciding set(s) ended 7-6; the score string does not say whether the tiebreak was first to 7 or first to 10
2024,2024-1020,Beijing,PM,20240925,Hard,128,95,3:95,93,2,36,1,0,0,35,7,5:1,deciding_set_tiebreak_at_6_all_length_unknown,1 deciding set(s) ended 7-6; the score string does not say whether the tiebreak was first to 7 or first to 10
2024,2024-1023,Guangzhou,I,20241021,Hard,32,31,3:31,30,1,7,2,0,0,5,7,6:1|9:1,deciding_set_tiebreak_at_6_all_length_unknown,2 deciding set(s) ended 7-6; the score string does not say whether the tiebreak was first to 7 or first to 10
2024,2024-1024,Seoul,P,20240916,Hard,32,27,3:27,25,2,5,0,0,0,5,6,,not_observable_no_deciding_set_reached_6_all,"5 deciding set(s), none reached 6-6"
2024,2024-1038,Madrid,PM,20240422,Clay,128,95,3:95,94,1,36,5,0,0,31,7,2:1|5:2|7:1|8:1,deciding_set_tiebreak_at_6_all_length_unknown,5 deciding set(s) ended 7-6; the score string does not say whether the tiebreak was first to 7 or first to 10
2024,2024-1039,Monterrey,P,20240819,Hard,32,27,3:27,27,0,11,3,0,0,8,7,2:2|6:1,deciding_set_tiebreak_at_6_all_length_unknown,3 deciding set(s) ended 7-6; the score string does not say whether the tiebreak was first to 7 or first to 10
2024,2024-1045,Washington,P,20240729,Hard,32,27,3:27,25,2,12,0,0,0,12,6,,not_observable_no_deciding_set_reached_6_all,"12 deciding set(s), none reached 6-6"
2024,2024-1049,Auckland,I,20240101,Hard,32,31,3:31,31,0,14,2,0,0,12,7,2:1|3:1,deciding_set_tiebreak_at_6_all_length_unknown,2 deciding set(s) ended 7-6; the score string does not say whether the tiebreak was first to 7 or first to 10
2024,2024-1050,Hobart,I,20240108,Hard,32,31,3:31,30,1,15,2,0,0,13,7,4:1|5:1,deciding_set_tiebreak_at_6_all_length_unknown,2 deciding set(s) ended 7-6; the score string does not say whether the tiebreak was first to 7 or first to 10
2024,2024-1051,Stuttgart,P,20240415,Clay,32,27,3:27,26,1,12,2,0,0,10,7,1:1|6:1,deciding_set_tiebreak_at_6_all_length_unknown,2 deciding set(s) ended 7-6; the score string does not say whether the tiebreak was first to 7 or first to 10
2024,2024-1052,Birmingham,I,20240617,Grass,32,31,3:31,29,2,9,1,0,0,8,7,5:1,deciding_set_tiebreak_at_6_all_length_unknown,1 deciding set(s) ended 7-6; the score string does not say whether the tiebreak was first to 7 or first to 10
2024,2024-1056,Tokyo,P,20241021,Hard,32,27,3:27,24,3,7,2,0,0,5,7,6:2,deciding_set_tiebreak_at_6_all_length_unknown,2 deciding set(s) ended 7-6; the score string does not say whether the tiebreak was first to 7 or first to 10
2024,2024-1074,Hong Kong,I,20241028,Hard,32,31,3:31,31,0,7,0,0,0,7,7,,not_observable_no_deciding_set_reached_6_all,"7 deciding set(s), none reached 6-6"
2024,2024-1075,Wuhan,PM,20241007,Hard,64,55,3:55,52,3,21,3,0,0,18,7,2:1|4:1|6:1,deciding_set_tiebreak_at_6_all_length_unknown,3 deciding set(s) ended 7-6; the score string does not say whether the tiebreak was first to 7 or first to 10
2024,2024-1077,Jiujiang,I,20241028,Hard,32,31,3:31,30,1,10,3,0,0,7,7,3:1|5:1|6:1,deciding_set_tiebreak_at_6_all_length_unknown,3 deciding set(s) ended 7-6; the score string does not say whether the tiebreak was first to 7 or first to 10
2024,2024-1080,Nottingham,I,20240610,Grass,32,31,3:31,30,1,11,1,0,0,10,7,6:1,deciding_set_tiebreak_at_6_all_length_unknown,1 deciding set(s) ended 7-6; the score string does not say whether the tiebreak was first to 7 or first to 10
2024,2024-1082,Prague,I,20240722,Clay,32,31,3:31,28,3,12,2,0,0,10,7,2:1|5:1,deciding_set_tiebreak_at_6_all_length_unknown,2 deciding set(s) ended 7-6; the score string does not say whether the tiebreak was first to 7 or first to 10
2024,2024-1096,Hua Hin,I,20240129,Hard,32,31,3:31,29,2,10,1,0,0,9,7,4:1,deciding_set_tiebreak_at_6_all_length_unknown,1 deciding set(s) ended 7-6; the score string does not say whether the tiebreak was first to 7 or first to 10
2024,2024-1121,Hua Hin 2,I,20240916,Hard,32,31,3:31,30,1,13,2,0,0,11,7,1:1|3:1,deciding_set_tiebreak_at_6_all_length_unknown,2 deciding set(s) ended 7-6; the score string does not say whether the tiebreak was first to 7 or first to 10
2024,2024-2012,Berlin,P,20240617,Grass,32,27,3:27,23,4,11,1,0,0,10,7,3:1,deciding_set_tiebreak_at_6_all_length_unknown,1 deciding set(s) ended 7-6; the score string does not say whether the tiebreak was first to 7 or first to 10
2024,2024-2014,Adelaide,P,20240108,Hard,32,29,3:29,27,2,12,0,0,0,12,7,,not_observable_no_deciding_set_reached_6_all,"12 deciding set(s), none reached 6-6"
2024,2024-2017,Bad Homburg,P,20240624,Grass,32,31,3:31,29,2,11,2,0,0,9,7,4:1|9:1,deciding_set_tiebreak_at_6_all_length_unknown,2 deciding set(s) ended 7-6; the score string does not say whether the tiebreak was first to 7 or first to 10
2024,2024-2036,Budapest,I,20240715,Clay,32,31,3:31,29,2,12,1,0,0,11,7,5:1,deciding_set_tiebreak_at_6_all_length_unknown,1 deciding set(s) ended 7-6; the score string does not say whether the tiebreak was first to 7 or first to 10
2024,2024-2040,Cleveland,I,20240819,Hard,32,31,3:31,31,0,13,2,0,0,11,7,2:1|5:1,deciding_set_tiebreak_at_6_all_length_unknown,2 deciding set(s) ended 7-6; the score string does not say whether the tiebreak was first to 7 or first to 10
2024,2024-2050,Cluj-Napoca,I,20240205,Hard,32,31,3:31,30,1,6,1,0,0,5,7,5:1,deciding_set_tiebreak_at_6_all_length_unknown,1 deciding set(s) ended 7-6; the score string does not say whether the tiebreak was first to 7 or first to 10
2024,2024-2052,Buenos Aires 125,W,20241125,Clay,32,31,3:31,31,0,15,0,0,0,15,7,,not_observable_no_deciding_set_reached_6_all,"15 deciding set(s), none reached 6-6"
2024,2024-2063,Iasi,I,20240722,Clay,32,30,3:30,28,2,7,1,0,0,6,7,1:1,deciding_set_tiebreak_at_6_all_length_unknown,1 deciding set(s) ended 7-6; the score string does not say whether the tiebreak was first to 7 or first to 10
2024,2024-2066,Rouen,I,20240415,Clay,32,31,3:31,30,1,12,2,0,0,10,7,2:1|6:1,deciding_set_tiebreak_at_6_all_length_unknown,2 deciding set(s) ended 7-6; the score string does not say whether the tiebreak was first to 7 or first to 10
2024,2024-2072,Monastir,I,20240909,Hard,32,31,3:31,30,1,12,1,0,0,11,7,4:1,deciding_set_tiebreak_at_6_all_length_unknown,1 deciding set(s) ended 7-6; the score string does not say whether the tiebreak was first to 7 or first to 10
2024,2024-2074,San Diego,P,20240226,Hard,32,27,3:27,26,1,14,0,0,0,14,6,,not_observable_no_deciding_set_reached_6_all,"14 deciding set(s), none reached 6-6"
2024,2024-2075,Guadalajara,P,20240909,Hard,32,27,3:27,25,2,6,1,0,0,5,7,0:1,deciding_set_tiebreak_at_6_all_length_unknown,1 deciding set(s) ended 7-6; the score string does not say whether the tiebreak was first to 7 or first to 10
2024,2024-2082,Austin,I,20240226,Hard,32,31,3:31,29,2,8,1,0,0,7,7,5:1,deciding_set_tiebreak_at_6_all_length_unknown,1 deciding set(s) ended 7-6; the score string does not say whether the tiebreak was first to 7 or first to 10
2024,2024-2085,Merida,I,20241028,Hard,32,31,3:31,29,2,9,2,0,0,7,7,2:1|4:1,deciding_set_tiebreak_at_6_all_length_unknown,2 deciding set(s) ended 7-6; the score string does not say whether the tiebreak was first to 7 or first to 10
2024,2024-2088,Abu Dhabi,P,20240205,Hard,32,27,3:27,26,1,9,1,0,0,8,7,2:1,deciding_set_tiebreak_at_6_all_length_unknown,1 deciding set(s) ended 7-6; the score string does not say whether the tiebreak was first to 7 or first to 10
2024,2024-2092,Ningbo,P,20241014,Hard,32,27,3:27,24,3,8,1,0,0,7,7,6:1,deciding_set_tiebreak_at_6_all_length_unknown,1 deciding set(s) ended 7-6; the score string does not say whether the tiebreak was first to 7 or first to 10
2024,2024-405,Osaka,I,20241014,Hard,32,31,3:31,30,1,9,1,0,0,8,7,3:1,deciding_set_tiebreak_at_6_all_length_unknown,1 deciding set(s) ended 7-6; the score string does not say whether the tiebreak was first to 7 or first to 10
2024,2024-406,Strasbourg,I,20240520,Clay,32,27,3:27,27,0,10,0,0,0,10,6,,not_observable_no_deciding_set_reached_6_all,"10 deciding set(s), none reached 6-6"
2024,2024-466,Palermo,I,20240715,Clay,32,31,3:31,30,1,13,0,0,0,13,6,,not_observable_no_deciding_set_reached_6_all,"13 deciding set(s), none reached 6-6"
2024,2024-520,Roland Garros,G,20240527,Clay,128,127,3:127,126,1,37,6,0,0,31,7,5:1|6:3|8:1|9:1,deciding_set_tiebreak_at_6_all_length_unknown,6 deciding set(s) ended 7-6; the score string does not say whether the tiebreak was first to 7 or first to 10
2024,2024-528,Linz,P,20240129,Hard,32,27,3:27,27,0,7,2,0,0,5,7,6:1|7:1,deciding_set_tiebreak_at_6_all_length_unknown,2 deciding set(s) ended 7-6; the score string does not say whether the tiebreak was first to 7 or first to 10
2024,2024-540,Wimbledon,G,20240701,Grass,128,127,3:127,123,4,37,5,0,0,32,7,5:2|6:1|8:2,deciding_set_tiebreak_at_6_all_length_unknown,5 deciding set(s) ended 7-6; the score string does not say whether the tiebreak was first to 7 or first to 10
2024,2024-560,Us Open,G,20240826,Hard,128,127,3:127,122,5,37,2,0,0,35,7,6:1|8:1,deciding_set_tiebreak_at_6_all_length_unknown,2 deciding set(s) ended 7-6; the score string does not say whether the tiebreak was first to 7 or first to 10
2024,2024-580,Australian Open,G,20240115,Hard,128,127,3:127,124,3,48,5,0,0,43,7,5:1|6:1|8:1|9:1|20:1,deciding_set_tiebreak_at_6_all_length_unknown,5 deciding set(s) ended 7-6; the score string does not say whether the tiebreak was first to 7 or first to 10
2024,2024-609,Indian Wells,PM,20240306,Hard,128,95,3:95,92,3,34,6,0,0,28,7,2:1|4:3|5:1|6:1,deciding_set_tiebreak_at_6_all_length_unknown,6 deciding set(s) ended 7-6; the score string does not say whether the tiebreak was first to 7 or first to 10
2024,2024-709,Rome,PM,20240506,Clay,128,95,3:95,92,3,31,3,0,0,28,7,3:1|5:1|7:1,deciding_set_tiebreak_at_6_all_length_unknown,3 deciding set(s) ended 7-6; the score string does not say whether the tiebreak was first to 7 or first to 10
2024,2024-710,Eastbourne,P,20240624,Grass,32,27,3:27,23,4,9,0,0,0,9,7,,not_observable_no_deciding_set_reached_6_all,"9 deciding set(s), none reached 6-6"
2024,2024-718,Dubai,P,20240219,Hard,64,55,3:55,51,4,22,1,0,0,21,7,3:1,deciding_set_tiebreak_at_6_all_length_unknown,1 deciding set(s) ended 7-6; the score string does not say whether the tiebreak was first to 7 or first to 10
2024,2024-800,Brisbane,P,20240101,Hard,64,47,3:47,46,1,16,2,0,0,14,7,2:1|7:1,deciding_set_tiebreak_at_6_all_length_unknown,2 deciding set(s) ended 7-6; the score string does not say whether the tiebreak was first to 7 or first to 10
2024,2024-804,Charleston,P,20240401,Clay,64,47,3:47,47,0,16,5,0,0,11,7,3:1|5:1|6:2|7:1,deciding_set_tiebreak_at_6_all_length_unknown,5 deciding set(s) ended 7-6; the score string does not say whether the tiebreak was first to 7 or first to 10
2024,2024-806,Toronto,PM,20240805,Hard,64,55,3:55,50,5,14,3,0,0,11,7,1:1|2:1|5:1,deciding_set_tiebreak_at_6_all_length_unknown,3 deciding set(s) ended 7-6; the score string does not say whether the tiebreak was first to 7 or first to 10
2024,2024-808,Riyadh Finals,F,20241104,Hard,8,15,3:15,15,0,4,1,0,0,3,7,2:1,deciding_set_tiebreak_at_6_all_length_unknown,1 deciding set(s) ended 7-6; the score string does not say whether the tiebreak was first to 7 or first to 10
2024,2024-822,s Hertogenbosch,I,20240610,Grass,32,31,3:31,31,0,13,1,0,0,12,7,3:1,deciding_set_tiebreak_at_6_all_length_unknown,1 deciding set(s) ended 7-6; the score string does not say whether the tiebreak was first to 7 or first to 10
2024,2024-894,Bogota,I,20240401,Clay,32,31,3:31,31,0,13,0,0,0,13,7,,not_observable_no_deciding_set_reached_6_all,"13 deciding set(s), none reached 6-6"
2024,2024-902,Miami,PM,20240318,Hard,128,95,3:95,88,7,30,1,0,0,29,7,2:1,deciding_set_tiebreak_at_6_all_length_unknown,1 deciding set(s) ended 7-6; the score string does not say whether the tiebreak was first to 7 or first to 10
2024,2024-9900,United Cup,I,20240101,Hard,18,25,3:25,25,0,10,2,0,0,8,7,5:1|7:1,deciding_set_tiebreak_at_6_all_length_unknown,2 deciding set(s) ended 7-6; the score string does not say whether the tiebreak was first to 7 or first to 10
2024,2024-W-FC-2024-FLS,BJK Cup Finals,D,20241113,Hard,12,22,3:22,22,0,8,0,0,0,8,7,,not_observable_no_deciding_set_reached_6_all,"8 deciding set(s), none reached 6-6"
2024,2024-W-FC-2024-POS,BJK Cup Playoffs,D,20241115,,16,30,3:30,30,0,9,1,0,0,8,7,0:1,deciding_set_tiebreak_at_6_all_length_unknown,1 deciding set(s) ended 7-6; the score string does not say whether the tiebreak was first to 7 or first to 10
2024,2024-W-FC-2024-QUA,BJK Cup Qualifiers,D,20240412,,48,27,3:27,27,0,14,2,0,0,12,7,1:1|7:1,deciding_set_tiebreak_at_6_all_length_unknown,2 deciding set(s) ended 7-6; the score string does not say whether the tiebreak was first to 7 or first to 10
