season,td_location,td_tournament,tourney_id,tourney_name,surface_td,surface_mirror,date_gap_days,td_rows,mirror_rows,pair_overlap_td_in_mirror,pair_overlap_mirror_in_td,method,status,td_event_number,td_tier,td_court,td_date_min,td_date_max,td_missing_date_rows,td_rows_in_date_window,date_window_share,mirror_tourney_date,mirror_draw_size,mirror_level,name_evidence,surface_agreement,draw_compatible,round_alignment,pair_overlap_td_in_mirror_unordered,pair_overlap_mirror_in_td_unordered,pair_overlap_td_in_mirror_strict,pair_overlap_mirror_in_td_strict,depends_on_surname_link,best_candidate_tourney_id,best_candidate_tourney_name,best_candidate_overlap_td_in_mirror,best_candidate_overlap_mirror_in_td,runner_up_tourney_id,runner_up_tourney_name,runner_up_overlap_td_in_mirror,runner_up_overlap_mirror_in_td,td_keys,mirror_keys
2007,'s-Hertogenbosch,Ordina Open,2007-W-T3-NED-01A-2007,'s-Hertogenbosch,Grass,Grass,-1,29,29,1.0,1.0,pair_overlap_verified+exact_normalized_location+date_window+surface_agreement+draw_compatible+absolute_round_label,accepted,33,Tier 3,Outdoor,2007-06-17,2007-06-23,0,29,1.0,2007-06-18,30,T3,exact_normalized_location,True,True,absolute_round_label,1.0,1.0,0.862069,0.862069,True,2007-W-T3-NED-01A-2007,'s-Hertogenbosch,1.0,1.0,2007-W-T2-AUT-01A-2007,Linz,0.034483,0.037037,29,29
2007,Acapulco,Abierto Mexicano,2007-W-T3-MEX-01A-2007,Acapulco,Clay,Clay,0,31,31,1.0,1.0,pair_overlap_verified+exact_normalized_location+date_window+surface_agreement+draw_compatible+absolute_round_label,accepted,14,Tier 3,Outdoor,2007-02-26,2007-03-04,0,31,1.0,2007-02-26,32,T3,exact_normalized_location,True,True,absolute_round_label,1.0,1.0,0.903226,0.903226,False,2007-W-T3-MEX-01A-2007,Acapulco,1.0,1.0,2007-D001,Fed Cup WG R1: USA vs BEL,0.0,0.0,31,31
2007,Amelia Island,Bausch & Lomb Championships,2007-W-T2-USA-01A-2007,Amelia Island,Clay,Clay,0,55,55,1.0,1.0,pair_overlap_verified+exact_normalized_location+date_window+surface_agreement+draw_compatible+absolute_round_label,accepted,18,Tier 2,Outdoor,2007-04-02,2007-04-08,0,55,1.0,2007-04-02,56,T2,exact_normalized_location,True,True,absolute_round_label,1.0,1.0,0.981818,0.981818,False,2007-W-T2-USA-01A-2007,Amelia Island,1.0,1.0,2007-W-T1-USA-03A-2007,Charleston,0.036364,0.036364,55,55
2007,Antwerp,Proximus Diamond Games,2007-W-T2-BEL-01A-2007,Antwerp,Hard,Hard,0,27,27,1.0,1.0,pair_overlap_verified+exact_normalized_location+date_window+surface_agreement+draw_compatible+absolute_round_label,accepted,9,Tier 2,Indoor,2007-02-12,2007-02-18,0,27,1.0,2007-02-12,28,T2,exact_normalized_location,True,True,absolute_round_label,1.0,1.0,0.925926,0.925926,False,2007-W-T2-BEL-01A-2007,Antwerp,1.0,1.0,2007-W-T3-NED-01A-2007,'s-Hertogenbosch,0.037037,0.034483,27,27
2007,Auckland,ASB Classic,2007-W-T4-NZL-01A-2007,Auckland,Hard,Hard,0,31,31,1.0,1.0,pair_overlap_verified+exact_normalized_location+date_window+surface_agreement+draw_compatible+absolute_round_label,accepted,1,Tier 4,Outdoor,2007-01-01,2007-01-06,0,31,1.0,2007-01-01,32,T4,exact_normalized_location,True,True,absolute_round_label,1.0,1.0,1.0,1.0,False,2007-W-T4-NZL-01A-2007,Auckland,1.0,1.0,2007-W-T2-BEL-01A-2007,Antwerp,0.032258,0.037037,31,31
2007,Bad Gastein,Gastein Ladies,2007-W-T3-AUT-01A-2007,Bad Gastein,Clay,Clay,0,31,31,1.0,1.0,pair_overlap_verified+exact_normalized_location+date_window+surface_agreement+draw_compatible+absolute_round_label,accepted,37,Tier 3,Outdoor,2007-07-23,2007-07-29,0,31,1.0,2007-07-23,32,T3,exact_normalized_location,True,True,absolute_round_label,1.0,1.0,0.903226,0.903226,False,2007-W-T3-AUT-01A-2007,Bad Gastein,1.0,1.0,2007-W-T2-CHN-01A-2007,Beijing,0.032258,0.037037,31,31
2007,Bali,Commonwealth Bank Tennis Classic,2007-W-T3-INA-01A-2007,Bali,Hard,Hard,0,29,29,1.0,1.0,pair_overlap_verified+exact_normalized_location+date_window+surface_agreement+draw_compatible+absolute_round_label,accepted,46,Tier 3,Outdoor,2007-09-10,2007-09-16,0,29,1.0,2007-09-10,30,T3,exact_normalized_location,True,True,absolute_round_label,1.0,1.0,1.0,1.0,False,2007-W-T3-INA-01A-2007,Bali,1.0,1.0,2007-D001,Fed Cup WG R1: USA vs BEL,0.0,0.0,29,29
2007,Bangalore,Sony Ericsson International,2007-W-T3-IND-01A-2007,Bangalore,Hard,Hard,1,31,31,1.0,1.0,pair_overlap_verified+exact_normalized_location+date_window+surface_agreement+draw_compatible+absolute_round_label,accepted,10,Tier 3,Outdoor,2007-02-13,2007-02-18,0,31,1.0,2007-02-12,32,T3,exact_normalized_location,True,True,absolute_round_label,1.0,1.0,1.0,1.0,False,2007-W-T3-IND-01A-2007,Bangalore,1.0,1.0,2007-W-T4-THA-01A-2007,Pattaya,0.032258,0.032258,31,31
2007,Bangkok,PTT Bangkok Open,2007-W-T3-THA-01A-2007,Bangkok,Hard,Hard,0,31,31,1.0,1.0,pair_overlap_verified+exact_normalized_location+date_window+surface_agreement+draw_compatible+absolute_round_label,accepted,56,Tier 3,Outdoor,2007-10-08,2007-10-14,0,31,1.0,2007-10-08,32,T3,exact_normalized_location,True,True,absolute_round_label,1.0,1.0,0.83871,0.83871,True,2007-W-T3-THA-01A-2007,Bangkok,1.0,1.0,2007-W-T3-JPN-01A-2007,Japan Open,0.064516,0.064516,31,31
2007,Barcelona,Barcelona KIA,2007-W-T4-ESP-01A-2007,Barcelona,Clay,Clay,0,31,31,1.0,1.0,pair_overlap_verified+exact_normalized_location+date_window+surface_agreement+draw_compatible+absolute_round_label,accepted,30,Tier 4,Outdoor,2007-06-11,2007-06-16,0,31,1.0,2007-06-11,32,T4,exact_normalized_location,True,True,absolute_round_label,1.0,1.0,0.935484,0.935484,False,2007-W-T4-ESP-01A-2007,Barcelona,1.0,1.0,2007-W-T3-NED-01A-2007,'s-Hertogenbosch,0.032258,0.034483,31,31
2007,Beijing,China Open,2007-W-T2-CHN-01A-2007,Beijing,Hard,Hard,0,27,27,1.0,1.0,pair_overlap_verified+exact_normalized_location+date_window+surface_agreement+draw_compatible+absolute_round_label,accepted,47,Tier 2,Outdoor,2007-09-17,2007-09-23,0,27,1.0,2007-09-17,28,T2,exact_normalized_location,True,True,absolute_round_label,1.0,1.0,0.962963,0.962963,False,2007-W-T2-CHN-01A-2007,Beijing,1.0,1.0,2007-W-T2-USA-04A-2007,New Haven,0.037037,0.037037,27,27
2007,Berlin,Qatar Telecom German Open,2007-W-T1-GER-01A-2007,Berlin,Clay,Clay,0,55,55,1.0,1.0,pair_overlap_verified+exact_normalized_location+date_window+surface_agreement+draw_compatible+absolute_round_label,accepted,23,Tier 1,Outdoor,2007-05-07,2007-05-13,0,55,1.0,2007-05-07,56,T1,exact_normalized_location,True,True,absolute_round_label,1.0,1.0,0.927273,0.927273,False,2007-W-T1-GER-01A-2007,Berlin,1.0,1.0,2007-W-T1-ITA-01A-2007,Rome,0.018182,0.018182,55,55
2007,Birmingham,DFS Classic,2007-W-T3-GBR-01A-2007,Birmingham,Grass,Grass,0,55,55,1.0,1.0,pair_overlap_verified+exact_normalized_location+date_window+surface_agreement+draw_compatible+absolute_round_label,accepted,31,Tier 3,Outdoor,2007-06-11,2007-06-17,0,55,1.0,2007-06-11,56,T3,exact_normalized_location,True,True,absolute_round_label,1.0,1.0,0.963636,0.963636,False,2007-W-T3-GBR-01A-2007,Birmingham,1.0,1.0,2007-W-T2-QAT-01A-2007,Doha,0.036364,0.074074,55,55
2007,Bogota,Copa Colsanitas Santander,2007-W-T3-COL-01A-2007,Bogota,Clay,Clay,0,31,31,1.0,1.0,pair_overlap_verified+exact_normalized_location+date_window+surface_agreement+draw_compatible+absolute_round_label,accepted,11,Tier 3,Outdoor,2007-02-19,2007-02-25,0,31,1.0,2007-02-19,32,T3,exact_normalized_location,True,True,absolute_round_label,1.0,1.0,0.870968,0.870968,True,2007-W-T3-COL-01A-2007,Bogota,1.0,1.0,2007-D001,Fed Cup WG R1: USA vs BEL,0.0,0.0,31,31
2007,Budapest,Gaz de France Budapest Grand Prix,2007-W-T3-HUN-01A-2007,Budapest,Clay,Clay,0,31,31,1.0,1.0,pair_overlap_verified+exact_normalized_location+date_window+surface_agreement+draw_compatible+absolute_round_label,accepted,20,Tier 3,Outdoor,2007-04-23,2007-04-29,0,31,1.0,2007-04-23,32,T3,exact_normalized_location,True,True,absolute_round_label,1.0,1.0,1.0,1.0,False,2007-W-T3-HUN-01A-2007,Budapest,1.0,1.0,2007-D001,Fed Cup WG R1: USA vs BEL,0.0,0.0,31,31
2007,Charleston,Family Circle Cup,2007-W-T1-USA-03A-2007,Charleston,Clay,Clay,0,55,55,1.0,1.0,pair_overlap_verified+exact_normalized_location+date_window+surface_agreement+draw_compatible+absolute_round_label,accepted,19,Tier 1,Outdoor,2007-04-09,2007-04-15,0,55,1.0,2007-04-09,56,T1,exact_normalized_location,True,True,absolute_round_label,1.0,1.0,0.981818,0.981818,False,2007-W-T1-USA-03A-2007,Charleston,1.0,1.0,2007-W-T2-USA-01A-2007,Amelia Island,0.036364,0.036364,55,55
2007,Cincinnati,Western & Southern Financial Group Women's Open,2007-W-T3-USA-02A-2007,Cincinnati,Hard,Hard,0,31,31,0.967742,0.967742,pair_overlap_verified+exact_normalized_location+date_window+surface_agreement+draw_compatible+absolute_round_label,accepted,35,Tier 3,Outdoor,2007-07-16,2007-07-22,0,31,1.0,2007-07-16,32,T3,exact_normalized_location,True,True,absolute_round_label,0.967742,0.967742,0.967742,0.967742,False,2007-W-T3-USA-02A-2007,Cincinnati,0.967742,0.967742,2007-W-T4-AUS-01A-2007,Hobart,0.032258,0.032258,31,31
2007,Doha,Qatar Total Open,2007-W-T2-QAT-01A-2007,Doha,Hard,Hard,0,27,27,1.0,1.0,pair_overlap_verified+exact_normalized_location+date_window+surface_agreement+draw_compatible+absolute_round_label,accepted,15,Tier 2,Outdoor,2007-02-26,2007-03-03,0,27,1.0,2007-02-26,28,T2,exact_normalized_location,True,True,absolute_round_label,1.0,1.0,1.0,1.0,False,2007-W-T2-QAT-01A-2007,Doha,1.0,1.0,2007-W-T2-USA-04A-2007,New Haven,0.074074,0.074074,27,27
2007,Dubai,Dubai Duty Free Women's Open,2007-W-T2-UAE-01A-2007,Dubai,Hard,Hard,0,27,27,1.0,1.0,pair_overlap_verified+exact_normalized_location+date_window+surface_agreement+draw_compatible+absolute_round_label,accepted,12,Tier 2,Outdoor,2007-02-19,2007-02-24,0,27,1.0,2007-02-19,28,T2,exact_normalized_location,True,True,absolute_round_label,1.0,1.0,1.0,1.0,False,2007-W-T2-UAE-01A-2007,Dubai,1.0,1.0,2007-W-T2-AUT-01A-2007,Linz,0.037037,0.037037,27,27
2007,Eastbourne,International Women's Open,2007-W-T2-GBR-01A-2007,Eastbourne,Grass,Grass,0,27,27,1.0,1.0,pair_overlap_verified+exact_normalized_location+date_window+surface_agreement+draw_compatible+absolute_round_label,accepted,32,Tier 2,Outdoor,2007-06-18,2007-06-23,0,27,1.0,2007-06-18,28,T2,exact_normalized_location,True,True,absolute_round_label,1.0,1.0,1.0,1.0,False,2007-W-T2-GBR-01A-2007,Eastbourne,1.0,1.0,2007-W-T2-UAE-01A-2007,Dubai,0.037037,0.037037,27,27
2007,Estoril,Estoril Open,2007-W-T4-POR-01A-2007,Estoril,Clay,Clay,0,31,31,1.0,1.0,pair_overlap_verified+exact_normalized_location+date_window+surface_agreement+draw_compatible+absolute_round_label,accepted,21,Tier 4,Outdoor,2007-04-30,2007-05-06,0,31,1.0,2007-04-30,32,T4,exact_normalized_location,True,True,absolute_round_label,1.0,1.0,0.935484,0.935484,False,2007-W-T4-POR-01A-2007,Estoril,1.0,1.0,2007-W-T2-USA-04A-2007,New Haven,0.032258,0.037037,31,31
2007,Fes,FesGrand Prix de SAR La Princesse Lalla Meryem,2007-W-T4-MAR-01A-2007,Fes,Clay,Clay,0,31,31,1.0,1.0,pair_overlap_verified+exact_normalized_location+date_window+surface_agreement+draw_compatible+absolute_round_label,accepted,25,Tier 4,Outdoor,2007-05-14,2007-05-20,0,31,1.0,2007-05-14,32,T4,exact_normalized_location,True,True,absolute_round_label,1.0,1.0,1.0,1.0,False,2007-W-T4-MAR-01A-2007,Fes,1.0,1.0,2007-D001,Fed Cup WG R1: USA vs BEL,0.0,0.0,31,31
2007,Forest Hills,Forest Hills Sony Ericsson WTA Tour Classic,2007-W-T4-USA-01A-2007,Forest Hills,Hard,Hard,2,15,15,1.0,1.0,pair_overlap_verified+exact_normalized_location+date_window+surface_agreement+draw_compatible+absolute_round_label,accepted,43,Tier 4,Outdoor,2007-08-22,2007-08-25,0,15,1.0,2007-08-20,16,T4,exact_normalized_location,True,True,absolute_round_label,1.0,1.0,0.933333,0.933333,False,2007-W-T4-USA-01A-2007,Forest Hills,1.0,1.0,2007-D001,Fed Cup WG R1: USA vs BEL,0.0,0.0,15,15
2007,Gold Coast,Mondial Australian Women's Hardcourts,,,Hard,Carpet,-29,31,27,0.032258,0.037037,below_accept_threshold,unmapped,2,Tier 3,Outdoor,2006-12-31,2007-01-06,0,0,0.0,2007-01-29,28,T1,none,False,True,absolute_round_label,0.032258,0.037037,0.032258,0.037037,,2007-W-T1-JPN-01A-2007,Tokyo,0.032258,0.037037,2007-D001,Fed Cup WG R1: USA vs BEL,0.0,0.0,31,27
2007,Guangzhou,Guangzhou International Women's Open,2007-W-T3-CHN-01A-2007,Guangzhou,Hard,Hard,1,31,31,1.0,1.0,pair_overlap_verified+exact_normalized_location+date_window+surface_agreement+draw_compatible+absolute_round_label,accepted,50,Tier 3,Outdoor,2007-09-25,2007-09-30,0,31,1.0,2007-09-24,32,T3,exact_normalized_location,True,True,absolute_round_label,1.0,1.0,0.967742,0.967742,False,2007-W-T3-CHN-01A-2007,Guangzhou,1.0,1.0,2007-D001,Fed Cup WG R1: USA vs BEL,0.0,0.0,31,31
2007,Hobart,Moorilla Hobart International,2007-W-T4-AUS-01A-2007,Hobart,Hard,Hard,-1,31,31,1.0,1.0,pair_overlap_verified+exact_normalized_location+date_window+surface_agreement+draw_compatible+absolute_round_label,accepted,3,Tier 4,Outdoor,2007-01-07,2007-01-12,0,31,1.0,2007-01-08,32,T4,exact_normalized_location,True,True,absolute_round_label,1.0,1.0,0.870968,0.870968,True,2007-W-T4-AUS-01A-2007,Hobart,1.0,1.0,2007-W-T3-USA-02A-2007,Cincinnati,0.032258,0.032258,31,31
2007,Indian Wells,Pacific Life Open,2007-W-T1-USA-01A-2007,Indian Wells,Hard,Hard,2,95,95,1.0,1.0,pair_overlap_verified+exact_normalized_location+date_window+surface_agreement+draw_compatible+absolute_round_label,accepted,16,Tier 1,Outdoor,2007-03-07,2007-03-17,0,95,1.0,2007-03-05,96,T1,exact_normalized_location,True,True,absolute_round_label,1.0,1.0,0.978947,0.978947,False,2007-W-T1-USA-01A-2007,Indian Wells,1.0,1.0,2007-W-T2-LUX-01A-2007,Luxembourg,0.010526,0.037037,95,95
2007,Istanbul,Istanbul Cup,2007-W-T3-TUR-01A-2007,Istanbul,Clay,Clay,0,29,29,1.0,1.0,pair_overlap_verified+exact_normalized_location+date_window+surface_agreement+draw_compatible+absolute_round_label,accepted,27,Tier 3,Outdoor,2007-05-21,2007-05-26,0,29,1.0,2007-05-21,30,T3,exact_normalized_location,True,True,absolute_round_label,1.0,1.0,1.0,1.0,False,2007-W-T3-TUR-01A-2007,Istanbul,1.0,1.0,2007-D001,Fed Cup WG R1: USA vs BEL,0.0,0.0,29,29
2007,Kolkata,Sunfeast Open,2007-W-T3-IND-02A-2007,Kolkata,Greenset,Hard,0,31,31,1.0,1.0,pair_overlap_verified+exact_normalized_location+date_window+draw_compatible+absolute_round_label,accepted,48,Tier 3,Indoor,2007-09-17,2007-09-23,0,31,1.0,2007-09-17,32,T3,exact_normalized_location,False,True,absolute_round_label,1.0,1.0,1.0,1.0,False,2007-W-T3-IND-02A-2007,Kolkata,1.0,1.0,2007-D001,Fed Cup WG R1: USA vs BEL,0.0,0.0,31,31
2007,Linz,Generali Ladies Linz,2007-W-T2-AUT-01A-2007,Linz,Hard,Hard,0,27,27,1.0,1.0,pair_overlap_verified+exact_normalized_location+date_window+surface_agreement+draw_compatible+absolute_round_label,accepted,59,Tier 2,Indoor,2007-10-22,2007-10-28,0,27,1.0,2007-10-22,28,T2,exact_normalized_location,True,True,absolute_round_label,1.0,1.0,1.0,1.0,False,2007-W-T2-AUT-01A-2007,Linz,1.0,1.0,2007-W-T2-QAT-01A-2007,Doha,0.037037,0.037037,27,27
2007,London,Wimbledon,2007-W-SL-GBR-01A-2007,Wimbledon,Grass,Grass,0,127,127,1.0,1.0,pair_overlap_verified+exact_normalized_tournament+date_window+surface_agreement+draw_compatible+absolute_round_label,accepted,34,Grand Slam,Outdoor,2007-06-25,2007-07-07,0,127,1.0,2007-06-25,128,G,exact_normalized_tournament,True,True,absolute_round_label,1.0,1.0,0.968504,0.968504,False,2007-W-SL-GBR-01A-2007,Wimbledon,1.0,1.0,2007-W-T1-USA-02A-2007,Miami,0.015748,0.021053,127,127
2007,Los Angeles,East West Bank Classic,2007-W-T2-USA-03A-2007,Los Angeles,Hard,Hard,0,55,55,1.0,1.0,pair_overlap_verified+exact_normalized_location+date_window+surface_agreement+draw_compatible+absolute_round_label,accepted,41,Tier 2,Outdoor,2007-08-06,2007-08-13,0,55,1.0,2007-08-06,56,T2,exact_normalized_location,True,True,absolute_round_label,1.0,1.0,0.963636,0.963636,False,2007-W-T2-USA-03A-2007,Los Angeles,1.0,1.0,2007-W-T1-CAN-01A-2007,Toronto,0.018182,0.018182,55,55
2007,Luxembourg,FORTIS Championships Luxembourg,2007-W-T2-LUX-01A-2007,Luxembourg,Hard,Hard,0,27,27,1.0,1.0,pair_overlap_verified+exact_normalized_location+date_window+surface_agreement+draw_compatible+absolute_round_label,accepted,51,Tier 2,Indoor,2007-09-24,2007-09-30,0,27,1.0,2007-09-24,28,T2,exact_normalized_location,True,True,absolute_round_label,1.0,1.0,0.925926,0.925926,False,2007-W-T2-LUX-01A-2007,Luxembourg,1.0,1.0,2007-W-T1-RUS-01A-2007,Moscow,0.037037,0.037037,27,27
2007,Madrid,Sony Ericsson Championships,2007-W-WT-ESP-01A-2007,WTA Tour Championships,Hard,Hard,1,15,15,1.0,1.0,pair_overlap_verified+name_unmatched+date_window+surface_agreement+draw_compatible+absolute_round_label,accepted,61,Tour Championships,Indoor,2007-11-06,2007-11-11,0,15,1.0,2007-11-05,4,F,none,True,True,absolute_round_label,1.0,1.0,1.0,1.0,False,2007-W-WT-ESP-01A-2007,WTA Tour Championships,1.0,1.0,2007-W-T1-USA-04A-2007,San Diego,0.133333,0.036364,15,15
2007,Melbourne,Australian Open,2007-W-SL-AUS-01A-2007,Australian Open,Hard,Hard,0,127,127,1.0,1.0,pair_overlap_verified+exact_normalized_tournament+date_window+surface_agreement+draw_compatible+absolute_round_label,accepted,5,Grand Slam,Outdoor,2007-01-15,2007-01-27,0,127,1.0,2007-01-15,128,G,exact_normalized_tournament,True,True,absolute_round_label,1.0,1.0,0.96063,0.96063,False,2007-W-SL-AUS-01A-2007,Australian Open,1.0,1.0,2007-W-T1-USA-02A-2007,Miami,0.015748,0.021053,127,127
2007,Memphis,Regions Morgan Keegan Championships & the Cellular South Cup,2007-W-T3-USA-01A-2007,Memphis,Hard,Hard,0,31,31,1.0,1.0,pair_overlap_verified+exact_normalized_location+date_window+surface_agreement+draw_compatible+absolute_round_label,accepted,13,Tier 3,Indoor,2007-02-19,2007-02-25,0,31,1.0,2007-02-19,32,T3,exact_normalized_location,True,True,absolute_round_label,1.0,1.0,1.0,1.0,False,2007-W-T3-USA-01A-2007,Memphis,1.0,1.0,2007-W-SL-GBR-01A-2007,Wimbledon,0.032258,0.007874,31,31
2007,Miami,Sony Ericsson Open,2007-W-T1-USA-02A-2007,Miami,Hard,Hard,2,95,95,0.989474,0.989474,pair_overlap_verified+exact_normalized_location+date_window+surface_agreement+draw_compatible+absolute_round_label,accepted,17,Tier 1,Outdoor,2007-03-21,2007-03-31,0,95,1.0,2007-03-19,96,T1,exact_normalized_location,True,True,absolute_round_label,0.989474,0.989474,0.957895,0.957895,False,2007-W-T1-USA-02A-2007,Miami,0.989474,0.989474,2007-W-SL-AUS-01A-2007,Australian Open,0.021053,0.015748,95,95
2007,Moscow,Kremlin Cup,2007-W-T1-RUS-01A-2007,Moscow,Carpet,Hard,0,27,27,1.0,1.0,pair_overlap_verified+exact_normalized_location+date_window+draw_compatible+absolute_round_label,accepted,57,Tier 1,Indoor,2007-10-08,2007-10-14,0,27,1.0,2007-10-08,28,T1,exact_normalized_location,False,True,absolute_round_label,1.0,1.0,1.0,1.0,False,2007-W-T1-RUS-01A-2007,Moscow,1.0,1.0,2007-W-T2-LUX-01A-2007,Luxembourg,0.037037,0.037037,27,27
2007,New Haven,Pilot Pen Tennis,2007-W-T2-USA-04A-2007,New Haven,Hard,Hard,-1,27,27,1.0,1.0,pair_overlap_verified+exact_normalized_location+date_window+surface_agreement+draw_compatible+absolute_round_label,accepted,44,Tier 2,Outdoor,2007-08-19,2007-08-25,0,27,1.0,2007-08-20,28,T2,exact_normalized_location,True,True,absolute_round_label,1.0,1.0,0.962963,0.962963,False,2007-W-T2-USA-04A-2007,New Haven,1.0,1.0,2007-W-T2-QAT-01A-2007,Doha,0.074074,0.074074,27,27
2007,New York,US Open,2007-W-SL-USA-01A-2007,US Open,Hard,Hard,0,127,127,1.0,1.0,pair_overlap_verified+exact_normalized_tournament+date_window+surface_agreement+draw_compatible+absolute_round_label,accepted,45,Grand Slam,Outdoor,2007-08-27,2007-09-09,0,127,1.0,2007-08-27,128,G,exact_normalized_tournament,True,True,absolute_round_label,1.0,1.0,0.96063,0.96063,False,2007-W-SL-USA-01A-2007,US Open,1.0,1.0,2007-W-SL-FRA-01A-2007,Roland Garros,0.007874,0.007874,127,127
2007,Palermo,Internazionali Femminili di Tennis di Palermo,2007-W-T4-ITA-01A-2007,Palermo,Clay,Clay,0,31,31,1.0,1.0,pair_overlap_verified+exact_normalized_location+date_window+surface_agreement+draw_compatible+absolute_round_label,accepted,36,Tier 4,Outdoor,2007-07-16,2007-07-22,0,31,1.0,2007-07-16,32,T4,exact_normalized_location,True,True,absolute_round_label,1.0,1.0,0.903226,0.903226,False,2007-W-T4-ITA-01A-2007,Palermo,1.0,1.0,2007-D001,Fed Cup WG R1: USA vs BEL,0.0,0.0,31,31
2007,Paris,French Open,2007-W-SL-FRA-01A-2007,Roland Garros,Clay,Clay,-1,127,127,1.0,1.0,pair_overlap_verified+name_unmatched+date_window+surface_agreement+draw_compatible+absolute_round_label,accepted,29,Grand Slam,Outdoor,2007-05-27,2007-06-09,0,127,1.0,2007-05-28,128,G,none,True,True,absolute_round_label,1.0,1.0,0.976378,0.976378,False,2007-W-SL-FRA-01A-2007,Roland Garros,1.0,1.0,2007-W-T2-POL-01A-2007,Warsaw,0.015748,0.074074,127,127
2007,Paris,Open Gaz de France,2007-W-T2-FRA-01A-2007,Paris,Carpet,Carpet,0,27,27,1.0,1.0,pair_overlap_verified+exact_normalized_location+date_window+surface_agreement+draw_compatible+absolute_round_label,accepted,7,Tier 2,Indoor,2007-02-05,2007-02-11,0,27,1.0,2007-02-05,28,T2,exact_normalized_location,True,True,absolute_round_label,1.0,1.0,0.925926,0.925926,False,2007-W-T2-FRA-01A-2007,Paris,1.0,1.0,2007-W-T2-USA-01A-2007,Amelia Island,0.074074,0.036364,27,27
2007,Pattaya,Pattaya Women's Open,2007-W-T4-THA-01A-2007,Pattaya,Hard,Hard,0,31,31,1.0,1.0,pair_overlap_verified+exact_normalized_location+date_window+surface_agreement+draw_compatible+absolute_round_label,accepted,8,Tier 4,Outdoor,2007-02-05,2007-02-11,0,31,1.0,2007-02-05,32,T4,exact_normalized_location,True,True,absolute_round_label,1.0,1.0,1.0,1.0,False,2007-W-T4-THA-01A-2007,Pattaya,1.0,1.0,2007-W-T3-IND-01A-2007,Bangalore,0.032258,0.032258,31,31
2007,Portoroz,Banka Koper Slovenia Open,2007-W-T4-SLO-01A-2007,Portoroz,Hard,Hard,0,31,31,1.0,1.0,pair_overlap_verified+exact_normalized_location+date_window+surface_agreement+draw_compatible+absolute_round_label,accepted,49,Tier 4,Outdoor,2007-09-17,2007-09-23,0,31,1.0,2007-09-17,32,T4,exact_normalized_location,True,True,absolute_round_label,1.0,1.0,0.967742,0.967742,False,2007-W-T4-SLO-01A-2007,Portoroz,1.0,1.0,2007-D001,Fed Cup WG R1: USA vs BEL,0.0,0.0,31,31
2007,Prague,ECM Prague Open,2007-W-T4-CZE-01A-2007,Prague,Clay,Clay,0,31,31,1.0,1.0,pair_overlap_verified+exact_normalized_location+date_window+surface_agreement+draw_compatible+absolute_round_label,accepted,24,Tier 4,Outdoor,2007-05-07,2007-05-13,0,31,1.0,2007-05-07,32,T4,exact_normalized_location,True,True,absolute_round_label,1.0,1.0,0.806452,0.806452,True,2007-W-T4-CZE-01A-2007,Prague,1.0,1.0,2007-W-T4-NZL-01A-2007,Auckland,0.032258,0.032258,31,31
2007,Quebec,Bell Challenge,2007-W-T3-CAN-01A-2007,Quebec City,Hard,Hard,0,31,31,1.0,1.0,pair_overlap_verified+token_overlap+date_window+surface_agreement+draw_compatible+absolute_round_label,accepted,60,Tier 3,Indoor,2007-10-29,2007-11-04,0,31,1.0,2007-10-29,32,T3,token_overlap,True,True,absolute_round_label,1.0,1.0,0.83871,0.83871,True,2007-W-T3-CAN-01A-2007,Quebec City,1.0,1.0,2007-D001,Fed Cup WG R1: USA vs BEL,0.0,0.0,31,31
2007,Rogers Cup,Toronto,2007-W-T1-CAN-01A-2007,Toronto,Hard,Hard,0,55,55,1.0,1.0,pair_overlap_verified+exact_normalized_tournament+date_window+surface_agreement+draw_compatible+absolute_round_label,accepted,42,Tier 1,Outdoor,2007-08-13,2007-08-19,0,55,1.0,2007-08-13,56,T1,exact_normalized_tournament,True,True,absolute_round_label,1.0,1.0,0.963636,0.963636,False,2007-W-T1-CAN-01A-2007,Toronto,1.0,1.0,2007-W-T1-ITA-01A-2007,Rome,0.018182,0.018182,55,55
2007,Rome,Internazionali BNL d'Italia,2007-W-T1-ITA-01A-2007,Rome,Clay,Clay,0,55,55,1.0,1.0,pair_overlap_verified+exact_normalized_location+date_window+surface_agreement+draw_compatible+absolute_round_label,accepted,26,Tier 1,Outdoor,2007-05-14,2007-05-20,0,55,1.0,2007-05-14,56,T1,exact_normalized_location,True,True,absolute_round_label,1.0,1.0,0.963636,0.963636,False,2007-W-T1-ITA-01A-2007,Rome,1.0,1.0,2007-W-T1-CAN-01A-2007,Toronto,0.018182,0.018182,55,55
2007,San Diego,Acura Classic,2007-W-T1-USA-04A-2007,San Diego,Hard,Hard,0,55,55,0.981818,0.981818,pair_overlap_verified+exact_normalized_location+date_window+surface_agreement+draw_compatible+absolute_round_label,accepted,39,Tier 1,Outdoor,2007-07-30,2007-08-05,0,55,1.0,2007-07-30,56,T1,exact_normalized_location,True,True,absolute_round_label,0.981818,0.981818,0.963636,0.963636,False,2007-W-T1-USA-04A-2007,San Diego,0.981818,0.981818,2007-W-WT-ESP-01A-2007,WTA Tour Championships,0.036364,0.133333,55,55
2007,Seoul,Hansol Korea Open,2007-W-T4-KOR-01A-2007,Seoul,Hard,Hard,0,31,31,1.0,1.0,pair_overlap_verified+exact_normalized_location+date_window+surface_agreement+draw_compatible+absolute_round_label,accepted,52,Tier 4,Outdoor,2007-09-24,2007-09-30,0,31,1.0,2007-09-24,32,T4,exact_normalized_location,True,True,absolute_round_label,1.0,1.0,0.935484,0.935484,False,2007-W-T4-KOR-01A-2007,Seoul,1.0,1.0,2007-W-T3-THA-01A-2007,Bangkok,0.032258,0.032258,31,31
2007,Stanford,Bank of the West Classic,2007-W-T2-USA-02A-2007,Stanford,Hard,Hard,0,27,27,1.0,1.0,pair_overlap_verified+exact_normalized_location+date_window+surface_agreement+draw_compatible+absolute_round_label,accepted,38,Tier 2,Outdoor,2007-07-23,2007-07-29,0,27,1.0,2007-07-23,28,T2,exact_normalized_location,True,True,absolute_round_label,1.0,1.0,0.962963,0.962963,False,2007-W-T2-USA-02A-2007,Stanford,1.0,1.0,2007-W-T3-NED-01A-2007,'s-Hertogenbosch,0.037037,0.034483,27,27
2007,Stockholm,Nordea Nordic Light Open,2007-W-T4-SWE-01A-2007,Stockholm,Hard,Hard,0,31,31,1.0,1.0,pair_overlap_verified+exact_normalized_location+date_window+surface_agreement+draw_compatible+absolute_round_label,accepted,40,Tier 4,Outdoor,2007-07-30,2007-08-05,0,31,1.0,2007-07-30,32,T4,exact_normalized_location,True,True,absolute_round_label,1.0,1.0,0.903226,0.903226,False,2007-W-T4-SWE-01A-2007,Stockholm,1.0,1.0,2007-D001,Fed Cup WG R1: USA vs BEL,0.0,0.0,31,31
2007,Strasbourg,Internationaux de Strasbourg,2007-W-T3-FRA-01A-2007,Strasbourg,Clay,Clay,0,29,29,1.0,1.0,pair_overlap_verified+exact_normalized_location+date_window+surface_agreement+draw_compatible+absolute_round_label,accepted,28,Tier 3,Outdoor,2007-05-21,2007-05-26,0,29,1.0,2007-05-21,30,T3,exact_normalized_location,True,True,absolute_round_label,1.0,1.0,0.931034,0.931034,False,2007-W-T3-FRA-01A-2007,Strasbourg,1.0,1.0,2007-D001,Fed Cup WG R1: USA vs BEL,0.0,0.0,29,29
2007,Stuttgart,Porsche Tennis Grand Prix,2007-W-T2-GER-01A-2007,Stuttgart,Hard,Hard,0,27,27,1.0,1.0,pair_overlap_verified+exact_normalized_location+date_window+surface_agreement+draw_compatible+absolute_round_label,accepted,53,Tier 2,Indoor,2007-10-01,2007-10-07,0,27,1.0,2007-10-01,28,T2,exact_normalized_location,True,True,absolute_round_label,1.0,1.0,0.962963,0.962963,False,2007-W-T2-GER-01A-2007,Stuttgart,1.0,1.0,2007-W-T2-POL-01A-2007,Warsaw,0.074074,0.074074,27,27
2007,Sydney,Medibank International,2007-W-T2-AUS-01A-2007,Sydney,Hard,Hard,-1,27,27,1.0,1.0,pair_overlap_verified+exact_normalized_location+date_window+surface_agreement+draw_compatible+absolute_round_label,accepted,4,Tier 2,Outdoor,2007-01-07,2007-01-12,0,27,1.0,2007-01-08,28,T2,exact_normalized_location,True,True,absolute_round_label,1.0,1.0,1.0,1.0,False,2007-W-T2-AUS-01A-2007,Sydney,1.0,1.0,2007-W-T1-JPN-01A-2007,Tokyo,0.037037,0.037037,27,27
2007,Tashkent,Tashkent Open,2007-W-T4-UZB-01A-2007,Tashkent,Hard,Hard,0,31,31,0.935484,0.935484,pair_overlap_verified+exact_normalized_location+date_window+surface_agreement+draw_compatible+absolute_round_label,accepted,54,Tier 4,Outdoor,2007-10-01,2007-10-07,0,31,1.0,2007-10-01,32,T4,exact_normalized_location,True,True,absolute_round_label,0.935484,0.935484,0.870968,0.870968,True,2007-W-T4-UZB-01A-2007,Tashkent,0.935484,0.935484,2007-D001,Fed Cup WG R1: USA vs BEL,0.0,0.0,31,31
2007,Tokyo,AIG Japan Open Tennis Championships,2007-W-T3-JPN-01A-2007,Japan Open,Hard,Hard,0,31,31,1.0,1.0,pair_overlap_verified+token_subset+date_window+surface_agreement+draw_compatible+absolute_round_label,accepted,55,Tier 3,Outdoor,2007-10-01,2007-10-06,0,31,1.0,2007-10-01,32,T3,token_subset,True,True,absolute_round_label,1.0,1.0,0.870968,0.870968,True,2007-W-T3-JPN-01A-2007,Japan Open,1.0,1.0,2007-W-T3-THA-01A-2007,Bangkok,0.064516,0.064516,31,31
2007,Tokyo,Toray Pan Pacific Open,2007-W-T1-JPN-01A-2007,Tokyo,Carpet,Carpet,1,27,27,1.0,1.0,pair_overlap_verified+exact_normalized_location+date_window+surface_agreement+draw_compatible+absolute_round_label,accepted,6,Tier 1,Indoor,2007-01-30,2007-02-04,0,27,1.0,2007-01-29,28,T1,exact_normalized_location,True,True,absolute_round_label,1.0,1.0,0.925926,0.925926,False,2007-W-T1-JPN-01A-2007,Tokyo,1.0,1.0,2007-W-T2-AUS-01A-2007,Sydney,0.037037,0.037037,27,27
2007,Warsaw,J&S Cup,2007-W-T2-POL-01A-2007,Warsaw,Clay,Clay,0,27,27,1.0,1.0,pair_overlap_verified+exact_normalized_location+date_window+surface_agreement+draw_compatible+absolute_round_label,accepted,22,Tier 2,Outdoor,2007-04-30,2007-05-06,0,27,1.0,2007-04-30,28,T2,exact_normalized_location,True,True,absolute_round_label,1.0,1.0,0.962963,0.962963,False,2007-W-T2-POL-01A-2007,Warsaw,1.0,1.0,2007-W-T2-GER-01A-2007,Stuttgart,0.074074,0.074074,27,27
2007,Zurich,Zurich Open,2007-W-T1-SUI-01A-2007,Zurich,Hard,Hard,0,27,27,1.0,1.0,pair_overlap_verified+exact_normalized_location+date_window+surface_agreement+draw_compatible+absolute_round_label,accepted,58,Tier 1,Indoor,2007-10-15,2007-10-21,0,27,1.0,2007-10-15,28,T1,exact_normalized_location,True,True,absolute_round_label,1.0,1.0,1.0,1.0,False,2007-W-T1-SUI-01A-2007,Zurich,1.0,1.0,2007-W-T2-GER-01A-2007,Stuttgart,0.037037,0.037037,27,27
2008,'s-Hertogenbosch,Ordina Open,2008-W-T3-NED-01A-2008,'s-Hertogenbosch,Grass,Grass,-1,29,29,0.965517,0.965517,pair_overlap_verified+exact_normalized_location+date_window+surface_agreement+draw_compatible+absolute_round_label,accepted,31,Tier 3,Outdoor,2008-06-15,2008-06-21,0,29,1.0,2008-06-16,30,T3,exact_normalized_location,True,True,absolute_round_label,0.965517,0.965517,0.931034,0.931034,False,2008-W-T3-NED-01A-2008,'s-Hertogenbosch,0.965517,0.965517,2008-D001,Fed Cup WG R1: ISR vs RUS,0.0,0.0,29,29
2008,Acapulco,Abierto Mexicano,2008-W-T3-MEX-01A-2008,Acapulco,Clay,Clay,0,31,31,1.0,1.0,pair_overlap_verified+exact_normalized_location+date_window+surface_agreement+draw_compatible+absolute_round_label,accepted,12,Tier 3,Outdoor,2008-02-25,2008-03-02,0,31,1.0,2008-02-25,32,T3,exact_normalized_location,True,True,absolute_round_label,1.0,1.0,0.903226,0.903226,False,2008-W-T3-MEX-01A-2008,Acapulco,1.0,1.0,2008-D001,Fed Cup WG R1: ISR vs RUS,0.0,0.0,31,31
2008,Amelia Island,Bausch & Lomb Championships,2008-W-T2-USA-01A-2008,Amelia Island,Clay,Clay,0,55,55,1.0,1.0,pair_overlap_verified+exact_normalized_location+date_window+surface_agreement+draw_compatible+absolute_round_label,accepted,18,Tier 2,Outdoor,2008-04-07,2008-04-13,0,55,1.0,2008-04-07,56,T2,exact_normalized_location,True,True,absolute_round_label,1.0,1.0,1.0,1.0,False,2008-W-T2-USA-01A-2008,Amelia Island,1.0,1.0,2008-W-T1-USA-03A-2008,Charleston,0.018182,0.018182,55,55
2008,Antwerp,Proximus Diamond Games,2008-W-T2-BEL-01A-2008,Antwerp,Hard,Hard,0,27,27,1.0,1.0,pair_overlap_verified+exact_normalized_location+date_window+surface_agreement+draw_compatible+absolute_round_label,accepted,8,Tier 2,Indoor,2008-02-11,2008-02-17,0,27,1.0,2008-02-11,28,T2,exact_normalized_location,True,True,absolute_round_label,1.0,1.0,1.0,1.0,False,2008-W-T2-BEL-01A-2008,Antwerp,1.0,1.0,2008-D001,Fed Cup WG R1: ISR vs RUS,0.0,0.0,27,27
2008,Auckland,ASB Classic,2008-W-T4-NZL-01A-2008,Auckland,Hard,Hard,-1,31,31,1.0,1.0,pair_overlap_verified+exact_normalized_location+date_window+surface_agreement+draw_compatible+absolute_round_label,accepted,1,Tier 4,Outdoor,2007-12-30,2008-01-05,0,31,1.0,2007-12-31,32,T4,exact_normalized_location,True,True,absolute_round_label,1.0,1.0,0.903226,0.903226,False,2008-W-T4-NZL-01A-2008,Auckland,1.0,1.0,2008-D001,Fed Cup WG R1: ISR vs RUS,0.0,0.0,31,31
2008,Bad Gastein,Gastein Ladies,2008-W-T3-AUT-01A-2008,Bad Gastein,Clay,Clay,1,31,31,1.0,1.0,pair_overlap_verified+exact_normalized_location+date_window+surface_agreement+draw_compatible+absolute_round_label,accepted,35,Tier 3,Outdoor,2008-07-15,2008-07-20,0,31,1.0,2008-07-14,32,T3,exact_normalized_location,True,True,absolute_round_label,1.0,1.0,0.967742,0.967742,False,2008-W-T3-AUT-01A-2008,Bad Gastein,1.0,1.0,2008-D001,Fed Cup WG R1: ISR vs RUS,0.0,0.0,31,31
2008,Bali,Commonwealth Bank Tennis Classic,2008-W-T3-INA-01A-2008,Bali,Hard,Hard,0,29,29,1.0,1.0,pair_overlap_verified+exact_normalized_location+date_window+surface_agreement+draw_compatible+absolute_round_label,accepted,45,Tier 3,Outdoor,2008-09-08,2008-09-14,0,29,1.0,2008-09-08,30,T3,exact_normalized_location,True,True,absolute_round_label,1.0,1.0,1.0,1.0,False,2008-W-T3-INA-01A-2008,Bali,1.0,1.0,2008-D096,Fed Cup WG2 PO: AUT vs SUI,0.034483,0.25,29,29
2008,Bangalore,Canara Bank Bangalore Open,2008-W-T2-IND-01A-2008,Bangalore,Hard,Hard,0,27,27,1.0,1.0,pair_overlap_verified+exact_normalized_location+date_window+surface_agreement+draw_compatible+absolute_round_label,accepted,15,Tier 2,Outdoor,2008-03-03,2008-03-09,0,27,1.0,2008-03-03,28,T2,exact_normalized_location,True,True,absolute_round_label,1.0,1.0,1.0,1.0,False,2008-W-T2-IND-01A-2008,Bangalore,1.0,1.0,2008-D001,Fed Cup WG R1: ISR vs RUS,0.0,0.0,27,27
2008,Barcelona,Barcelona KIA,2008-W-T4-ESP-01A-2008,Barcelona,Clay,Clay,0,31,31,0.935484,0.935484,pair_overlap_verified+exact_normalized_location+date_window+surface_agreement+draw_compatible+absolute_round_label,accepted,28,Tier 4,Outdoor,2008-06-09,2008-06-15,0,31,1.0,2008-06-09,32,T4,exact_normalized_location,True,True,absolute_round_label,0.935484,0.935484,0.870968,0.870968,True,2008-W-T4-ESP-01A-2008,Barcelona,0.935484,0.935484,2008-W-T3-CAN-01A-2008,Quebec City,0.032258,0.032258,31,31
2008,Beijing,China Open,2008-W-T2-CHN-01A-2008,Beijing,Hard,Hard,0,27,27,1.0,1.0,pair_overlap_verified+exact_normalized_location+date_window+surface_agreement+draw_compatible+absolute_round_label,accepted,48,Tier 2,Outdoor,2008-09-22,2008-09-28,0,27,1.0,2008-09-22,28,T2,exact_normalized_location,True,True,absolute_round_label,1.0,1.0,1.0,1.0,False,2008-W-T2-CHN-01A-2008,Beijing,1.0,1.0,2008-W-T1-JPN-01A-2008,Tokyo,0.037037,0.037037,27,27
2008,Berlin,Qatar Telecom German Open,2008-W-T1-GER-01A-2008,Berlin,Clay,Clay,0,55,55,1.0,1.0,pair_overlap_verified+exact_normalized_location+date_window+surface_agreement+draw_compatible+absolute_round_label,accepted,23,Tier 1,Outdoor,2008-05-05,2008-05-11,0,55,1.0,2008-05-05,56,T1,exact_normalized_location,True,True,absolute_round_label,1.0,1.0,1.0,1.0,False,2008-W-T1-GER-01A-2008,Berlin,1.0,1.0,2008-W-T1-CAN-01A-2008,Montreal,0.018182,0.018182,55,55
2008,Birmingham,DFS Classic,2008-W-T3-GBR-01A-2008,Birmingham,Grass,Grass,0,55,55,1.0,1.0,pair_overlap_verified+exact_normalized_location+date_window+surface_agreement+draw_compatible+absolute_round_label,accepted,29,Tier 3,Outdoor,2008-06-09,2008-06-15,0,55,1.0,2008-06-09,56,T3,exact_normalized_location,True,True,absolute_round_label,1.0,1.0,0.981818,0.981818,False,2008-W-T3-GBR-01A-2008,Birmingham,1.0,1.0,2008-D001,Fed Cup WG R1: ISR vs RUS,0.0,0.0,55,55
2008,Bogota,Copa Colsanitas Santander,2008-W-T3-COL-01A-2008,Bogota,Clay,Clay,0,31,31,1.0,1.0,pair_overlap_verified+exact_normalized_location+date_window+surface_agreement+draw_compatible+absolute_round_label,accepted,10,Tier 3,Outdoor,2008-02-18,2008-02-24,0,31,1.0,2008-02-18,32,T3,exact_normalized_location,True,True,absolute_round_label,1.0,1.0,0.967742,0.967742,False,2008-W-T3-COL-01A-2008,Bogota,1.0,1.0,2008-W-T4-ESP-01A-2008,Barcelona,0.096774,0.096774,31,31
2008,Budapest,Gaz de France Budapest Grand Prix,2008-W-T3-HUN-01A-2008,Budapest,Clay,Clay,0,29,29,1.0,1.0,pair_overlap_verified+exact_normalized_location+date_window+surface_agreement+draw_compatible+absolute_round_label,accepted,33,Tier 3,Outdoor,2008-07-07,2008-07-13,0,29,1.0,2008-07-07,30,T3,exact_normalized_location,True,True,absolute_round_label,1.0,1.0,0.896552,0.896552,True,2008-W-T3-HUN-01A-2008,Budapest,1.0,1.0,2008-D001,Fed Cup WG R1: ISR vs RUS,0.0,0.0,29,29
2008,Charleston,Family Circle Cup,2008-W-T1-USA-03A-2008,Charleston,Clay,Clay,0,55,55,1.0,1.0,pair_overlap_verified+exact_normalized_location+date_window+surface_agreement+draw_compatible+absolute_round_label,accepted,19,Tier 1,Outdoor,2008-04-14,2008-04-20,0,55,1.0,2008-04-14,56,T1,exact_normalized_location,True,True,absolute_round_label,1.0,1.0,1.0,1.0,False,2008-W-T1-USA-03A-2008,Charleston,1.0,1.0,2008-W-WT-QAT-01A-2008,WTA Tour Championships,0.054545,0.2,55,55
2008,Cincinnati,Western & Southern Financial Group Women's Open,2008-W-T3-USA-02A-2008,Cincinnati,Hard,Hard,0,31,31,1.0,1.0,pair_overlap_verified+exact_normalized_location+date_window+surface_agreement+draw_compatible+absolute_round_label,accepted,41,Tier 3,Outdoor,2008-08-11,2008-08-17,0,31,1.0,2008-08-11,32,T3,exact_normalized_location,True,True,absolute_round_label,1.0,1.0,1.0,1.0,False,2008-W-T3-USA-02A-2008,Cincinnati,1.0,1.0,2008-D001,Fed Cup WG R1: ISR vs RUS,0.0,0.0,31,31
2008,Doha,Qatar Total Open,2008-W-T1-QAT-01A-2008,Doha,Hard,Hard,0,55,55,1.0,1.0,pair_overlap_verified+exact_normalized_location+date_window+surface_agreement+draw_compatible+absolute_round_label,accepted,11,Tier 1,Outdoor,2008-02-18,2008-02-24,0,55,1.0,2008-02-18,56,T1,exact_normalized_location,True,True,absolute_round_label,1.0,1.0,1.0,1.0,False,2008-W-T1-QAT-01A-2008,Doha,1.0,1.0,2008-W-OL-CHN-01A-2008,Olympics,0.036364,0.03125,55,55
2008,Doha,Sony Ericsson Championships,2008-W-WT-QAT-01A-2008,WTA Tour Championships,Hard,Hard,1,15,15,1.0,1.0,pair_overlap_verified+name_unmatched+date_window+surface_agreement+draw_compatible+absolute_round_label,accepted,58,Tour Championships,Indoor,2008-11-04,2008-11-09,0,15,1.0,2008-11-03,4,F,none,True,True,absolute_round_label,1.0,1.0,1.0,1.0,False,2008-W-WT-QAT-01A-2008,WTA Tour Championships,1.0,1.0,2008-W-T1-USA-03A-2008,Charleston,0.2,0.054545,15,15
2008,Dubai,Barclays Dubai Tennis Championships,2008-W-T2-UAE-01A-2008,Dubai,Hard,Hard,0,27,27,0.962963,0.962963,pair_overlap_verified+exact_normalized_location+date_window+surface_agreement+draw_compatible+absolute_round_label,accepted,13,Tier 2,Outdoor,2008-02-25,2008-03-01,0,27,1.0,2008-02-25,28,T2,exact_normalized_location,True,True,absolute_round_label,0.962963,0.962963,0.962963,0.962963,False,2008-W-T2-UAE-01A-2008,Dubai,0.962963,0.962963,2008-D001,Fed Cup WG R1: ISR vs RUS,0.0,0.0,27,27
2008,Eastbourne,International Women's Open,2008-W-T2-GBR-01A-2008,Eastbourne,Grass,Grass,0,27,27,1.0,1.0,pair_overlap_verified+exact_normalized_location+date_window+surface_agreement+draw_compatible+absolute_round_label,accepted,30,Tier 2,Outdoor,2008-06-16,2008-06-21,0,27,1.0,2008-06-16,28,T2,exact_normalized_location,True,True,absolute_round_label,1.0,1.0,1.0,1.0,False,2008-W-T2-GBR-01A-2008,Eastbourne,1.0,1.0,2008-W-T1-RUS-01A-2008,Moscow,0.037037,0.037037,27,27
2008,Estoril,Estoril Open,2008-W-T4-POR-01A-2008,Estoril,Clay,Clay,0,31,31,1.0,1.0,pair_overlap_verified+exact_normalized_location+date_window+surface_agreement+draw_compatible+absolute_round_label,accepted,20,Tier 4,Outdoor,2008-04-14,2008-04-20,0,31,1.0,2008-04-14,32,T4,exact_normalized_location,True,True,absolute_round_label,1.0,1.0,0.83871,0.83871,True,2008-W-T4-POR-01A-2008,Estoril,1.0,1.0,2008-D001,Fed Cup WG R1: ISR vs RUS,0.0,0.0,31,31
2008,Fes,Grand Prix de SAR La Princesse Lalla Meryem,2008-W-T4-MAR-01A-2008,Fes,Clay,Clay,0,31,31,1.0,1.0,pair_overlap_verified+exact_normalized_location+date_window+surface_agreement+draw_compatible+absolute_round_label,accepted,21,Tier 4,Outdoor,2008-04-28,2008-05-04,0,31,1.0,2008-04-28,32,T4,exact_normalized_location,True,True,absolute_round_label,1.0,1.0,1.0,1.0,False,2008-W-T4-MAR-01A-2008,Fes,1.0,1.0,2008-D001,Fed Cup WG R1: ISR vs RUS,0.0,0.0,31,31
2008,Forest Hills,Forest Hills Tennis Classic,2008-W-T4-USA-01A-2008,Forest Hills,Hard,Hard,1,15,15,1.0,1.0,pair_overlap_verified+exact_normalized_location+date_window+surface_agreement+draw_compatible+absolute_round_label,accepted,42,Tier 4,Outdoor,2008-08-19,2008-08-23,0,15,1.0,2008-08-18,16,T4,exact_normalized_location,True,True,absolute_round_label,1.0,1.0,1.0,1.0,False,2008-W-T4-USA-01A-2008,Forest Hills,1.0,1.0,2008-D001,Fed Cup WG R1: ISR vs RUS,0.0,0.0,15,15
2008,Gold Coast,Mondial Australian Women's Hardcourts,2008-W-T3-AUS-01A-2008,Gold Coast,Hard,Hard,-1,31,31,1.0,1.0,pair_overlap_verified+exact_normalized_location+date_window+surface_agreement+draw_compatible+absolute_round_label,accepted,2,Tier 3,Outdoor,2007-12-30,2008-01-05,0,31,1.0,2007-12-31,32,T3,exact_normalized_location,True,True,absolute_round_label,1.0,1.0,0.935484,0.935484,False,2008-W-T3-AUS-01A-2008,Gold Coast,1.0,1.0,2008-W-SL-GBR-01A-2008,Wimbledon,0.032258,0.007874,31,31
2008,Guangzhou,TOE Life Ceramics Guangzhou International Women's Open,2008-W-T3-CHN-01A-2008,Guangzhou,Hard,Hard,0,31,31,1.0,1.0,pair_overlap_verified+exact_normalized_location+date_window+surface_agreement+draw_compatible+absolute_round_label,accepted,46,Tier 3,Outdoor,2008-09-15,2008-09-21,0,31,1.0,2008-09-15,32,T3,exact_normalized_location,True,True,absolute_round_label,1.0,1.0,1.0,1.0,False,2008-W-T3-CHN-01A-2008,Guangzhou,1.0,1.0,2008-W-T4-KOR-01A-2008,Seoul,0.032258,0.032258,31,31
2008,Hobart,Moorilla Hobart International,2008-W-T4-AUS-01A-2008,Hobart,Hard,Hard,-1,31,31,1.0,1.0,pair_overlap_verified+exact_normalized_location+date_window+surface_agreement+draw_compatible+absolute_round_label,accepted,3,Tier 4,Outdoor,2008-01-06,2008-01-11,0,31,1.0,2008-01-07,32,T4,exact_normalized_location,True,True,absolute_round_label,1.0,1.0,0.967742,0.967742,False,2008-W-T4-AUS-01A-2008,Hobart,1.0,1.0,2008-D001,Fed Cup WG R1: ISR vs RUS,0.0,0.0,31,31
2008,Indian Wells,Pacific Life Open,2008-W-T1-USA-01A-2008,Indian Wells,Hard,Hard,2,95,95,1.0,1.0,pair_overlap_verified+exact_normalized_location+date_window+surface_agreement+draw_compatible+absolute_round_label,accepted,16,Tier 1,Outdoor,2008-03-12,2008-03-23,0,95,1.0,2008-03-10,96,T1,exact_normalized_location,True,True,absolute_round_label,1.0,1.0,0.957895,0.957895,False,2008-W-T1-USA-01A-2008,Indian Wells,1.0,1.0,2008-W-OL-CHN-01A-2008,Olympics,0.010526,0.015625,95,95
2008,Istanbul,Istanbul Cup,2008-W-T3-TUR-01A-2008,Istanbul,Clay,Clay,0,29,29,1.0,1.0,pair_overlap_verified+exact_normalized_location+date_window+surface_agreement+draw_compatible+absolute_round_label,accepted,25,Tier 3,Outdoor,2008-05-19,2008-05-24,0,29,1.0,2008-05-19,30,T3,exact_normalized_location,True,True,absolute_round_label,1.0,1.0,1.0,1.0,False,2008-W-T3-TUR-01A-2008,Istanbul,1.0,1.0,2008-D001,Fed Cup WG R1: ISR vs RUS,0.0,0.0,29,29
2008,Linz,Generali Ladies Linz,2008-W-T2-AUT-01A-2008,Linz,Hard,Hard,0,27,27,1.0,1.0,pair_overlap_verified+exact_normalized_location+date_window+surface_agreement+draw_compatible+absolute_round_label,accepted,55,Tier 2,Indoor,2008-10-20,2008-10-26,0,27,1.0,2008-10-20,28,T2,exact_normalized_location,True,True,absolute_round_label,1.0,1.0,1.0,1.0,False,2008-W-T2-AUT-01A-2008,Linz,1.0,1.0,2008-W-T1-GER-01A-2008,Berlin,0.037037,0.018182,27,27
2008,London,Wimbledon,2008-W-SL-GBR-01A-2008,Wimbledon,Grass,Grass,0,127,127,1.0,1.0,pair_overlap_verified+exact_normalized_tournament+date_window+surface_agreement+draw_compatible+absolute_round_label,accepted,32,Grand Slam,Outdoor,2008-06-23,2008-07-05,0,127,1.0,2008-06-23,128,G,exact_normalized_tournament,True,True,absolute_round_label,1.0,1.0,0.984252,0.984252,False,2008-W-SL-GBR-01A-2008,Wimbledon,1.0,1.0,2008-W-SL-FRA-01A-2008,Roland Garros,0.007874,0.007874,127,127
2008,Los Angeles,East West Bank Classic,2008-W-T2-USA-03A-2008,Los Angeles,Hard,Hard,0,55,55,1.0,1.0,pair_overlap_verified+exact_normalized_location+date_window+surface_agreement+draw_compatible+absolute_round_label,accepted,37,Tier 2,Outdoor,2008-07-21,2008-07-27,0,55,1.0,2008-07-21,56,T2,exact_normalized_location,True,True,absolute_round_label,1.0,1.0,1.0,1.0,False,2008-W-T2-USA-03A-2008,Los Angeles,1.0,1.0,2008-D001,Fed Cup WG R1: ISR vs RUS,0.0,0.0,55,55
2008,Luxembourg,FORTIS Championships Luxembourg,2008-W-T3-LUX-01A-2008,Luxembourg,Hard,Hard,0,31,31,1.0,1.0,pair_overlap_verified+exact_normalized_location+date_window+surface_agreement+draw_compatible+absolute_round_label,accepted,56,Tier 3,Indoor,2008-10-20,2008-10-26,0,31,1.0,2008-10-20,32,T3,exact_normalized_location,True,True,absolute_round_label,1.0,1.0,0.967742,0.967742,False,2008-W-T3-LUX-01A-2008,Luxembourg,1.0,1.0,2008-W-T2-GBR-01A-2008,Eastbourne,0.032258,0.037037,31,31
2008,Melbourne,Australian Open,2008-W-SL-AUS-01A-2008,Australian Open,Hard,Hard,0,127,127,1.0,1.0,pair_overlap_verified+exact_normalized_tournament+date_window+surface_agreement+draw_compatible+absolute_round_label,accepted,5,Grand Slam,Outdoor,2008-01-14,2008-01-26,0,127,1.0,2008-01-14,128,G,exact_normalized_tournament,True,True,absolute_round_label,1.0,1.0,0.96063,0.96063,False,2008-W-SL-AUS-01A-2008,Australian Open,1.0,1.0,2008-W-OL-CHN-01A-2008,Olympics,0.007874,0.015625,127,127
2008,Memphis,Regions Morgan Keegan Championships & the Cellular South Cup,2008-W-T3-USA-01A-2008,Memphis,Hard,Hard,-1,31,31,1.0,1.0,pair_overlap_verified+exact_normalized_location+date_window+surface_agreement+draw_compatible+absolute_round_label,accepted,14,Tier 3,Indoor,2008-02-24,2008-03-02,0,31,1.0,2008-02-25,32,T3,exact_normalized_location,True,True,absolute_round_label,1.0,1.0,0.935484,0.935484,False,2008-W-T3-USA-01A-2008,Memphis,1.0,1.0,2008-D001,Fed Cup WG R1: ISR vs RUS,0.0,0.0,31,31
2008,Miami,Sony Ericsson Open,2008-W-T1-USA-02A-2008,Miami,Hard,Hard,2,95,95,1.0,1.0,pair_overlap_verified+exact_normalized_location+date_window+surface_agreement+draw_compatible+absolute_round_label,accepted,17,Tier 1,Outdoor,2008-03-26,2008-04-05,0,95,1.0,2008-03-24,96,T1,exact_normalized_location,True,True,absolute_round_label,1.0,1.0,0.989474,0.989474,False,2008-W-T1-USA-02A-2008,Miami,1.0,1.0,2008-W-SL-USA-01A-2008,US Open,0.031579,0.023622,95,95
2008,Monreal,Rogers Cup,2008-W-T1-CAN-01A-2008,Montreal,Hard,Hard,0,55,55,1.0,1.0,pair_overlap_verified+name_unmatched+date_window+surface_agreement+draw_compatible+absolute_round_label,accepted,39,Tier 1,Outdoor,2008-07-28,2008-08-03,0,55,1.0,2008-07-28,56,T1,none,True,True,absolute_round_label,1.0,1.0,1.0,1.0,False,2008-W-T1-CAN-01A-2008,Montreal,1.0,1.0,2008-W-T1-GER-01A-2008,Berlin,0.018182,0.018182,55,55
2008,Moscow,Kremlin Cup,2008-W-T1-RUS-01A-2008,Moscow,Carpet,Hard,0,27,27,1.0,1.0,pair_overlap_verified+exact_normalized_location+date_window+draw_compatible+absolute_round_label,accepted,53,Tier 1,Indoor,2008-10-06,2008-10-12,0,27,1.0,2008-10-06,28,T1,exact_normalized_location,False,True,absolute_round_label,1.0,1.0,1.0,1.0,False,2008-W-T1-RUS-01A-2008,Moscow,1.0,1.0,2008-W-T1-JPN-01A-2008,Tokyo,0.037037,0.037037,27,27
2008,New Haven,Pilot Pen Tennis,2008-W-T2-USA-04A-2008,New Haven,Hard,Hard,-1,27,27,1.0,1.0,pair_overlap_verified+exact_normalized_location+date_window+surface_agreement+draw_compatible+absolute_round_label,accepted,43,Tier 2,Outdoor,2008-08-17,2008-08-23,0,27,1.0,2008-08-18,28,T2,exact_normalized_location,True,True,absolute_round_label,1.0,1.0,1.0,1.0,False,2008-W-T2-USA-04A-2008,New Haven,1.0,1.0,2008-D001,Fed Cup WG R1: ISR vs RUS,0.0,0.0,27,27
2008,New York,US Open,2008-W-SL-USA-01A-2008,US Open,Hard,Hard,0,127,127,0.984252,0.984252,pair_overlap_verified+exact_normalized_tournament+date_window+surface_agreement+draw_compatible+absolute_round_label,accepted,44,Grand Slam,Outdoor,2008-08-25,2008-09-07,0,127,1.0,2008-08-25,128,G,exact_normalized_tournament,True,True,absolute_round_label,0.984252,0.984252,0.937008,0.937008,False,2008-W-SL-USA-01A-2008,US Open,0.984252,0.984252,2008-W-T1-USA-02A-2008,Miami,0.023622,0.031579,127,127
2008,Palermo,Internazionali Femminili di Tennis di Palermo,2008-W-T4-ITA-01A-2008,Palermo,Clay,Clay,0,31,31,1.0,1.0,pair_overlap_verified+exact_normalized_location+date_window+surface_agreement+draw_compatible+absolute_round_label,accepted,34,Tier 4,Outdoor,2008-07-07,2008-07-13,0,31,1.0,2008-07-07,32,T4,exact_normalized_location,True,True,absolute_round_label,1.0,1.0,1.0,1.0,False,2008-W-T4-ITA-01A-2008,Palermo,1.0,1.0,2008-D001,Fed Cup WG R1: ISR vs RUS,0.0,0.0,31,31
2008,Paris,French Open,2008-W-SL-FRA-01A-2008,Roland Garros,Clay,Clay,-1,127,127,1.0,1.0,pair_overlap_verified+name_unmatched+date_window+surface_agreement+draw_compatible+absolute_round_label,accepted,27,Grand Slam,Outdoor,2008-05-25,2008-06-07,0,127,1.0,2008-05-26,128,G,none,True,True,absolute_round_label,1.0,1.0,0.976378,0.976378,False,2008-W-SL-FRA-01A-2008,Roland Garros,1.0,1.0,2008-W-OL-CHN-01A-2008,Olympics,0.015748,0.03125,127,127
2008,Paris,Open Gaz de France,2008-W-T2-FRA-01A-2008,Paris,Carpet,Carpet,0,27,27,1.0,1.0,pair_overlap_verified+exact_normalized_location+date_window+surface_agreement+draw_compatible+absolute_round_label,accepted,6,Tier 2,Indoor,2008-02-04,2008-02-10,0,27,1.0,2008-02-04,28,T2,exact_normalized_location,True,True,absolute_round_label,1.0,1.0,0.962963,0.962963,False,2008-W-T2-FRA-01A-2008,Paris,1.0,1.0,2008-D001,Fed Cup WG R1: ISR vs RUS,0.0,0.0,27,27
2008,Pattaya,Pattaya Women's Open,2008-W-T4-THA-01A-2008,Pattaya,Hard,Hard,1,31,31,1.0,1.0,pair_overlap_verified+exact_normalized_location+date_window+surface_agreement+draw_compatible+absolute_round_label,accepted,7,Tier 4,Outdoor,2008-02-05,2008-02-10,0,31,1.0,2008-02-04,32,T4,exact_normalized_location,True,True,absolute_round_label,1.0,1.0,0.83871,0.83871,True,2008-W-T4-THA-01A-2008,Pattaya,1.0,1.0,2008-D001,Fed Cup WG R1: ISR vs RUS,0.0,0.0,31,31
2008,Portoroz,Banka Koper Slovenia Open,2008-W-T4-SLO-01A-2008,Portoroz,Hard,Hard,0,31,31,1.0,1.0,pair_overlap_verified+exact_normalized_location+date_window+surface_agreement+draw_compatible+absolute_round_label,accepted,38,Tier 4,Outdoor,2008-07-21,2008-07-27,0,31,1.0,2008-07-21,32,T4,exact_normalized_location,True,True,absolute_round_label,1.0,1.0,0.935484,0.935484,False,2008-W-T4-SLO-01A-2008,Portoroz,1.0,1.0,2008-W-T4-KOR-01A-2008,Seoul,0.032258,0.032258,31,31
2008,Prague,ECM Prague Open,2008-W-T4-CZE-01A-2008,Prague,Clay,Clay,0,31,31,1.0,1.0,pair_overlap_verified+exact_normalized_location+date_window+surface_agreement+draw_compatible+absolute_round_label,accepted,22,Tier 4,Outdoor,2008-04-28,2008-05-04,0,31,1.0,2008-04-28,32,T4,exact_normalized_location,True,True,absolute_round_label,1.0,1.0,0.870968,0.870968,True,2008-W-T4-CZE-01A-2008,Prague,1.0,1.0,2008-D001,Fed Cup WG R1: ISR vs RUS,0.0,0.0,31,31
2008,Quebec,Bell Challenge,2008-W-T3-CAN-01A-2008,Quebec City,Hard,Hard,0,31,31,1.0,1.0,pair_overlap_verified+token_overlap+date_window+surface_agreement+draw_compatible+absolute_round_label,accepted,57,Tier 3,Indoor,2008-10-27,2008-11-02,0,31,1.0,2008-10-27,32,T3,token_overlap,True,True,absolute_round_label,1.0,1.0,0.935484,0.935484,False,2008-W-T3-CAN-01A-2008,Quebec City,1.0,1.0,2008-W-T4-ESP-01A-2008,Barcelona,0.032258,0.032258,31,31
2008,Rome,Internazionali BNL d'Italia,2008-W-T1-ITA-01A-2008,Rome,Clay,Clay,0,55,55,1.0,1.0,pair_overlap_verified+exact_normalized_location+date_window+surface_agreement+draw_compatible+absolute_round_label,accepted,24,Tier 1,Outdoor,2008-05-12,2008-05-18,0,55,1.0,2008-05-12,56,T1,exact_normalized_location,True,True,absolute_round_label,1.0,1.0,0.981818,0.981818,False,2008-W-T1-ITA-01A-2008,Rome,1.0,1.0,2008-W-T1-CAN-01A-2008,Montreal,0.018182,0.018182,55,55
2008,Seoul,Hansol Korea Open,2008-W-T4-KOR-01A-2008,Seoul,Hard,Hard,0,31,31,1.0,1.0,pair_overlap_verified+exact_normalized_location+date_window+surface_agreement+draw_compatible+absolute_round_label,accepted,49,Tier 4,Outdoor,2008-09-22,2008-09-28,0,31,1.0,2008-09-22,32,T4,exact_normalized_location,True,True,absolute_round_label,1.0,1.0,0.935484,0.935484,False,2008-W-T4-KOR-01A-2008,Seoul,1.0,1.0,2008-W-T3-CHN-01A-2008,Guangzhou,0.032258,0.032258,31,31
2008,Stanford,Bank of the West Classic,2008-W-T2-USA-02A-2008,Stanford,Hard,Hard,0,27,27,1.0,1.0,pair_overlap_verified+exact_normalized_location+date_window+surface_agreement+draw_compatible+absolute_round_label,accepted,36,Tier 2,Outdoor,2008-07-14,2008-07-20,0,27,1.0,2008-07-14,28,T2,exact_normalized_location,True,True,absolute_round_label,1.0,1.0,1.0,1.0,False,2008-W-T2-USA-02A-2008,Stanford,1.0,1.0,2008-W-T3-JPN-01A-2008,Japan Open,0.037037,0.032258,27,27
2008,Stockholm,Nordea Nordic Light Open,2008-W-T4-SWE-01A-2008,Stockholm,Hard,Hard,0,31,31,1.0,1.0,pair_overlap_verified+exact_normalized_location+date_window+surface_agreement+draw_compatible+absolute_round_label,accepted,40,Tier 4,Outdoor,2008-07-28,2008-08-03,0,31,1.0,2008-07-28,32,T4,exact_normalized_location,True,True,absolute_round_label,1.0,1.0,1.0,1.0,False,2008-W-T4-SWE-01A-2008,Stockholm,1.0,1.0,2008-W-T3-LUX-01A-2008,Luxembourg,0.032258,0.032258,31,31
2008,Strasbourg,Internationaux de Strasbourg,2008-W-T3-FRA-01A-2008,Strasbourg,Clay,Clay,0,29,29,1.0,1.0,pair_overlap_verified+exact_normalized_location+date_window+surface_agreement+draw_compatible+absolute_round_label,accepted,26,Tier 3,Outdoor,2008-05-19,2008-05-24,0,29,1.0,2008-05-19,30,T3,exact_normalized_location,True,True,absolute_round_label,1.0,1.0,0.965517,0.965517,False,2008-W-T3-FRA-01A-2008,Strasbourg,1.0,1.0,2008-W-T4-ESP-01A-2008,Barcelona,0.034483,0.032258,29,29
2008,Stuttgart,Porsche Tennis Grand Prix,2008-W-T2-GER-01A-2008,Stuttgart,Hard,Hard,0,27,27,1.0,1.0,pair_overlap_verified+exact_normalized_location+date_window+surface_agreement+draw_compatible+absolute_round_label,accepted,50,Tier 2,Indoor,2008-09-29,2008-10-05,0,27,1.0,2008-09-29,28,T2,exact_normalized_location,True,True,absolute_round_label,1.0,1.0,0.962963,0.962963,False,2008-W-T2-GER-01A-2008,Stuttgart,1.0,1.0,2008-W-T2-SUI-01A-2008,Zurich,0.037037,0.037037,27,27
2008,Sydney,Medibank International,2008-W-T2-AUS-01A-2008,Sydney,Hard,Hard,-1,27,27,1.0,1.0,pair_overlap_verified+exact_normalized_location+date_window+surface_agreement+draw_compatible+absolute_round_label,accepted,4,Tier 2,Outdoor,2008-01-06,2008-01-11,0,27,1.0,2008-01-07,28,T2,exact_normalized_location,True,True,absolute_round_label,1.0,1.0,1.0,1.0,False,2008-W-T2-AUS-01A-2008,Sydney,1.0,1.0,2008-W-T1-USA-02A-2008,Miami,0.037037,0.010526,27,27
2008,Tashkent,Tashkent Open,2008-W-T4-UZB-01A-2008,Tashkent,Hard,Hard,0,31,31,0.967742,0.967742,pair_overlap_verified+exact_normalized_location+date_window+surface_agreement+draw_compatible+absolute_round_label,accepted,51,Tier 4,Outdoor,2008-09-29,2008-10-05,0,31,1.0,2008-09-29,32,T4,exact_normalized_location,True,True,absolute_round_label,0.967742,0.967742,0.870968,0.870968,True,2008-W-T4-UZB-01A-2008,Tashkent,0.967742,0.967742,2008-D001,Fed Cup WG R1: ISR vs RUS,0.0,0.0,31,31
2008,Tokyo,AIG Japan Open Tennis Championships,2008-W-T3-JPN-01A-2008,Japan Open,Hard,Hard,0,31,31,1.0,1.0,pair_overlap_verified+token_subset+date_window+surface_agreement+draw_compatible+absolute_round_label,accepted,52,Tier 3,Outdoor,2008-09-29,2008-10-05,0,31,1.0,2008-09-29,32,T3,token_subset,True,True,absolute_round_label,1.0,1.0,0.903226,0.903226,False,2008-W-T3-JPN-01A-2008,Japan Open,1.0,1.0,2008-W-T2-USA-02A-2008,Stanford,0.032258,0.037037,31,31
2008,Tokyo,Toray Pan Pacific Open,2008-W-T1-JPN-01A-2008,Tokyo,Hard,Hard,1,27,27,1.0,1.0,pair_overlap_verified+exact_normalized_location+date_window+surface_agreement+draw_compatible+absolute_round_label,accepted,47,Tier 1,Outdoor,2008-09-16,2008-09-21,0,27,1.0,2008-09-15,28,T1,exact_normalized_location,True,True,absolute_round_label,1.0,1.0,1.0,1.0,False,2008-W-T1-JPN-01A-2008,Tokyo,1.0,1.0,2008-W-T1-RUS-01A-2008,Moscow,0.037037,0.037037,27,27
2008,Vina del Mar,Cachantun Cup,2008-W-T3-CHI-01A-2008,Vina Del Mar,Clay,Clay,0,31,31,1.0,1.0,pair_overlap_verified+exact_normalized_location+date_window+surface_agreement+draw_compatible+absolute_round_label,accepted,9,Tier 3,Outdoor,2008-02-11,2008-02-17,0,31,1.0,2008-02-11,32,T3,exact_normalized_location,True,True,absolute_round_label,1.0,1.0,0.83871,0.83871,True,2008-W-T3-CHI-01A-2008,Vina Del Mar,1.0,1.0,2008-D001,Fed Cup WG R1: ISR vs RUS,0.0,0.0,31,31
2008,Zurich,Zurich Open,2008-W-T2-SUI-01A-2008,Zurich,Hard,Hard,0,27,27,1.0,1.0,pair_overlap_verified+exact_normalized_location+date_window+surface_agreement+draw_compatible+absolute_round_label,accepted,54,Tier 2,Indoor,2008-10-13,2008-10-19,0,27,1.0,2008-10-13,28,T2,exact_normalized_location,True,True,absolute_round_label,1.0,1.0,1.0,1.0,False,2008-W-T2-SUI-01A-2008,Zurich,1.0,1.0,2008-W-T2-GER-01A-2008,Stuttgart,0.037037,0.037037,27,27
2009,'s-Hertogenbosch,Ordina Open,2009-W-INT-NED-01A-2009,'s-Hertogenbosch,Grass,Grass,-1,31,31,1.0,1.0,pair_overlap_verified+exact_normalized_location+date_window+surface_agreement+draw_compatible+absolute_round_label,accepted,29,International,Outdoor,2009-06-14,2009-06-20,0,31,1.0,2009-06-15,32,I,exact_normalized_location,True,True,absolute_round_label,1.0,1.0,0.967742,0.967742,False,2009-W-INT-NED-01A-2009,'s-Hertogenbosch,1.0,1.0,2009-D001,Fed Cup WG R1: RUS vs CHN,0.0,0.0,31,31
2009,Acapulco,Abierto Mexicano,2009-W-INT-MEX-01A-2009,Acapulco,Clay,Clay,0,31,31,1.0,1.0,pair_overlap_verified+exact_normalized_location+date_window+surface_agreement+draw_compatible+absolute_round_label,accepted,11,International,Outdoor,2009-02-23,2009-03-01,0,31,1.0,2009-02-23,32,I,exact_normalized_location,True,True,absolute_round_label,1.0,1.0,0.935484,0.935484,False,2009-W-INT-MEX-01A-2009,Acapulco,1.0,1.0,2009-D001,Fed Cup WG R1: RUS vs CHN,0.0,0.0,31,31
2009,Auckland,ASB Classic,2009-W-INT-NZL-01A-2009,Auckland,Hard,Hard,-1,31,31,1.0,1.0,pair_overlap_verified+exact_normalized_location+date_window+surface_agreement+draw_compatible+absolute_round_label,accepted,1,International,Outdoor,2009-01-04,2009-01-10,0,31,1.0,2009-01-05,32,I,exact_normalized_location,True,True,absolute_round_label,1.0,1.0,0.967742,0.967742,False,2009-W-INT-NZL-01A-2009,Auckland,1.0,1.0,2009-W-INT-JPN-01A-2009,Osaka,0.032258,0.032258,31,31
2009,Bad Gastein,Gastein Ladies,2009-W-INT-AUT-01A-2009,Bad Gastein,Clay,Clay,0,31,31,1.0,1.0,pair_overlap_verified+exact_normalized_location+date_window+surface_agreement+draw_compatible+absolute_round_label,accepted,35,International,Outdoor,2009-07-20,2009-07-26,0,31,1.0,2009-07-20,32,I,exact_normalized_location,True,True,absolute_round_label,1.0,1.0,0.935484,0.935484,False,2009-W-INT-AUT-01A-2009,Bad Gastein,1.0,1.0,2009-D001,Fed Cup WG R1: RUS vs CHN,0.0,0.0,31,31
2009,Bali,Commonwealth Bank Tournament of Champions,2009-W-CHA-INA-01A-2009,Tournament of Champions,Hard,Hard,2,15,15,1.0,1.0,pair_overlap_verified+token_subset+date_window+surface_agreement+draw_compatible+absolute_round_label,accepted,55,International,Indoor,2009-11-04,2009-11-08,0,15,1.0,2009-11-02,4,F,token_subset,True,True,absolute_round_label,1.0,1.0,1.0,1.0,False,2009-W-CHA-INA-01A-2009,Tournament of Champions,1.0,1.0,2009-W-INT-TUR-01A-2009,Istanbul,0.066667,0.032258,15,15
2009,Barcelona,Barcelona Ladies Open,2009-W-INT-ESP-02A-2009,Barcelona,Clay,Clay,0,31,31,1.0,1.0,pair_overlap_verified+exact_normalized_location+date_window+surface_agreement+draw_compatible+absolute_round_label,accepted,17,International,Outdoor,2009-04-13,2009-04-19,0,31,1.0,2009-04-13,32,I,exact_normalized_location,True,True,absolute_round_label,1.0,1.0,0.806452,0.806452,True,2009-W-INT-ESP-02A-2009,Barcelona,1.0,1.0,2009-D001,Fed Cup WG R1: RUS vs CHN,0.0,0.0,31,31
2009,Bastad,Collector Swedish Open,2009-W-INT-SWE-01A-2009,Bastad,Clay,Clay,0,31,31,1.0,1.0,pair_overlap_verified+exact_normalized_location+date_window+surface_agreement+draw_compatible+absolute_round_label,accepted,31,International,Outdoor,2009-07-06,2009-07-11,0,31,1.0,2009-07-06,32,I,exact_normalized_location,True,True,absolute_round_label,1.0,1.0,1.0,1.0,False,2009-W-INT-SWE-01A-2009,Bastad,1.0,1.0,2009-W-PR-USA-05A-2009,New Haven,0.032258,0.032258,31,31
2009,Beijing,China Open,2009-W-PM-CHN-01A-2009,Beijing,Hard,Hard,-2,59,59,1.0,1.0,pair_overlap_verified+exact_normalized_location+date_window+surface_agreement+draw_compatible+absolute_round_label,accepted,49,Premier,Outdoor,2009-10-03,2009-10-11,0,59,1.0,2009-10-05,60,PM,exact_normalized_location,True,True,absolute_round_label,1.0,1.0,1.0,1.0,False,2009-W-PM-CHN-01A-2009,Beijing,1.0,1.0,2009-W-PR-JPN-01A-2009,Tokyo,0.016949,0.018182,59,59
2009,Birmingham,AEGON Classic,2009-W-INT-GBR-01A-2009,Birmingham,Grass,Grass,0,55,55,0.981818,0.981818,pair_overlap_verified+exact_normalized_location+date_window+surface_agreement+draw_compatible+absolute_round_label,accepted,27,International,Outdoor,2009-06-08,2009-06-14,0,55,1.0,2009-06-08,56,I,exact_normalized_location,True,True,absolute_round_label,0.981818,0.981818,0.927273,0.927273,False,2009-W-INT-GBR-01A-2009,Birmingham,0.981818,0.981818,2009-D001,Fed Cup WG R1: RUS vs CHN,0.0,0.0,55,55
2009,Bogota,Copa Sony Ericsson Colsanitas,2009-W-INT-COL-01A-2009,Bogota,Clay,Clay,0,31,31,1.0,1.0,pair_overlap_verified+exact_normalized_location+date_window+surface_agreement+draw_compatible+absolute_round_label,accepted,8,International,Outdoor,2009-02-16,2009-02-22,0,31,1.0,2009-02-16,32,I,exact_normalized_location,True,True,absolute_round_label,1.0,1.0,0.935484,0.935484,False,2009-W-INT-COL-01A-2009,Bogota,1.0,1.0,2009-D001,Fed Cup WG R1: RUS vs CHN,0.0,0.0,31,31
2009,Brisbane,Brisbane International,2009-W-INT-AUS-01A-2009,Brisbane,Hard,Hard,-1,31,31,1.0,1.0,pair_overlap_verified+exact_normalized_location+date_window+surface_agreement+draw_compatible+absolute_round_label,accepted,2,International,Outdoor,2009-01-04,2009-01-10,0,31,1.0,2009-01-05,32,I,exact_normalized_location,True,True,absolute_round_label,1.0,1.0,1.0,1.0,False,2009-W-INT-AUS-01A-2009,Brisbane,1.0,1.0,2009-D001,Fed Cup WG R1: RUS vs CHN,0.0,0.0,31,31
2009,Budapest,Gaz de France Budapest Grand Prix,2009-W-INT-HUN-01A-2009,Budapest,Clay,Clay,0,31,31,1.0,1.0,pair_overlap_verified+exact_normalized_location+date_window+surface_agreement+draw_compatible+absolute_round_label,accepted,32,International,Outdoor,2009-07-06,2009-07-12,0,31,1.0,2009-07-06,32,I,exact_normalized_location,True,True,absolute_round_label,1.0,1.0,0.967742,0.967742,False,2009-W-INT-HUN-01A-2009,Budapest,1.0,1.0,2009-D001,Fed Cup WG R1: RUS vs CHN,0.0,0.0,31,31
2009,Charleston,Family Circle Cup,2009-W-PR-USA-01A-2009,Charleston,Clay,Clay,0,55,55,1.0,1.0,pair_overlap_verified+exact_normalized_location+date_window+surface_agreement+draw_compatible+absolute_round_label,accepted,18,Premier,Outdoor,2009-04-13,2009-04-19,0,55,1.0,2009-04-13,56,P,exact_normalized_location,True,True,absolute_round_label,1.0,1.0,1.0,1.0,False,2009-W-PR-USA-01A-2009,Charleston,1.0,1.0,2009-W-INT-USA-02A-2009,Ponte Vedra Beach,0.018182,0.032258,55,55
2009,Cincinnati,Western & Southern Financial Group Women's Open,2009-W-PR-USA-04A-2009,Cincinnati,Hard,Hard,0,55,55,1.0,1.0,pair_overlap_verified+exact_normalized_location+date_window+surface_agreement+draw_compatible+absolute_round_label,accepted,40,Premier,Outdoor,2009-08-10,2009-08-16,0,55,1.0,2009-08-10,56,P,exact_normalized_location,True,True,absolute_round_label,1.0,1.0,0.981818,0.981818,False,2009-W-PR-USA-04A-2009,Cincinnati,1.0,1.0,2009-W-INT-THA-01A-2009,Pattaya,0.018182,0.032258,55,55
2009,Doha,Sony Ericsson Championships,2009-W-WT-QAT-01A-2009,WTA Tour Championships,Hard,Hard,1,15,15,0.933333,0.933333,pair_overlap_verified+name_unmatched+date_window+surface_agreement+draw_compatible+absolute_round_label,accepted,54,Tour Championships,Indoor,2009-10-27,2009-11-01,0,15,1.0,2009-10-26,4,F,none,True,True,absolute_round_label,1.0,1.0,0.933333,0.933333,False,2009-W-WT-QAT-01A-2009,WTA Tour Championships,0.933333,0.933333,2009-D046,Fed Cup G1 RRC: BLR vs DEN,0.066667,0.5,15,15
2009,Dubai,Barclays Dubai Tennis Championships,2009-W-PR-UAE-01A-2009,Dubai,Hard,Hard,-1,55,55,1.0,1.0,pair_overlap_verified+exact_normalized_location+date_window+surface_agreement+draw_compatible+absolute_round_label,accepted,9,Premier,Outdoor,2009-02-15,2009-02-21,0,55,1.0,2009-02-16,56,P,exact_normalized_location,True,True,absolute_round_label,1.0,1.0,1.0,1.0,False,2009-W-PR-UAE-01A-2009,Dubai,1.0,1.0,2009-W-PM-USA-02A-2009,Miami,0.036364,0.021053,55,55
2009,Eastbourne,AEGON International,2009-W-PR-GBR-01A-2009,Eastbourne,Grass,Grass,0,31,31,1.0,1.0,pair_overlap_verified+exact_normalized_location+date_window+surface_agreement+draw_compatible+absolute_round_label,accepted,28,Premier,Outdoor,2009-06-15,2009-06-20,0,31,1.0,2009-06-15,32,P,exact_normalized_location,True,True,absolute_round_label,1.0,1.0,0.967742,0.967742,False,2009-W-PR-GBR-01A-2009,Eastbourne,1.0,1.0,2009-W-PR-USA-03A-2009,Los Angeles,0.032258,0.018182,31,31
2009,Estoril,Estoril Open,2009-W-INT-POR-01A-2009,Estoril,Clay,Clay,0,31,31,1.0,1.0,pair_overlap_verified+exact_normalized_location+date_window+surface_agreement+draw_compatible+absolute_round_label,accepted,21,International,Outdoor,2009-05-04,2009-05-09,0,31,1.0,2009-05-04,32,I,exact_normalized_location,True,True,absolute_round_label,1.0,1.0,0.903226,0.903226,False,2009-W-INT-POR-01A-2009,Estoril,1.0,1.0,2009-W-INT-NZL-01A-2009,Auckland,0.032258,0.032258,31,31
2009,Fes,Grand Prix de SAR La Princesse Lalla Meryem,2009-W-INT-MAR-01A-2009,Fes,Clay,Clay,0,31,31,1.0,1.0,pair_overlap_verified+exact_normalized_location+date_window+surface_agreement+draw_compatible+absolute_round_label,accepted,19,International,Outdoor,2009-04-27,2009-05-02,0,31,1.0,2009-04-27,32,I,exact_normalized_location,True,True,absolute_round_label,1.0,1.0,0.870968,0.870968,True,2009-W-INT-MAR-01A-2009,Fes,1.0,1.0,2009-D001,Fed Cup WG R1: RUS vs CHN,0.0,0.0,31,31
2009,Guangzhou,GDD-Guangzhou International Womens Open,2009-W-INT-CHN-01A-2009,Guangzhou,Hard,Hard,0,31,31,1.0,1.0,pair_overlap_verified+exact_normalized_location+date_window+surface_agreement+draw_compatible+absolute_round_label,accepted,44,International,Outdoor,2009-09-14,2009-09-20,0,31,1.0,2009-09-14,32,I,exact_normalized_location,True,True,absolute_round_label,1.0,1.0,1.0,1.0,False,2009-W-INT-CHN-01A-2009,Guangzhou,1.0,1.0,2009-D001,Fed Cup WG R1: RUS vs CHN,0.0,0.0,31,31
2009,Hobart,Moorilla Hobart International,2009-W-INT-AUS-02A-2009,Hobart,Hard,Hard,-1,31,31,1.0,1.0,pair_overlap_verified+exact_normalized_location+date_window+surface_agreement+draw_compatible+absolute_round_label,accepted,3,International,Outdoor,2009-01-11,2009-01-16,0,31,1.0,2009-01-12,32,I,exact_normalized_location,True,True,absolute_round_label,1.0,1.0,1.0,1.0,False,2009-W-INT-AUS-02A-2009,Hobart,1.0,1.0,2009-W-PR-GER-01A-2009,Stuttgart,0.032258,0.032258,31,31
2009,Indian Wells,BNP Paribas Open,2009-W-PM-USA-01A-2009,Indian Wells,Hard,Hard,2,95,95,1.0,1.0,pair_overlap_verified+exact_normalized_location+date_window+surface_agreement+draw_compatible+absolute_round_label,accepted,13,Premier,Outdoor,2009-03-11,2009-03-22,0,95,1.0,2009-03-09,96,PM,exact_normalized_location,True,True,absolute_round_label,1.0,1.0,0.989474,0.989474,False,2009-W-PM-USA-01A-2009,Indian Wells,1.0,1.0,2009-W-SL-FRA-01A-2009,Roland Garros,0.021053,0.015748,95,95
2009,Istanbul,Istanbul Cup,2009-W-INT-TUR-01A-2009,Istanbul,Clay,Hard,0,31,31,1.0,1.0,pair_overlap_verified+exact_normalized_location+date_window+draw_compatible+absolute_round_label,accepted,37,International,Outdoor,2009-07-27,2009-08-02,0,31,1.0,2009-07-27,32,I,exact_normalized_location,False,True,absolute_round_label,1.0,1.0,1.0,1.0,False,2009-W-INT-TUR-01A-2009,Istanbul,1.0,1.0,2009-W-CHA-INA-01A-2009,Tournament of Champions,0.032258,0.066667,31,31
2009,Linz,Generali Ladies Linz,2009-W-INT-AUT-02A-2009,Linz,Hard,Hard,0,31,31,1.0,1.0,pair_overlap_verified+exact_normalized_location+date_window+surface_agreement+draw_compatible+absolute_round_label,accepted,50,International,Indoor,2009-10-12,2009-10-18,0,31,1.0,2009-10-12,32,I,exact_normalized_location,True,True,absolute_round_label,1.0,1.0,0.935484,0.935484,False,2009-W-INT-AUT-02A-2009,Linz,1.0,1.0,2009-W-PR-POL-01A-2009,Warsaw,0.032258,0.032258,31,31
2009,London,Wimbledon,2009-W-SL-GBR-01A-2009,Wimbledon,Grass,Grass,0,127,127,0.992126,0.992126,pair_overlap_verified+exact_normalized_tournament+date_window+surface_agreement+draw_compatible+absolute_round_label,accepted,30,Grand Slam,Outdoor,2009-06-22,2009-07-04,0,127,1.0,2009-06-22,128,G,exact_normalized_tournament,True,True,absolute_round_label,0.992126,0.992126,0.937008,0.937008,False,2009-W-SL-GBR-01A-2009,Wimbledon,0.992126,0.992126,2009-W-SL-USA-01A-2009,US Open,0.015748,0.015748,127,127
2009,Los Angeles,LA Womens Tennis Championships,2009-W-PR-USA-03A-2009,Los Angeles,Hard,Hard,0,55,55,1.0,1.0,pair_overlap_verified+exact_normalized_location+date_window+surface_agreement+draw_compatible+absolute_round_label,accepted,39,Premier,Outdoor,2009-08-03,2009-08-09,0,55,1.0,2009-08-03,56,P,exact_normalized_location,True,True,absolute_round_label,1.0,1.0,0.981818,0.981818,False,2009-W-PR-USA-03A-2009,Los Angeles,1.0,1.0,2009-W-PR-CAN-01A-2009,Toronto,0.036364,0.036364,55,55
2009,Luxembourg,FORTIS Championships Luxembourg,2009-W-INT-LUX-01A-2009,Luxembourg,Hard,Hard,0,31,31,1.0,1.0,pair_overlap_verified+exact_normalized_location+date_window+surface_agreement+draw_compatible+absolute_round_label,accepted,52,International,Indoor,2009-10-19,2009-10-25,0,31,1.0,2009-10-19,32,I,exact_normalized_location,True,True,absolute_round_label,1.0,1.0,0.967742,0.967742,False,2009-W-INT-LUX-01A-2009,Luxembourg,1.0,1.0,2009-D001,Fed Cup WG R1: RUS vs CHN,0.0,0.0,31,31
2009,Madrid,Mutua Madrileña Madrid Open,2009-W-PM-ESP-01A-2009,Madrid,Clay,Clay,-2,59,59,1.0,1.0,pair_overlap_verified+exact_normalized_location+date_window+surface_agreement+draw_compatible+absolute_round_label,accepted,23,Premier,Outdoor,2009-05-09,2009-05-17,0,59,1.0,2009-05-11,60,PM,exact_normalized_location,True,True,absolute_round_label,1.0,1.0,1.0,1.0,False,2009-W-PM-ESP-01A-2009,Madrid,1.0,1.0,2009-W-PR-CAN-01A-2009,Toronto,0.016949,0.018182,59,59
2009,Marbella,Andalucia Tennis Experience,2009-W-INT-ESP-01A-2009,Marbella,Clay,Clay,0,31,31,1.0,1.0,pair_overlap_verified+exact_normalized_location+date_window+surface_agreement+draw_compatible+absolute_round_label,accepted,15,International,Outdoor,2009-04-06,2009-04-12,0,31,1.0,2009-04-06,32,I,exact_normalized_location,True,True,absolute_round_label,1.0,1.0,0.870968,0.870968,True,2009-W-INT-ESP-01A-2009,Marbella,1.0,1.0,2009-W-INT-TUR-01A-2009,Istanbul,0.032258,0.032258,31,31
2009,Melbourne,Australian Open,2009-W-SL-AUS-01A-2009,Australian Open,Hard,Hard,0,127,127,1.0,1.0,pair_overlap_verified+exact_normalized_tournament+date_window+surface_agreement+draw_compatible+absolute_round_label,accepted,5,Grand Slam,Outdoor,2009-01-19,2009-01-31,0,127,1.0,2009-01-19,128,G,exact_normalized_tournament,True,True,absolute_round_label,1.0,1.0,0.96063,0.96063,False,2009-W-SL-AUS-01A-2009,Australian Open,1.0,1.0,2009-W-PM-USA-02A-2009,Miami,0.007874,0.010526,127,127
2009,Memphis,Regions Morgan Keegan Championships & the Cellular South Cup,2009-W-INT-USA-01A-2009,Memphis,Hard,Hard,-1,31,31,1.0,1.0,pair_overlap_verified+exact_normalized_location+date_window+surface_agreement+draw_compatible+absolute_round_label,accepted,10,International,Indoor,2009-02-15,2009-02-22,0,31,1.0,2009-02-16,32,I,exact_normalized_location,True,True,absolute_round_label,1.0,1.0,0.903226,0.903226,False,2009-W-INT-USA-01A-2009,Memphis,1.0,1.0,2009-D001,Fed Cup WG R1: RUS vs CHN,0.0,0.0,31,31
2009,Miami,Sony Ericsson Open,2009-W-PM-USA-02A-2009,Miami,Hard,Hard,2,95,95,1.0,1.0,pair_overlap_verified+exact_normalized_location+date_window+surface_agreement+draw_compatible+absolute_round_label,accepted,14,Premier,Outdoor,2009-03-25,2009-04-04,0,95,1.0,2009-03-23,96,PM,exact_normalized_location,True,True,absolute_round_label,1.0,1.0,0.989474,0.989474,False,2009-W-PM-USA-02A-2009,Miami,1.0,1.0,2009-W-PR-UAE-01A-2009,Dubai,0.021053,0.036364,95,95
2009,Monterrey,Monterrey Open,2009-W-INT-MEX-02A-2009,Monterrey,Hard,Hard,0,31,31,1.0,1.0,pair_overlap_verified+exact_normalized_location+date_window+surface_agreement+draw_compatible+absolute_round_label,accepted,12,International,Outdoor,2009-03-02,2009-03-08,0,31,1.0,2009-03-02,32,I,exact_normalized_location,True,True,absolute_round_label,1.0,1.0,0.935484,0.935484,False,2009-W-INT-MEX-02A-2009,Monterrey,1.0,1.0,2009-D001,Fed Cup WG R1: RUS vs CHN,0.0,0.0,31,31
2009,Moscow,Kremlin Cup,2009-W-PR-RUS-01A-2009,Moscow,Hard,Hard,0,31,31,1.0,1.0,pair_overlap_verified+exact_normalized_location+date_window+surface_agreement+draw_compatible+absolute_round_label,accepted,53,Premier,Indoor,2009-10-19,2009-10-25,0,31,1.0,2009-10-19,32,P,exact_normalized_location,True,True,absolute_round_label,1.0,1.0,1.0,1.0,False,2009-W-PR-RUS-01A-2009,Moscow,1.0,1.0,2009-W-PR-CAN-01A-2009,Toronto,0.032258,0.018182,31,31
2009,New Haven,Pilot Pen Tennis,2009-W-PR-USA-05A-2009,New Haven,Hard,Hard,-1,31,31,1.0,1.0,pair_overlap_verified+exact_normalized_location+date_window+surface_agreement+draw_compatible+absolute_round_label,accepted,42,Premier,Outdoor,2009-08-23,2009-08-29,0,31,1.0,2009-08-24,32,P,exact_normalized_location,True,True,absolute_round_label,1.0,1.0,1.0,1.0,False,2009-W-PR-USA-05A-2009,New Haven,1.0,1.0,2009-W-INT-SWE-01A-2009,Bastad,0.032258,0.032258,31,31
2009,New York,US Open,2009-W-SL-USA-01A-2009,US Open,Hard,Hard,0,127,127,1.0,1.0,pair_overlap_verified+exact_normalized_tournament+date_window+surface_agreement+draw_compatible+absolute_round_label,accepted,43,Grand Slam,Outdoor,2009-08-31,2009-09-14,0,127,1.0,2009-08-31,128,G,exact_normalized_tournament,True,True,absolute_round_label,1.0,1.0,0.968504,0.968504,False,2009-W-SL-USA-01A-2009,US Open,1.0,1.0,2009-W-SL-GBR-01A-2009,Wimbledon,0.015748,0.015748,127,127
2009,Osaka,HP Open,2009-W-INT-JPN-01A-2009,Osaka,Hard,Hard,0,31,31,1.0,1.0,pair_overlap_verified+exact_normalized_location+date_window+surface_agreement+draw_compatible+absolute_round_label,accepted,51,International,Outdoor,2009-10-12,2009-10-18,0,31,1.0,2009-10-12,32,I,exact_normalized_location,True,True,absolute_round_label,1.0,1.0,1.0,1.0,False,2009-W-INT-JPN-01A-2009,Osaka,1.0,1.0,2009-W-INT-NZL-01A-2009,Auckland,0.032258,0.032258,31,31
2009,Palermo,Internazionali Femminili di Tennis di Palermo,2009-W-INT-ITA-01A-2009,Palermo,Clay,Clay,0,31,31,1.0,1.0,pair_overlap_verified+exact_normalized_location+date_window+surface_agreement+draw_compatible+absolute_round_label,accepted,33,International,Outdoor,2009-07-13,2009-07-19,0,31,1.0,2009-07-13,32,I,exact_normalized_location,True,True,absolute_round_label,1.0,1.0,1.0,1.0,False,2009-W-INT-ITA-01A-2009,Palermo,1.0,1.0,2009-D001,Fed Cup WG R1: RUS vs CHN,0.0,0.0,31,31
2009,Paris,French Open,2009-W-SL-FRA-01A-2009,Roland Garros,Clay,Clay,-1,127,127,1.0,1.0,pair_overlap_verified+name_unmatched+date_window+surface_agreement+draw_compatible+absolute_round_label,accepted,26,Grand Slam,Outdoor,2009-05-24,2009-06-06,0,127,1.0,2009-05-25,128,G,none,True,True,absolute_round_label,1.0,1.0,0.96063,0.96063,False,2009-W-SL-FRA-01A-2009,Roland Garros,1.0,1.0,2009-W-PM-USA-01A-2009,Indian Wells,0.015748,0.021053,127,127
2009,Paris,Open Gaz de France,2009-W-PR-FRA-01A-2009,Paris,Carpet,Carpet,0,31,31,1.0,1.0,pair_overlap_verified+exact_normalized_location+date_window+surface_agreement+draw_compatible+absolute_round_label,accepted,6,Premier,Indoor,2009-02-09,2009-02-15,0,31,1.0,2009-02-09,32,P,exact_normalized_location,True,True,absolute_round_label,1.0,1.0,1.0,1.0,False,2009-W-PR-FRA-01A-2009,Paris,1.0,1.0,2009-W-INT-ESP-01A-2009,Marbella,0.032258,0.032258,31,31
2009,Pattaya,Pattaya Women's Open,2009-W-INT-THA-01A-2009,Pattaya,Hard,Hard,0,31,31,1.0,1.0,pair_overlap_verified+exact_normalized_location+date_window+surface_agreement+draw_compatible+absolute_round_label,accepted,7,International,Outdoor,2009-02-09,2009-02-15,0,31,1.0,2009-02-09,32,I,exact_normalized_location,True,True,absolute_round_label,1.0,1.0,0.935484,0.935484,False,2009-W-INT-THA-01A-2009,Pattaya,1.0,1.0,2009-W-PR-USA-04A-2009,Cincinnati,0.032258,0.018182,31,31
2009,Ponte Vedra Beach,MPS Group Championships,2009-W-INT-USA-02A-2009,Ponte Vedra Beach,Clay,Clay,0,31,31,1.0,1.0,pair_overlap_verified+exact_normalized_location+date_window+surface_agreement+draw_compatible+absolute_round_label,accepted,16,International,Outdoor,2009-04-06,2009-04-12,0,31,1.0,2009-04-06,32,I,exact_normalized_location,True,True,absolute_round_label,1.0,1.0,1.0,1.0,False,2009-W-INT-USA-02A-2009,Ponte Vedra Beach,1.0,1.0,2009-W-PR-USA-01A-2009,Charleston,0.032258,0.018182,31,31
2009,Portoroz,Banka Koper Slovenia Open,2009-W-INT-SLO-01A-2009,Portoroz,Hard,Hard,0,31,31,1.0,1.0,pair_overlap_verified+exact_normalized_location+date_window+surface_agreement+draw_compatible+absolute_round_label,accepted,36,International,Outdoor,2009-07-20,2009-07-26,0,31,1.0,2009-07-20,32,I,exact_normalized_location,True,True,absolute_round_label,1.0,1.0,0.870968,0.870968,True,2009-W-INT-SLO-01A-2009,Portoroz,1.0,1.0,2009-D001,Fed Cup WG R1: RUS vs CHN,0.0,0.0,31,31
2009,Prague,ECM Prague Open,2009-W-INT-CZE-01A-2009,Prague,Clay,Clay,0,31,31,1.0,1.0,pair_overlap_verified+exact_normalized_location+date_window+surface_agreement+draw_compatible+absolute_round_label,accepted,34,International,Outdoor,2009-07-13,2009-07-19,0,31,1.0,2009-07-13,32,I,exact_normalized_location,True,True,absolute_round_label,1.0,1.0,0.935484,0.935484,False,2009-W-INT-CZE-01A-2009,Prague,1.0,1.0,2009-D001,Fed Cup WG R1: RUS vs CHN,0.0,0.0,31,31
2009,Quebec,Bell Challenge,2009-W-INT-CAN-01A-2009,Quebec City,Hard,Hard,0,31,31,1.0,1.0,pair_overlap_verified+token_overlap+date_window+surface_agreement+draw_compatible+absolute_round_label,accepted,45,International,Indoor,2009-09-14,2009-09-20,0,31,1.0,2009-09-14,32,I,token_overlap,True,True,absolute_round_label,1.0,1.0,0.935484,0.935484,False,2009-W-INT-CAN-01A-2009,Quebec City,1.0,1.0,2009-D001,Fed Cup WG R1: RUS vs CHN,0.0,0.0,31,31
2009,Rome,Internazionali BNL d'Italia,2009-W-PR-ITA-01A-2009,Rome,Clay,Clay,-1,55,55,1.0,1.0,pair_overlap_verified+exact_normalized_location+date_window+surface_agreement+draw_compatible+absolute_round_label,accepted,22,Premier,Outdoor,2009-05-03,2009-05-09,0,55,1.0,2009-05-04,56,P,exact_normalized_location,True,True,absolute_round_label,1.0,1.0,1.0,1.0,False,2009-W-PR-ITA-01A-2009,Rome,1.0,1.0,2009-W-PR-USA-03A-2009,Los Angeles,0.018182,0.018182,55,55
2009,Seoul,Hansol Korea Open,2009-W-INT-KOR-01A-2009,Seoul,Hard,Hard,1,31,31,1.0,1.0,pair_overlap_verified+exact_normalized_location+date_window+surface_agreement+draw_compatible+absolute_round_label,accepted,46,International,Outdoor,2009-09-22,2009-09-27,0,31,1.0,2009-09-21,32,I,exact_normalized_location,True,True,absolute_round_label,1.0,1.0,1.0,1.0,False,2009-W-INT-KOR-01A-2009,Seoul,1.0,1.0,2009-W-PR-UAE-01A-2009,Dubai,0.032258,0.018182,31,31
2009,Stanford,Bank of the West Classic,2009-W-PR-USA-02A-2009,Stanford,Hard,Hard,0,31,31,0.967742,0.967742,pair_overlap_verified+exact_normalized_location+date_window+surface_agreement+draw_compatible+absolute_round_label,accepted,38,Premier,Outdoor,2009-07-27,2009-08-02,0,31,1.0,2009-07-27,32,P,exact_normalized_location,True,True,absolute_round_label,1.0,1.0,0.967742,0.967742,False,2009-W-PR-USA-02A-2009,Stanford,0.967742,0.967742,2009-W-PR-GER-01A-2009,Stuttgart,0.032258,0.032258,31,31
2009,Strasbourg,Internationaux de Strasbourg,2009-W-INT-FRA-01A-2009,Strasbourg,Clay,Clay,0,31,31,1.0,1.0,pair_overlap_verified+exact_normalized_location+date_window+surface_agreement+draw_compatible+absolute_round_label,accepted,24,International,Outdoor,2009-05-18,2009-05-23,0,31,1.0,2009-05-18,32,I,exact_normalized_location,True,True,absolute_round_label,1.0,1.0,1.0,1.0,False,2009-W-INT-FRA-01A-2009,Strasbourg,1.0,1.0,2009-D001,Fed Cup WG R1: RUS vs CHN,0.0,0.0,31,31
2009,Stuttgart,Porsche Tennis Grand Prix,2009-W-PR-GER-01A-2009,Stuttgart,Clay,Clay,0,31,31,1.0,1.0,pair_overlap_verified+exact_normalized_location+date_window+surface_agreement+draw_compatible+absolute_round_label,accepted,20,Premier,Outdoor,2009-04-27,2009-05-03,0,31,1.0,2009-04-27,32,P,exact_normalized_location,True,True,absolute_round_label,1.0,1.0,1.0,1.0,False,2009-W-PR-GER-01A-2009,Stuttgart,1.0,1.0,2009-W-INT-AUS-02A-2009,Hobart,0.032258,0.032258,31,31
2009,Sydney,Medibank International,2009-W-PR-AUS-01A-2009,Sydney,Hard,Hard,-1,31,31,1.0,1.0,pair_overlap_verified+exact_normalized_location+date_window+surface_agreement+draw_compatible+absolute_round_label,accepted,4,Premier,Outdoor,2009-01-11,2009-01-16,0,31,1.0,2009-01-12,32,P,exact_normalized_location,True,True,absolute_round_label,1.0,1.0,0.967742,0.967742,False,2009-W-PR-AUS-01A-2009,Sydney,1.0,1.0,2009-W-INT-ESP-01A-2009,Marbella,0.032258,0.032258,31,31
2009,Tashkent,Tashkent Open,2009-W-INT-UZB-01A-2009,Tashkent,Hard,Hard,0,31,31,1.0,1.0,pair_overlap_verified+exact_normalized_location+date_window+surface_agreement+draw_compatible+absolute_round_label,accepted,47,International,Outdoor,2009-09-21,2009-09-27,0,31,1.0,2009-09-21,32,I,exact_normalized_location,True,True,absolute_round_label,1.0,1.0,0.935484,0.935484,False,2009-W-INT-UZB-01A-2009,Tashkent,1.0,1.0,2009-D001,Fed Cup WG R1: RUS vs CHN,0.0,0.0,31,31
2009,Tokyo,Toray Pan Pacific Open,2009-W-PR-JPN-01A-2009,Tokyo,Hard,Hard,-1,55,55,1.0,1.0,pair_overlap_verified+exact_normalized_location+date_window+surface_agreement+draw_compatible+absolute_round_label,accepted,48,Premier,Outdoor,2009-09-27,2009-10-03,0,55,1.0,2009-09-28,56,P,exact_normalized_location,True,True,absolute_round_label,1.0,1.0,1.0,1.0,False,2009-W-PR-JPN-01A-2009,Tokyo,1.0,1.0,2009-W-PM-CHN-01A-2009,Beijing,0.018182,0.016949,55,55
2009,Toronto,Rogers Cup,2009-W-PR-CAN-01A-2009,Toronto,Hard,Hard,0,55,55,1.0,1.0,pair_overlap_verified+exact_normalized_location+date_window+surface_agreement+draw_compatible+absolute_round_label,accepted,41,Premier,Outdoor,2009-08-17,2009-08-23,0,55,1.0,2009-08-17,56,P,exact_normalized_location,True,True,absolute_round_label,1.0,1.0,1.0,1.0,False,2009-W-PR-CAN-01A-2009,Toronto,1.0,1.0,2009-W-PR-USA-03A-2009,Los Angeles,0.036364,0.036364,55,55
2009,Warsaw,Warsaw Open,2009-W-PR-POL-01A-2009,Warsaw,Clay,Clay,0,31,31,1.0,1.0,pair_overlap_verified+exact_normalized_location+date_window+surface_agreement+draw_compatible+absolute_round_label,accepted,25,Premier,Outdoor,2009-05-18,2009-05-23,0,31,1.0,2009-05-18,32,P,exact_normalized_location,True,True,absolute_round_label,1.0,1.0,0.903226,0.903226,False,2009-W-PR-POL-01A-2009,Warsaw,1.0,1.0,2009-W-INT-AUT-02A-2009,Linz,0.032258,0.032258,31,31
2010,'s-Hertogenbosch,Unicef Open,2010-W-INT-NED-01A-2010,'s Hertogenbosch,Grass,Grass,-1,31,31,1.0,1.0,pair_overlap_verified+exact_normalized_location+date_window+surface_agreement+draw_compatible+absolute_round_label,accepted,30,International,Outdoor,2010-06-13,2010-06-19,0,31,1.0,2010-06-14,32,I,exact_normalized_location,True,True,absolute_round_label,1.0,1.0,1.0,1.0,False,2010-W-INT-NED-01A-2010,'s Hertogenbosch,1.0,1.0,2010-W-PR-ITA-01A-2010,Rome,0.032258,0.018182,31,31
2010,Acapulco,Abierto Mexicano,2010-W-INT-MEX-01A-2010,Acapulco,Clay,Clay,0,31,31,1.0,1.0,pair_overlap_verified+exact_normalized_location+date_window+surface_agreement+draw_compatible+absolute_round_label,accepted,11,International,Outdoor,2010-02-22,2010-02-28,0,31,1.0,2010-02-22,32,I,exact_normalized_location,True,True,absolute_round_label,1.0,1.0,0.967742,0.967742,False,2010-W-INT-MEX-01A-2010,Acapulco,1.0,1.0,2010-D001,Fed Cup WG R1: UKR vs ITA,0.0,0.0,31,31
2010,Auckland,ASB Classic,2010-W-INT-NZL-01A-2010,Auckland,Hard,Hard,-1,31,31,1.0,1.0,pair_overlap_verified+exact_normalized_location+date_window+surface_agreement+draw_compatible+absolute_round_label,accepted,1,International,Outdoor,2010-01-03,2010-01-09,0,31,1.0,2010-01-04,32,I,exact_normalized_location,True,True,absolute_round_label,1.0,1.0,0.967742,0.967742,False,2010-W-INT-NZL-01A-2010,Auckland,1.0,1.0,2010-W-PR-GER-01A-2010,Stuttgart,0.032258,0.034483,31,31
2010,Bad Gastein,Gastein Ladies,2010-W-INT-AUT-01A-2010,Bad Gastein,Clay,Clay,0,31,31,1.0,1.0,pair_overlap_verified+exact_normalized_location+date_window+surface_agreement+draw_compatible+absolute_round_label,accepted,36,International,Outdoor,2010-07-19,2010-07-25,0,31,1.0,2010-07-19,32,I,exact_normalized_location,True,True,absolute_round_label,1.0,1.0,0.935484,0.935484,False,2010-W-INT-AUT-01A-2010,Bad Gastein,1.0,1.0,2010-W-INT-AUS-01A-2010,Brisbane,0.032258,0.032258,31,31
2010,Bali,Commonwealth Bank Tournament of Champions,,,Hard,Hard,3,8,7,0.875,1.0,below_accept_threshold,ambiguous,57,International,Indoor,2010-11-04,2010-11-07,0,8,1.0,2010-11-01,8,F,token_subset,True,True,absolute_round_label,0.875,1.0,0.875,1.0,,2010-W-CHA-INA-01A-2010,Tournament of Champions,0.875,1.0,2010-W-INT-AUS-01A-2010,Brisbane,0.125,0.032258,8,7
2010,Barcelona,Barcelona Ladies Open,2010-W-INT-ESP-02A-2010,Barcelona,Clay,Clay,0,31,31,1.0,1.0,pair_overlap_verified+exact_normalized_location+date_window+surface_agreement+draw_compatible+absolute_round_label,accepted,18,International,Outdoor,2010-04-12,2010-04-17,0,31,1.0,2010-04-12,32,I,exact_normalized_location,True,True,absolute_round_label,1.0,1.0,1.0,1.0,False,2010-W-INT-ESP-02A-2010,Barcelona,1.0,1.0,2010-W-INT-KOR-01A-2010,Seoul,0.032258,0.032258,31,31
2010,Bastad,Collector Swedish Open,2010-W-INT-SWE-01A-2010,Bastad,Clay,Clay,0,31,31,1.0,1.0,pair_overlap_verified+exact_normalized_location+date_window+surface_agreement+draw_compatible+absolute_round_label,accepted,32,International,Outdoor,2010-07-05,2010-07-10,0,31,1.0,2010-07-05,32,I,exact_normalized_location,True,True,absolute_round_label,1.0,1.0,0.935484,0.935484,False,2010-W-INT-SWE-01A-2010,Bastad,1.0,1.0,2010-W-PM-ESP-01A-2010,Madrid,0.032258,0.016949,31,31
2010,Beijing,China Open,2010-W-PM-CHN-01A-2010,Beijing,Hard,Hard,-2,59,59,1.0,1.0,pair_overlap_verified+exact_normalized_location+date_window+surface_agreement+draw_compatible+absolute_round_label,accepted,51,Premier,Outdoor,2010-10-02,2010-10-10,0,59,1.0,2010-10-04,60,PM,exact_normalized_location,True,True,absolute_round_label,1.0,1.0,0.983051,0.983051,False,2010-W-PM-CHN-01A-2010,Beijing,1.0,1.0,2010-W-INT-GBR-01A-2010,Birmingham,0.016949,0.018182,59,59
2010,Birmingham,AEGON Classic,2010-W-INT-GBR-01A-2010,Birmingham,Grass,Grass,0,55,55,1.0,1.0,pair_overlap_verified+exact_normalized_location+date_window+surface_agreement+draw_compatible+absolute_round_label,accepted,28,International,Outdoor,2010-06-07,2010-06-13,0,55,1.0,2010-06-07,56,I,exact_normalized_location,True,True,absolute_round_label,1.0,1.0,0.963636,0.963636,False,2010-W-INT-GBR-01A-2010,Birmingham,1.0,1.0,2010-W-PM-CHN-01A-2010,Beijing,0.018182,0.016949,55,55
2010,Bogota,Copa BBVA Colsanitas,2010-W-INT-COL-01A-2010,Bogota,Clay,Clay,0,31,31,1.0,1.0,pair_overlap_verified+exact_normalized_location+date_window+surface_agreement+draw_compatible+absolute_round_label,accepted,8,International,Outdoor,2010-02-15,2010-02-21,0,31,1.0,2010-02-15,32,I,exact_normalized_location,True,True,absolute_round_label,1.0,1.0,0.903226,0.903226,False,2010-W-INT-COL-01A-2010,Bogota,1.0,1.0,2010-D001,Fed Cup WG R1: UKR vs ITA,0.0,0.0,31,31
2010,Brisbane,Brisbane International,2010-W-INT-AUS-01A-2010,Brisbane,Hard,Hard,-1,31,31,1.0,1.0,pair_overlap_verified+exact_normalized_location+date_window+surface_agreement+draw_compatible+absolute_round_label,accepted,2,International,Outdoor,2010-01-03,2010-01-09,0,31,1.0,2010-01-04,32,I,exact_normalized_location,True,True,absolute_round_label,1.0,1.0,1.0,1.0,False,2010-W-INT-AUS-01A-2010,Brisbane,1.0,1.0,2010-W-CHA-INA-01A-2010,Tournament of Champions,0.032258,0.142857,31,31
2010,Budapest,Gaz de France Budapest Grand Prix,2010-W-INT-HUN-01A-2010,Budapest,Clay,Clay,0,31,31,1.0,1.0,pair_overlap_verified+exact_normalized_location+date_window+surface_agreement+draw_compatible+absolute_round_label,accepted,33,International,Outdoor,2010-07-05,2010-07-11,0,31,1.0,2010-07-05,32,I,exact_normalized_location,True,True,absolute_round_label,1.0,1.0,1.0,1.0,False,2010-W-INT-HUN-01A-2010,Budapest,1.0,1.0,2010-D001,Fed Cup WG R1: UKR vs ITA,0.0,0.0,31,31
2010,Charleston,Family Circle Cup,2010-W-PR-USA-01A-2010,Charleston,Clay,Clay,0,55,55,1.0,1.0,pair_overlap_verified+exact_normalized_location+date_window+surface_agreement+draw_compatible+absolute_round_label,accepted,19,Premier,Outdoor,2010-04-12,2010-04-18,0,55,1.0,2010-04-12,56,P,exact_normalized_location,True,True,absolute_round_label,1.0,1.0,0.981818,0.981818,False,2010-W-PR-USA-01A-2010,Charleston,1.0,1.0,2010-W-SL-USA-01A-2010,US Open,0.018182,0.007874,55,55
2010,Cincinnati,Western & Southern Financial Group Women's Open,2010-W-PR-USA-04A-2010,Cincinnati,Hard,Hard,0,55,55,1.0,1.0,pair_overlap_verified+exact_normalized_location+date_window+surface_agreement+draw_compatible+absolute_round_label,accepted,42,Premier,Outdoor,2010-08-09,2010-08-15,0,55,1.0,2010-08-09,56,P,exact_normalized_location,True,True,absolute_round_label,1.0,1.0,1.0,1.0,False,2010-W-PR-USA-04A-2010,Cincinnati,1.0,1.0,2010-W-PR-GER-01A-2010,Stuttgart,0.018182,0.034483,55,55
2010,Copenhagen,e-Boks Sony Ericsson Open,2010-W-INT-DEN-01A-2010,Copenhagen,Hard,Hard,0,31,31,1.0,1.0,pair_overlap_verified+exact_normalized_location+date_window+surface_agreement+draw_compatible+absolute_round_label,accepted,40,International,Indoor,2010-08-02,2010-08-08,0,31,1.0,2010-08-02,32,I,exact_normalized_location,True,True,absolute_round_label,1.0,1.0,0.806452,0.806452,True,2010-W-INT-DEN-01A-2010,Copenhagen,1.0,1.0,2010-D001,Fed Cup WG R1: UKR vs ITA,0.0,0.0,31,31
2010,Doha,Sony Ericsson Championships,2010-W-WT-QAT-01A-2010,WTA Championships,Hard,Hard,1,15,15,1.0,1.0,pair_overlap_verified+name_unmatched+date_window+surface_agreement+draw_compatible+absolute_round_label,accepted,56,Tour Championships,Indoor,2010-10-26,2010-10-31,0,15,1.0,2010-10-25,4,F,none,True,True,absolute_round_label,1.0,1.0,1.0,1.0,False,2010-W-WT-QAT-01A-2010,WTA Championships,1.0,1.0,2010-W-PR-CAN-01A-2010,Montreal,0.133333,0.036364,15,15
2010,Dubai,Barclays Dubai Tennis Championships,2010-W-PR-UAE-01A-2010,Dubai,Hard,Hard,-1,55,55,1.0,1.0,pair_overlap_verified+exact_normalized_location+date_window+surface_agreement+draw_compatible+absolute_round_label,accepted,9,Premier,Outdoor,2010-02-14,2010-02-20,0,55,1.0,2010-02-15,56,P,exact_normalized_location,True,True,absolute_round_label,1.0,1.0,0.981818,0.981818,False,2010-W-PR-UAE-01A-2010,Dubai,1.0,1.0,2010-W-PM-ESP-01A-2010,Madrid,0.054545,0.050847,55,55
2010,Eastbourne,AEGON International,2010-W-PR-GBR-01A-2010,Eastbourne,Grass,Grass,0,31,31,1.0,1.0,pair_overlap_verified+exact_normalized_location+date_window+surface_agreement+draw_compatible+absolute_round_label,accepted,29,Premier,Outdoor,2010-06-14,2010-06-19,0,31,1.0,2010-06-14,32,P,exact_normalized_location,True,True,absolute_round_label,1.0,1.0,1.0,1.0,False,2010-W-PR-GBR-01A-2010,Eastbourne,1.0,1.0,2010-W-PR-AUS-01A-2010,Sydney,0.032258,0.034483,31,31
2010,Estoril,Estoril Open,2010-W-INT-POR-01A-2010,Estoril,Clay,Clay,0,31,31,1.0,1.0,pair_overlap_verified+exact_normalized_location+date_window+surface_agreement+draw_compatible+absolute_round_label,accepted,22,International,Outdoor,2010-05-03,2010-05-08,0,31,1.0,2010-05-03,32,I,exact_normalized_location,True,True,absolute_round_label,1.0,1.0,0.83871,0.83871,True,2010-W-INT-POR-01A-2010,Estoril,1.0,1.0,2010-D001,Fed Cup WG R1: UKR vs ITA,0.0,0.0,31,31
2010,Fes,Grand Prix de SAR La Princesse Lalla Meryem,2010-W-INT-MAR-01A-2010,Fes,Clay,Clay,0,31,31,1.0,1.0,pair_overlap_verified+exact_normalized_location+date_window+surface_agreement+draw_compatible+absolute_round_label,accepted,20,International,Outdoor,2010-04-26,2010-05-01,0,31,1.0,2010-04-26,32,I,exact_normalized_location,True,True,absolute_round_label,1.0,1.0,0.903226,0.903226,False,2010-W-INT-MAR-01A-2010,Fes,1.0,1.0,2010-D001,Fed Cup WG R1: UKR vs ITA,0.0,0.0,31,31
2010,Guangzhou,Landsky Lighting Guangzhou International Women's Open,2010-W-INT-CHN-01A-2010,Guangzhou,Hard,Hard,0,31,31,1.0,1.0,pair_overlap_verified+exact_normalized_location+date_window+surface_agreement+draw_compatible+absolute_round_label,accepted,46,International,Outdoor,2010-09-13,2010-09-18,1,30,0.967742,2010-09-13,32,I,exact_normalized_location,True,True,absolute_round_label,1.0,1.0,0.83871,0.83871,True,2010-W-INT-CHN-01A-2010,Guangzhou,1.0,1.0,2010-W-INT-KOR-01A-2010,Seoul,0.032258,0.032258,31,31
2010,Hobart,Moorilla Hobart International,2010-W-INT-AUS-02A-2010,Hobart,Hard,Hard,-1,31,31,1.0,1.0,pair_overlap_verified+exact_normalized_location+date_window+surface_agreement+draw_compatible+absolute_round_label,accepted,3,International,Outdoor,2010-01-10,2010-01-16,0,31,1.0,2010-01-11,32,I,exact_normalized_location,True,True,absolute_round_label,1.0,1.0,1.0,1.0,False,2010-W-INT-AUS-02A-2010,Hobart,1.0,1.0,2010-D001,Fed Cup WG R1: UKR vs ITA,0.0,0.0,31,31
2010,Indian Wells,BNP Paribas Open,2010-W-PM-USA-01A-2010,Indian Wells,Hard,Hard,2,95,95,1.0,1.0,pair_overlap_verified+exact_normalized_location+date_window+surface_agreement+draw_compatible+absolute_round_label,accepted,14,Premier,Outdoor,2010-03-10,2010-03-21,0,95,1.0,2010-03-08,96,PM,exact_normalized_location,True,True,absolute_round_label,1.0,1.0,0.989474,0.989474,False,2010-W-PM-USA-01A-2010,Indian Wells,1.0,1.0,2010-W-SL-USA-01A-2010,US Open,0.031579,0.023622,95,95
2010,Istanbul,Istanbul Cup,2010-W-INT-TUR-01A-2010,Istanbul,Clay,Hard,0,31,31,1.0,1.0,pair_overlap_verified+exact_normalized_location+date_window+draw_compatible+absolute_round_label,accepted,38,International,Outdoor,2010-07-26,2010-08-01,0,31,1.0,2010-07-26,32,I,exact_normalized_location,False,True,absolute_round_label,1.0,1.0,0.806452,0.806452,True,2010-W-INT-TUR-01A-2010,Istanbul,1.0,1.0,2010-D001,Fed Cup WG R1: UKR vs ITA,0.0,0.0,31,31
2010,Kuala Lumpur,Malaysia Open,2010-W-INT-MAS-01A-2010,Kuala Lumpur,Hard,Hard,0,31,31,1.0,1.0,pair_overlap_verified+exact_normalized_location+date_window+surface_agreement+draw_compatible+absolute_round_label,accepted,12,International,Outdoor,2010-02-22,2010-02-28,0,31,1.0,2010-02-22,32,I,exact_normalized_location,True,True,absolute_round_label,1.0,1.0,0.935484,0.935484,False,2010-W-INT-MAS-01A-2010,Kuala Lumpur,1.0,1.0,2010-D001,Fed Cup WG R1: UKR vs ITA,0.0,0.0,31,31
2010,Linz,Generali Ladies Linz,2010-W-INT-AUT-02A-2010,Linz,Hard,Hard,0,31,31,1.0,1.0,pair_overlap_verified+exact_normalized_location+date_window+surface_agreement+draw_compatible+absolute_round_label,accepted,52,International,Indoor,2010-10-11,2010-10-17,0,31,1.0,2010-10-11,32,I,exact_normalized_location,True,True,absolute_round_label,1.0,1.0,0.903226,0.903226,False,2010-W-INT-AUT-02A-2010,Linz,1.0,1.0,2010-D001,Fed Cup WG R1: UKR vs ITA,0.0,0.0,31,31
2010,London,Wimbledon,2010-W-SL-GBR-01A-2010,Wimbledon,Grass,Grass,0,127,127,1.0,1.0,pair_overlap_verified+exact_normalized_tournament+date_window+surface_agreement+draw_compatible+absolute_round_label,accepted,31,Grand Slam,Outdoor,2010-06-21,2010-07-03,0,127,1.0,2010-06-21,128,G,exact_normalized_tournament,True,True,absolute_round_label,1.0,1.0,0.929134,0.929134,False,2010-W-SL-GBR-01A-2010,Wimbledon,1.0,1.0,2010-W-SL-FRA-01A-2010,Roland Garros,0.015748,0.015748,127,127
2010,Luxembourg,FORTIS Championships Luxembourg,2010-W-INT-LUX-01A-2010,Luxembourg,Hard,Hard,0,31,31,1.0,1.0,pair_overlap_verified+exact_normalized_location+date_window+surface_agreement+draw_compatible+absolute_round_label,accepted,54,International,Indoor,2010-10-18,2010-10-24,0,31,1.0,2010-10-18,32,I,exact_normalized_location,True,True,absolute_round_label,1.0,1.0,0.935484,0.935484,False,2010-W-INT-LUX-01A-2010,Luxembourg,1.0,1.0,2010-D001,Fed Cup WG R1: UKR vs ITA,0.0,0.0,31,31
2010,Madrid,Mutua Madrileña Madrid Open,2010-W-PM-ESP-01A-2010,Madrid,Clay,Clay,-2,59,59,1.0,1.0,pair_overlap_verified+exact_normalized_location+date_window+surface_agreement+draw_compatible+absolute_round_label,accepted,24,Premier,Outdoor,2010-05-08,2010-05-16,0,59,1.0,2010-05-10,60,PM,exact_normalized_location,True,True,absolute_round_label,1.0,1.0,0.966102,0.966102,False,2010-W-PM-ESP-01A-2010,Madrid,1.0,1.0,2010-W-PR-UAE-01A-2010,Dubai,0.050847,0.054545,59,59
2010,Marbella,Andalucia Tennis Experience,2010-W-INT-ESP-01A-2010,Marbella,Clay,Clay,0,31,31,1.0,1.0,pair_overlap_verified+exact_normalized_location+date_window+surface_agreement+draw_compatible+absolute_round_label,accepted,16,International,Outdoor,2010-04-05,2010-04-11,0,31,1.0,2010-04-05,32,I,exact_normalized_location,True,True,absolute_round_label,1.0,1.0,0.903226,0.903226,False,2010-W-INT-ESP-01A-2010,Marbella,1.0,1.0,2010-D001,Fed Cup WG R1: UKR vs ITA,0.0,0.0,31,31
2010,Melbourne,Australian Open,2010-W-SL-AUS-01A-2010,Australian Open,Hard,Hard,0,127,127,1.0,1.0,pair_overlap_verified+exact_normalized_tournament+date_window+surface_agreement+draw_compatible+absolute_round_label,accepted,5,Grand Slam,Outdoor,2010-01-18,2010-01-30,0,127,1.0,2010-01-18,128,G,exact_normalized_tournament,True,True,absolute_round_label,1.0,1.0,0.976378,0.976378,False,2010-W-SL-AUS-01A-2010,Australian Open,1.0,1.0,2010-W-SL-USA-01A-2010,US Open,0.015748,0.015748,127,127
2010,Memphis,Regions Morgan Keegan Championships & the Cellular South Cup,2010-W-INT-USA-01A-2010,Memphis,Hard,Hard,-1,31,31,1.0,1.0,pair_overlap_verified+exact_normalized_location+date_window+surface_agreement+draw_compatible+absolute_round_label,accepted,10,International,Indoor,2010-02-14,2010-02-21,0,31,1.0,2010-02-15,32,I,exact_normalized_location,True,True,absolute_round_label,1.0,1.0,1.0,1.0,False,2010-W-INT-USA-01A-2010,Memphis,1.0,1.0,2010-W-SL-GBR-01A-2010,Wimbledon,0.032258,0.007874,31,31
2010,Miami,Sony Ericsson Open,2010-W-PM-USA-02A-2010,Miami,Hard,Hard,1,95,95,1.0,1.0,pair_overlap_verified+exact_normalized_location+date_window+surface_agreement+draw_compatible+absolute_round_label,accepted,15,Premier,Outdoor,2010-03-23,2010-04-03,0,95,1.0,2010-03-22,96,PM,exact_normalized_location,True,True,absolute_round_label,1.0,1.0,0.989474,0.989474,False,2010-W-PM-USA-02A-2010,Miami,1.0,1.0,2010-W-PR-JPN-01A-2010,Tokyo,0.031579,0.054545,95,95
2010,Monterrey,Monterrey Open,2010-W-INT-MEX-02A-2010,Monterrey,Hard,Hard,0,31,31,1.0,1.0,pair_overlap_verified+exact_normalized_location+date_window+surface_agreement+draw_compatible+absolute_round_label,accepted,13,International,Outdoor,2010-03-01,2010-03-07,0,31,1.0,2010-03-01,32,I,exact_normalized_location,True,True,absolute_round_label,1.0,1.0,0.903226,0.903226,False,2010-W-INT-MEX-02A-2010,Monterrey,1.0,1.0,2010-D001,Fed Cup WG R1: UKR vs ITA,0.0,0.0,31,31
2010,Montreal,Rogers Cup,2010-W-PR-CAN-01A-2010,Montreal,Hard,Hard,0,55,55,1.0,1.0,pair_overlap_verified+exact_normalized_location+date_window+surface_agreement+draw_compatible+absolute_round_label,accepted,43,Premier,Outdoor,2010-08-16,2010-08-23,0,55,1.0,2010-08-16,56,P,exact_normalized_location,True,True,absolute_round_label,1.0,1.0,0.927273,0.927273,False,2010-W-PR-CAN-01A-2010,Montreal,1.0,1.0,2010-W-WT-QAT-01A-2010,WTA Championships,0.036364,0.133333,55,55
2010,Moscow,Kremlin Cup,2010-W-PR-RUS-01A-2010,Moscow,Hard,Hard,0,29,29,0.965517,0.965517,pair_overlap_verified+exact_normalized_location+date_window+surface_agreement+draw_compatible+absolute_round_label,accepted,55,International,Indoor,2010-10-18,2010-10-24,0,29,1.0,2010-10-18,30,P,exact_normalized_location,True,True,absolute_round_label,0.965517,0.965517,0.931034,0.931034,False,2010-W-PR-RUS-01A-2010,Moscow,0.965517,0.965517,2010-W-PR-AUS-01A-2010,Sydney,0.034483,0.034483,29,29
2010,New Haven,Pilot Pen Tennis,2010-W-PR-USA-05A-2010,New Haven,Hard,Hard,0,29,29,1.0,1.0,pair_overlap_verified+exact_normalized_location+date_window+surface_agreement+draw_compatible+absolute_round_label,accepted,44,Premier,Outdoor,2010-08-23,2010-08-28,0,29,1.0,2010-08-23,30,P,exact_normalized_location,True,True,absolute_round_label,1.0,1.0,1.0,1.0,False,2010-W-PR-USA-05A-2010,New Haven,1.0,1.0,2010-W-PR-RUS-01A-2010,Moscow,0.034483,0.034483,29,29
2010,New York,US Open,2010-W-SL-USA-01A-2010,US Open,Hard,Hard,0,127,127,1.0,1.0,pair_overlap_verified+exact_normalized_tournament+date_window+surface_agreement+draw_compatible+absolute_round_label,accepted,45,Grand Slam,Outdoor,2010-08-30,2010-09-12,0,127,1.0,2010-08-30,128,G,exact_normalized_tournament,True,True,absolute_round_label,1.0,1.0,0.984252,0.984252,False,2010-W-SL-USA-01A-2010,US Open,1.0,1.0,2010-W-PM-USA-01A-2010,Indian Wells,0.023622,0.031579,127,127
2010,Osaka,HP Open,2010-W-INT-JPN-01A-2010,Osaka,Hard,Hard,0,31,31,1.0,1.0,pair_overlap_verified+exact_normalized_location+date_window+surface_agreement+draw_compatible+absolute_round_label,accepted,53,International,Outdoor,2010-10-11,2010-10-17,0,31,1.0,2010-10-11,32,I,exact_normalized_location,True,True,absolute_round_label,1.0,1.0,1.0,1.0,False,2010-W-INT-JPN-01A-2010,Osaka,1.0,1.0,2010-W-PR-USA-03A-2010,San Diego,0.032258,0.034483,31,31
2010,Palermo,Internazionali Femminili di Tennis di Palermo,2010-W-INT-ITA-01A-2010,Palermo,Clay,Clay,0,31,31,1.0,1.0,pair_overlap_verified+exact_normalized_location+date_window+surface_agreement+draw_compatible+absolute_round_label,accepted,34,International,Outdoor,2010-07-12,2010-07-18,0,31,1.0,2010-07-12,32,I,exact_normalized_location,True,True,absolute_round_label,1.0,1.0,1.0,1.0,False,2010-W-INT-ITA-01A-2010,Palermo,1.0,1.0,2010-D001,Fed Cup WG R1: UKR vs ITA,0.0,0.0,31,31
2010,Paris,French Open,2010-W-SL-FRA-01A-2010,Roland Garros,Clay,Clay,-1,127,127,1.0,1.0,pair_overlap_verified+name_unmatched+date_window+surface_agreement+draw_compatible+absolute_round_label,accepted,27,Grand Slam,Outdoor,2010-05-23,2010-06-05,0,127,1.0,2010-05-24,128,G,none,True,True,absolute_round_label,1.0,1.0,0.944882,0.944882,False,2010-W-SL-FRA-01A-2010,Roland Garros,1.0,1.0,2010-W-SL-USA-01A-2010,US Open,0.023622,0.023622,127,127
2010,Paris,Open Gaz de France,2010-W-PR-FRA-01A-2010,Paris,Hard,Carpet,0,29,29,1.0,1.0,pair_overlap_verified+exact_normalized_location+date_window+draw_compatible+absolute_round_label,accepted,6,Premier,Indoor,2010-02-08,2010-02-14,0,29,1.0,2010-02-08,30,P,exact_normalized_location,False,True,absolute_round_label,1.0,1.0,0.965517,0.965517,False,2010-W-PR-FRA-01A-2010,Paris,1.0,1.0,2010-W-PR-GBR-01A-2010,Eastbourne,0.034483,0.032258,29,29
2010,Pattaya,Pattaya Women's Open,2010-W-INT-THA-01A-2010,Pattaya,Hard,Hard,0,31,31,1.0,1.0,pair_overlap_verified+exact_normalized_location+date_window+surface_agreement+draw_compatible+absolute_round_label,accepted,7,International,Outdoor,2010-02-08,2010-02-14,0,31,1.0,2010-02-08,32,I,exact_normalized_location,True,True,absolute_round_label,1.0,1.0,0.903226,0.903226,False,2010-W-INT-THA-01A-2010,Pattaya,1.0,1.0,2010-D001,Fed Cup WG R1: UKR vs ITA,0.0,0.0,31,31
2010,Ponte Vedra Beach,MPS Group Championships,2010-W-INT-USA-02A-2010,Ponte Vedra Beach,Clay,Clay,0,31,31,1.0,1.0,pair_overlap_verified+exact_normalized_location+date_window+surface_agreement+draw_compatible+absolute_round_label,accepted,17,International,Outdoor,2010-04-05,2010-04-11,0,31,1.0,2010-04-05,32,I,exact_normalized_location,True,True,absolute_round_label,1.0,1.0,1.0,1.0,False,2010-W-INT-USA-02A-2010,Ponte Vedra Beach,1.0,1.0,2010-W-INT-CZE-01A-2010,Prague,0.032258,0.032258,31,31
2010,Portoroz,Banka Koper Slovenia Open,2010-W-INT-SLO-01A-2010,Portoroz,Hard,Hard,0,31,31,1.0,1.0,pair_overlap_verified+exact_normalized_location+date_window+surface_agreement+draw_compatible+absolute_round_label,accepted,37,International,Outdoor,2010-07-19,2010-07-25,0,31,1.0,2010-07-19,32,I,exact_normalized_location,True,True,absolute_round_label,1.0,1.0,1.0,1.0,False,2010-W-INT-SLO-01A-2010,Portoroz,1.0,1.0,2010-W-INT-CHN-01A-2010,Guangzhou,0.032258,0.032258,31,31
2010,Prague,ECM Prague Open,2010-W-INT-CZE-01A-2010,Prague,Clay,Clay,0,31,31,1.0,1.0,pair_overlap_verified+exact_normalized_location+date_window+surface_agreement+draw_compatible+absolute_round_label,accepted,35,International,Outdoor,2010-07-12,2010-07-18,0,31,1.0,2010-07-12,32,I,exact_normalized_location,True,True,absolute_round_label,1.0,1.0,0.967742,0.967742,False,2010-W-INT-CZE-01A-2010,Prague,1.0,1.0,2010-W-INT-USA-02A-2010,Ponte Vedra Beach,0.032258,0.032258,31,31
2010,Quebec,Bell Challenge,2010-W-INT-CAN-01A-2010,Quebec City,Hard,Hard,0,31,31,1.0,1.0,pair_overlap_verified+token_overlap+date_window+surface_agreement+draw_compatible+absolute_round_label,accepted,47,International,Indoor,2010-09-13,2010-09-19,0,31,1.0,2010-09-13,32,I,token_overlap,True,True,absolute_round_label,1.0,1.0,1.0,1.0,False,2010-W-INT-CAN-01A-2010,Quebec City,1.0,1.0,2010-D001,Fed Cup WG R1: UKR vs ITA,0.0,0.0,31,31
2010,Rome,Internazionali BNL d'Italia,2010-W-PR-ITA-01A-2010,Rome,Clay,Clay,-1,55,55,1.0,1.0,pair_overlap_verified+exact_normalized_location+date_window+surface_agreement+draw_compatible+absolute_round_label,accepted,23,Premier,Outdoor,2010-05-02,2010-05-08,0,55,1.0,2010-05-03,56,P,exact_normalized_location,True,True,absolute_round_label,1.0,1.0,1.0,1.0,False,2010-W-PR-ITA-01A-2010,Rome,1.0,1.0,2010-W-INT-NED-01A-2010,'s Hertogenbosch,0.018182,0.032258,55,55
2010,San Diego,Mercury Insurance Open,2010-W-PR-USA-03A-2010,San Diego,Hard,Hard,0,29,29,1.0,1.0,pair_overlap_verified+exact_normalized_location+date_window+surface_agreement+draw_compatible+absolute_round_label,accepted,41,Premier,Outdoor,2010-08-02,2010-08-08,0,29,1.0,2010-08-02,30,P,exact_normalized_location,True,True,absolute_round_label,1.0,1.0,1.0,1.0,False,2010-W-PR-USA-03A-2010,San Diego,1.0,1.0,2010-W-PR-USA-02A-2010,Stanford,0.034483,0.034483,29,29
2010,Seoul,Hansol Korea Open,2010-W-INT-KOR-01A-2010,Seoul,Hard,Hard,0,31,31,1.0,1.0,pair_overlap_verified+exact_normalized_location+date_window+surface_agreement+draw_compatible+absolute_round_label,accepted,48,International,Outdoor,2010-09-20,2010-09-26,0,31,1.0,2010-09-20,32,I,exact_normalized_location,True,True,absolute_round_label,1.0,1.0,0.806452,0.806452,True,2010-W-INT-KOR-01A-2010,Seoul,1.0,1.0,2010-W-INT-CHN-01A-2010,Guangzhou,0.032258,0.032258,31,31
2010,Stanford,Bank of the West Classic,2010-W-PR-USA-02A-2010,Stanford,Hard,Hard,0,29,29,1.0,1.0,pair_overlap_verified+exact_normalized_location+date_window+surface_agreement+draw_compatible+absolute_round_label,accepted,39,Premier,Outdoor,2010-07-26,2010-08-01,0,29,1.0,2010-07-26,30,P,exact_normalized_location,True,True,absolute_round_label,1.0,1.0,1.0,1.0,False,2010-W-PR-USA-02A-2010,Stanford,1.0,1.0,2010-W-PR-USA-03A-2010,San Diego,0.034483,0.034483,29,29
2010,Strasbourg,Internationaux de Strasbourg,2010-W-INT-FRA-01A-2010,Strasbourg,Clay,Clay,0,31,31,1.0,1.0,pair_overlap_verified+exact_normalized_location+date_window+surface_agreement+draw_compatible+absolute_round_label,accepted,25,International,Outdoor,2010-05-17,2010-05-22,0,31,1.0,2010-05-17,32,I,exact_normalized_location,True,True,absolute_round_label,1.0,1.0,0.967742,0.967742,False,2010-W-INT-FRA-01A-2010,Strasbourg,1.0,1.0,2010-D001,Fed Cup WG R1: UKR vs ITA,0.0,0.0,31,31
2010,Stuttgart,Porsche Tennis Grand Prix,2010-W-PR-GER-01A-2010,Stuttgart,Clay,Clay,1,29,29,1.0,1.0,pair_overlap_verified+exact_normalized_location+date_window+surface_agreement+draw_compatible+absolute_round_label,accepted,21,Premier,Outdoor,2010-04-27,2010-05-02,0,29,1.0,2010-04-26,30,P,exact_normalized_location,True,True,absolute_round_label,1.0,1.0,1.0,1.0,False,2010-W-PR-GER-01A-2010,Stuttgart,1.0,1.0,2010-W-INT-NZL-01A-2010,Auckland,0.034483,0.032258,29,29
2010,Sydney,Medibank International,2010-W-PR-AUS-01A-2010,Sydney,Hard,Hard,-1,29,29,1.0,1.0,pair_overlap_verified+exact_normalized_location+date_window+surface_agreement+draw_compatible+absolute_round_label,accepted,4,Premier,Outdoor,2010-01-10,2010-01-15,0,29,1.0,2010-01-11,30,P,exact_normalized_location,True,True,absolute_round_label,1.0,1.0,1.0,1.0,False,2010-W-PR-AUS-01A-2010,Sydney,1.0,1.0,2010-W-PR-RUS-01A-2010,Moscow,0.034483,0.034483,29,29
2010,Tashkent,Tashkent Open,2010-W-INT-UZB-01A-2010,Tashkent,Hard,Hard,0,31,31,1.0,1.0,pair_overlap_verified+exact_normalized_location+date_window+surface_agreement+draw_compatible+absolute_round_label,accepted,49,International,Outdoor,2010-09-20,2010-09-25,0,31,1.0,2010-09-20,32,I,exact_normalized_location,True,True,absolute_round_label,1.0,1.0,1.0,1.0,False,2010-W-INT-UZB-01A-2010,Tashkent,1.0,1.0,2010-D001,Fed Cup WG R1: UKR vs ITA,0.0,0.0,31,31
2010,Tokyo,Toray Pan Pacific Open,2010-W-PR-JPN-01A-2010,Tokyo,Hard,Hard,-1,55,55,1.0,1.0,pair_overlap_verified+exact_normalized_location+date_window+surface_agreement+draw_compatible+absolute_round_label,accepted,50,Premier,Outdoor,2010-09-26,2010-10-02,0,55,1.0,2010-09-27,56,P,exact_normalized_location,True,True,absolute_round_label,1.0,1.0,0.981818,0.981818,False,2010-W-PR-JPN-01A-2010,Tokyo,1.0,1.0,2010-W-PM-USA-02A-2010,Miami,0.054545,0.031579,55,55
2010,Warsaw,Warsaw Open,2010-W-PR-POL-01A-2010,Warsaw,Clay,Clay,0,29,29,1.0,1.0,pair_overlap_verified+exact_normalized_location+date_window+surface_agreement+draw_compatible+absolute_round_label,accepted,26,Premier,Outdoor,2010-05-17,2010-05-22,0,29,1.0,2010-05-17,30,P,exact_normalized_location,True,True,absolute_round_label,1.0,1.0,0.931034,0.931034,False,2010-W-PR-POL-01A-2010,Warsaw,1.0,1.0,2010-D001,Fed Cup WG R1: UKR vs ITA,0.0,0.0,29,29
2011,'s-Hertogenbosch,Unicef Open,2011-W-INT-NED-01A-2011,'s Hertogenbosch,Grass,Grass,-1,31,31,1.0,1.0,pair_overlap_verified+exact_normalized_location+date_window+surface_agreement+draw_compatible+absolute_round_label,accepted,31,International,Outdoor,2011-06-12,2011-06-18,0,31,1.0,2011-06-13,32,I,exact_normalized_location,True,True,absolute_round_label,1.0,1.0,0.967742,0.967742,False,2011-W-INT-NED-01A-2011,'s Hertogenbosch,1.0,1.0,2011-D001,Fed Cup WG R1: AUS vs ITA,0.0,0.0,31,31
2011,Acapulco,Abierto Mexicano,2011-W-INT-MEX-01A-2011,Acapulco,Clay,Clay,0,31,31,1.0,1.0,pair_overlap_verified+exact_normalized_location+date_window+surface_agreement+draw_compatible+absolute_round_label,accepted,11,International,Outdoor,2011-02-21,2011-02-27,0,31,1.0,2011-02-21,32,I,exact_normalized_location,True,True,absolute_round_label,1.0,1.0,1.0,1.0,False,2011-W-INT-MEX-01A-2011,Acapulco,1.0,1.0,2011-W-INT-AUT-01A-2011,Bad Gastein,0.032258,0.032258,31,31
2011,Auckland,ASB Classic,2011-W-INT-NZL-01A-2011,Auckland,Hard,Hard,-1,31,31,1.0,1.0,pair_overlap_verified+exact_normalized_location+date_window+surface_agreement+draw_compatible+absolute_round_label,accepted,1,International,Outdoor,2011-01-02,2011-01-08,0,31,1.0,2011-01-03,32,I,exact_normalized_location,True,True,absolute_round_label,1.0,1.0,1.0,1.0,False,2011-W-INT-NZL-01A-2011,Auckland,1.0,1.0,2011-D001,Fed Cup WG R1: AUS vs ITA,0.0,0.0,31,31
2011,Bad Gastein,Gastein Ladies,2011-W-INT-AUT-01A-2011,Bad Gastein,Clay,Clay,0,31,31,1.0,1.0,pair_overlap_verified+exact_normalized_location+date_window+surface_agreement+draw_compatible+absolute_round_label,accepted,35,International,Outdoor,2011-07-11,2011-07-17,0,31,1.0,2011-07-11,32,I,exact_normalized_location,True,True,absolute_round_label,1.0,1.0,1.0,1.0,False,2011-W-INT-AUT-01A-2011,Bad Gastein,1.0,1.0,2011-W-INT-MEX-01A-2011,Acapulco,0.032258,0.032258,31,31
2011,Baku,Baku Cup,2011-W-INT-AZE-01A-2011,Baku,Hard,Hard,0,31,31,1.0,1.0,pair_overlap_verified+exact_normalized_location+date_window+surface_agreement+draw_compatible+absolute_round_label,accepted,37,International,Outdoor,2011-07-18,2011-07-24,0,31,1.0,2011-07-18,32,I,exact_normalized_location,True,True,absolute_round_label,1.0,1.0,0.935484,0.935484,False,2011-W-INT-AZE-01A-2011,Baku,1.0,1.0,2011-D001,Fed Cup WG R1: AUS vs ITA,0.0,0.0,31,31
2011,Bali,Commonwealth Bank Tournament of Champions,,,Hard,Hard,3,8,7,0.875,1.0,below_accept_threshold,ambiguous,57,International,Indoor,2011-11-03,2011-11-06,0,8,1.0,2011-10-31,8,F,token_subset,True,True,absolute_round_label,0.875,1.0,0.875,1.0,,2011-W-CHA-INA-01A-2011,Tournament of Champions,0.875,1.0,2011-D001,Fed Cup WG R1: AUS vs ITA,0.0,0.0,8,7
2011,Barcelona,Barcelona Ladies Open,2011-W-INT-ESP-02A-2011,Barcelona,Clay,Clay,0,31,31,1.0,1.0,pair_overlap_verified+exact_normalized_location+date_window+surface_agreement+draw_compatible+absolute_round_label,accepted,21,International,Outdoor,2011-04-25,2011-04-30,0,31,1.0,2011-04-25,32,I,exact_normalized_location,True,True,absolute_round_label,1.0,1.0,1.0,1.0,False,2011-W-INT-ESP-02A-2011,Barcelona,1.0,1.0,2011-W-INT-USA-02A-2011,Washington,0.032258,0.032258,31,31
2011,Bastad,Collector Swedish Open,2011-W-INT-SWE-01A-2011,Bastad,Clay,Clay,0,31,31,1.0,1.0,pair_overlap_verified+exact_normalized_location+date_window+surface_agreement+draw_compatible+absolute_round_label,accepted,33,International,Outdoor,2011-07-04,2011-07-09,0,31,1.0,2011-07-04,32,I,exact_normalized_location,True,True,absolute_round_label,1.0,1.0,0.903226,0.903226,False,2011-W-INT-SWE-01A-2011,Bastad,1.0,1.0,2011-D001,Fed Cup WG R1: AUS vs ITA,0.0,0.0,31,31
2011,Beijing,China Open,2011-W-PM-CHN-01A-2011,Beijing,Hard,Hard,-2,59,59,1.0,1.0,pair_overlap_verified+exact_normalized_location+date_window+surface_agreement+draw_compatible+absolute_round_label,accepted,51,Premier,Outdoor,2011-10-01,2011-10-09,0,59,1.0,2011-10-03,60,PM,exact_normalized_location,True,True,absolute_round_label,1.0,1.0,0.966102,0.966102,False,2011-W-PM-CHN-01A-2011,Beijing,1.0,1.0,2011-W-PR-JPN-01A-2011,Tokyo,0.033898,0.036364,59,59
2011,Birmingham,AEGON Classic,2011-W-INT-GBR-01A-2011,Birmingham,Grass,Grass,0,55,55,1.0,1.0,pair_overlap_verified+exact_normalized_location+date_window+surface_agreement+draw_compatible+absolute_round_label,accepted,28,International,Outdoor,2011-06-06,2011-06-12,0,55,1.0,2011-06-06,56,I,exact_normalized_location,True,True,absolute_round_label,1.0,1.0,1.0,1.0,False,2011-W-INT-GBR-01A-2011,Birmingham,1.0,1.0,2011-W-INT-LUX-01A-2011,Luxembourg,0.018182,0.032258,55,55
2011,Bogota,Copa BBVA Colsanitas,2011-W-INT-COL-01A-2011,Bogota,Clay,Clay,0,31,31,1.0,1.0,pair_overlap_verified+exact_normalized_location+date_window+surface_agreement+draw_compatible+absolute_round_label,accepted,8,International,Outdoor,2011-02-14,2011-02-20,0,31,1.0,2011-02-14,32,I,exact_normalized_location,True,True,absolute_round_label,1.0,1.0,1.0,1.0,False,2011-W-INT-COL-01A-2011,Bogota,1.0,1.0,2011-D001,Fed Cup WG R1: AUS vs ITA,0.0,0.0,31,31
2011,Brisbane,Brisbane International,2011-W-INT-AUS-01A-2011,Brisbane,Hard,Hard,-1,31,31,1.0,1.0,pair_overlap_verified+exact_normalized_location+date_window+surface_agreement+draw_compatible+absolute_round_label,accepted,2,International,Outdoor,2011-01-02,2011-01-08,0,31,1.0,2011-01-03,32,I,exact_normalized_location,True,True,absolute_round_label,1.0,1.0,0.903226,0.903226,False,2011-W-INT-AUS-01A-2011,Brisbane,1.0,1.0,2011-W-PM-ESP-01A-2011,Madrid,0.032258,0.015873,31,31
2011,Brussels,Brussels Open,2011-W-PR-BEL-01A-2011,Brussels,Clay,Clay,0,29,29,1.0,1.0,pair_overlap_verified+exact_normalized_location+date_window+surface_agreement+draw_compatible+absolute_round_label,accepted,25,Premier,Outdoor,2011-05-16,2011-05-21,0,29,1.0,2011-05-16,30,P,exact_normalized_location,True,True,absolute_round_label,1.0,1.0,0.931034,0.931034,False,2011-W-PR-BEL-01A-2011,Brussels,1.0,1.0,2011-W-PR-USA-05A-2011,New Haven,0.034483,0.034483,29,29
2011,Budapest,POLI-FARBE Budapest Grand Prix,2011-W-INT-HUN-01A-2011,Budapest,Clay,Clay,0,31,31,1.0,1.0,pair_overlap_verified+exact_normalized_location+date_window+surface_agreement+draw_compatible+absolute_round_label,accepted,34,International,Outdoor,2011-07-04,2011-07-10,0,31,1.0,2011-07-04,32,I,exact_normalized_location,True,True,absolute_round_label,1.0,1.0,0.870968,0.870968,True,2011-W-INT-HUN-01A-2011,Budapest,1.0,1.0,2011-D001,Fed Cup WG R1: AUS vs ITA,0.0,0.0,31,31
2011,Carlsbad,Mercury Insurance Open,2011-W-PR-USA-03A-2011,San Diego,Hard,Hard,0,55,55,1.0,1.0,pair_overlap_verified+name_unmatched+date_window+surface_agreement+draw_compatible+absolute_round_label,accepted,40,Premier,Outdoor,2011-08-01,2011-08-07,0,55,1.0,2011-08-01,56,P,none,True,True,absolute_round_label,1.0,1.0,1.0,1.0,False,2011-W-PR-USA-03A-2011,San Diego,1.0,1.0,2011-W-PR-JPN-01A-2011,Tokyo,0.018182,0.018182,55,55
2011,Charleston,Family Circle Cup,2011-W-PR-USA-01A-2011,Charleston,Clay,Clay,0,55,55,1.0,1.0,pair_overlap_verified+exact_normalized_location+date_window+surface_agreement+draw_compatible+absolute_round_label,accepted,17,Premier,Outdoor,2011-04-04,2011-04-10,0,55,1.0,2011-04-04,56,P,exact_normalized_location,True,True,absolute_round_label,1.0,1.0,1.0,1.0,False,2011-W-PR-USA-01A-2011,Charleston,1.0,1.0,2011-W-INT-DEN-01A-2011,Copenhagen,0.018182,0.032258,55,55
2011,Cincinnati,Western & Southern Financial Group Women's Open,2011-W-PR-USA-04A-2011,Cincinnati,Hard,Hard,0,55,55,1.0,1.0,pair_overlap_verified+exact_normalized_location+date_window+surface_agreement+draw_compatible+absolute_round_label,accepted,42,Premier,Outdoor,2011-08-15,2011-08-21,0,55,1.0,2011-08-15,56,P,exact_normalized_location,True,True,absolute_round_label,1.0,1.0,0.981818,0.981818,False,2011-W-PR-USA-04A-2011,Cincinnati,1.0,1.0,2011-W-PR-CAN-01A-2011,Toronto,0.036364,0.036364,55,55
2011,College Park,Citi Open,2011-W-INT-USA-02A-2011,Washington,Hard,Hard,0,31,31,1.0,1.0,pair_overlap_verified+name_unmatched+date_window+surface_agreement+draw_compatible+absolute_round_label,accepted,39,International,Outdoor,2011-07-25,2011-07-31,0,31,1.0,2011-07-25,32,I,none,True,True,absolute_round_label,1.0,1.0,1.0,1.0,False,2011-W-INT-USA-02A-2011,Washington,1.0,1.0,2011-W-INT-ESP-02A-2011,Barcelona,0.032258,0.032258,31,31
2011,Copenhagen,e-Boks Sony Ericsson Open,2011-W-INT-DEN-01A-2011,Copenhagen,Hard,Hard,0,31,31,1.0,1.0,pair_overlap_verified+exact_normalized_location+date_window+surface_agreement+draw_compatible+absolute_round_label,accepted,29,International,Indoor,2011-06-06,2011-06-12,0,31,1.0,2011-06-06,32,I,exact_normalized_location,True,True,absolute_round_label,1.0,1.0,0.935484,0.935484,False,2011-W-INT-DEN-01A-2011,Copenhagen,1.0,1.0,2011-W-PR-USA-01A-2011,Charleston,0.032258,0.018182,31,31
2011,Dallas,Texas Tennis Open,2011-W-INT-USA-03A-2011,Dallas,Hard,Hard,-1,31,31,1.0,1.0,pair_overlap_verified+exact_normalized_location+date_window+surface_agreement+draw_compatible+absolute_round_label,accepted,43,International,Outdoor,2011-08-21,2011-08-27,0,31,1.0,2011-08-22,32,I,exact_normalized_location,True,True,absolute_round_label,1.0,1.0,1.0,1.0,False,2011-W-INT-USA-03A-2011,Dallas,1.0,1.0,2011-D001,Fed Cup WG R1: AUS vs ITA,0.0,0.0,31,31
2011,Doha,Qatar Ladies Open,2011-W-PR-QAT-01A-2011,Doha,Hard,Hard,0,27,27,1.0,1.0,pair_overlap_verified+exact_normalized_location+date_window+surface_agreement+draw_compatible+absolute_round_label,accepted,12,International,Outdoor,2011-02-21,2011-02-26,0,27,1.0,2011-02-21,28,P,exact_normalized_location,True,True,absolute_round_label,1.0,1.0,0.851852,0.851852,True,2011-W-PR-QAT-01A-2011,Doha,1.0,1.0,2011-W-PR-USA-04A-2011,Cincinnati,0.037037,0.018182,27,27
2011,Dubai,Dubai Duty Free Tennis Championships,2011-W-PR-UAE-01A-2011,Dubai,Hard,Hard,0,55,55,1.0,1.0,pair_overlap_verified+exact_normalized_location+date_window+surface_agreement+draw_compatible+absolute_round_label,accepted,9,Premier,Outdoor,2011-02-14,2011-02-20,0,55,1.0,2011-02-14,56,P,exact_normalized_location,True,True,absolute_round_label,1.0,1.0,0.927273,0.927273,False,2011-W-PR-UAE-01A-2011,Dubai,1.0,1.0,2011-W-INT-POR-01A-2011,Estoril,0.018182,0.032258,55,55
2011,Eastbourne,AEGON International,2011-W-PR-GBR-01A-2011,Eastbourne,Grass,Grass,0,31,31,1.0,1.0,pair_overlap_verified+exact_normalized_location+date_window+surface_agreement+draw_compatible+absolute_round_label,accepted,30,Premier,Outdoor,2011-06-13,2011-06-18,0,31,1.0,2011-06-13,32,P,exact_normalized_location,True,True,absolute_round_label,1.0,1.0,1.0,1.0,False,2011-W-PR-GBR-01A-2011,Eastbourne,1.0,1.0,2011-W-PR-GER-01A-2011,Stuttgart,0.064516,0.074074,31,31
2011,Estoril,Estoril Open,2011-W-INT-POR-01A-2011,Estoril,Clay,Clay,0,31,31,1.0,1.0,pair_overlap_verified+exact_normalized_location+date_window+surface_agreement+draw_compatible+absolute_round_label,accepted,22,International,Outdoor,2011-04-25,2011-04-30,0,31,1.0,2011-04-25,32,I,exact_normalized_location,True,True,absolute_round_label,1.0,1.0,0.903226,0.903226,False,2011-W-INT-POR-01A-2011,Estoril,1.0,1.0,2011-W-PR-UAE-01A-2011,Dubai,0.032258,0.018182,31,31
2011,Fes,Grand Prix de SAR La Princesse Lalla Meryem,2011-W-INT-MAR-01A-2011,Fes,Clay,Clay,0,31,31,1.0,1.0,pair_overlap_verified+exact_normalized_location+date_window+surface_agreement+draw_compatible+absolute_round_label,accepted,19,International,Outdoor,2011-04-18,2011-04-24,0,31,1.0,2011-04-18,32,I,exact_normalized_location,True,True,absolute_round_label,1.0,1.0,1.0,1.0,False,2011-W-INT-MAR-01A-2011,Fes,1.0,1.0,2011-D001,Fed Cup WG R1: AUS vs ITA,0.0,0.0,31,31
2011,Guangzhou,WANLIMA Guangzhou International Women's Open,2011-W-INT-CHN-01A-2011,Guangzhou,Hard,Hard,0,31,31,1.0,1.0,pair_overlap_verified+exact_normalized_location+date_window+surface_agreement+draw_compatible+absolute_round_label,accepted,48,International,Outdoor,2011-09-19,2011-09-24,0,31,1.0,2011-09-19,32,I,exact_normalized_location,True,True,absolute_round_label,1.0,1.0,1.0,1.0,False,2011-W-INT-CHN-01A-2011,Guangzhou,1.0,1.0,2011-D001,Fed Cup WG R1: AUS vs ITA,0.0,0.0,31,31
2011,Hobart,Moorilla Hobart International,2011-W-INT-AUS-02A-2011,Hobart,Hard,Hard,-1,31,31,1.0,1.0,pair_overlap_verified+exact_normalized_location+date_window+surface_agreement+draw_compatible+absolute_round_label,accepted,3,International,Outdoor,2011-01-09,2011-01-15,0,31,1.0,2011-01-10,32,I,exact_normalized_location,True,True,absolute_round_label,1.0,1.0,0.741935,0.741935,True,2011-W-INT-AUS-02A-2011,Hobart,1.0,1.0,2011-D001,Fed Cup WG R1: AUS vs ITA,0.0,0.0,31,31
2011,Indian Wells,BNP Paribas Open,2011-W-PM-USA-01A-2011,Indian Wells,Hard,Hard,2,95,95,1.0,1.0,pair_overlap_verified+exact_normalized_location+date_window+surface_agreement+draw_compatible+absolute_round_label,accepted,15,Premier,Outdoor,2011-03-09,2011-03-20,0,95,1.0,2011-03-07,96,PM,exact_normalized_location,True,True,absolute_round_label,1.0,1.0,0.978947,0.978947,False,2011-W-PM-USA-01A-2011,Indian Wells,1.0,1.0,2011-W-PM-CHN-01A-2011,Beijing,0.021053,0.033898,95,95
2011,Istanbul,Sony Ericsson Championships,2011-W-WT-TUR-01A-2011,WTA Championships,Hard,Hard,1,15,15,1.0,1.0,pair_overlap_verified+name_unmatched+date_window+surface_agreement+draw_compatible+absolute_round_label,accepted,56,Tour Championships,Indoor,2011-10-25,2011-10-30,0,15,1.0,2011-10-24,4,F,none,True,True,absolute_round_label,1.0,1.0,1.0,1.0,False,2011-W-WT-TUR-01A-2011,WTA Championships,1.0,1.0,2011-W-PR-GBR-01A-2011,Eastbourne,0.133333,0.064516,15,15
2011,Kuala Lumpur,Malaysia Open,2011-W-INT-MAS-01A-2011,Kuala Lumpur,Hard,Hard,0,31,31,0.967742,0.967742,pair_overlap_verified+exact_normalized_location+date_window+surface_agreement+draw_compatible+absolute_round_label,accepted,13,International,Outdoor,2011-02-28,2011-03-06,0,31,1.0,2011-02-28,32,I,exact_normalized_location,True,True,absolute_round_label,0.967742,0.967742,0.83871,0.83871,True,2011-W-INT-MAS-01A-2011,Kuala Lumpur,0.967742,0.967742,2011-D001,Fed Cup WG R1: AUS vs ITA,0.0,0.0,31,31
2011,Linz,Generali Ladies Linz,2011-W-INT-AUT-02A-2011,Linz,Hard,Hard,1,31,31,1.0,1.0,pair_overlap_verified+exact_normalized_location+date_window+surface_agreement+draw_compatible+absolute_round_label,accepted,52,International,Indoor,2011-10-11,2011-10-16,0,31,1.0,2011-10-10,32,I,exact_normalized_location,True,True,absolute_round_label,1.0,1.0,1.0,1.0,False,2011-W-INT-AUT-02A-2011,Linz,1.0,1.0,2011-D003,Fed Cup WG R1: SVK vs CZE,0.032258,0.25,31,31
2011,London,Wimbledon,2011-W-SL-GBR-01A-2011,Wimbledon,Grass,Grass,0,127,127,1.0,1.0,pair_overlap_verified+exact_normalized_tournament+date_window+surface_agreement+draw_compatible+absolute_round_label,accepted,32,Grand Slam,Outdoor,2011-06-20,2011-07-02,0,127,1.0,2011-06-20,128,G,exact_normalized_tournament,True,True,absolute_round_label,1.0,1.0,0.968504,0.968504,False,2011-W-SL-GBR-01A-2011,Wimbledon,1.0,1.0,2011-W-PM-CHN-01A-2011,Beijing,0.023622,0.050847,127,127
2011,Luxembourg,BGL BNP Paribas Luxembourg Open,2011-W-INT-LUX-01A-2011,Luxembourg,Hard,Hard,0,31,31,1.0,1.0,pair_overlap_verified+exact_normalized_location+date_window+surface_agreement+draw_compatible+absolute_round_label,accepted,54,International,Indoor,2011-10-17,2011-10-23,0,31,1.0,2011-10-17,32,I,exact_normalized_location,True,True,absolute_round_label,1.0,1.0,1.0,1.0,False,2011-W-INT-LUX-01A-2011,Luxembourg,1.0,1.0,2011-W-INT-GBR-01A-2011,Birmingham,0.032258,0.018182,31,31
2011,Madrid,Mutua Madrileña Madrid Open,2011-W-PM-ESP-01A-2011,Madrid,Clay,Clay,-2,63,63,1.0,1.0,pair_overlap_verified+exact_normalized_location+date_window+surface_agreement+draw_compatible+absolute_round_label,accepted,23,Premier,Outdoor,2011-04-30,2011-05-08,0,63,1.0,2011-05-02,64,PM,exact_normalized_location,True,True,absolute_round_label,1.0,1.0,0.984127,0.984127,False,2011-W-PM-ESP-01A-2011,Madrid,1.0,1.0,2011-W-INT-AUS-01A-2011,Brisbane,0.015873,0.032258,63,63
2011,Marbella,Andalucia Tennis Experience,2011-W-INT-ESP-01A-2011,Marbella,Clay,Clay,0,31,31,1.0,1.0,pair_overlap_verified+exact_normalized_location+date_window+surface_agreement+draw_compatible+absolute_round_label,accepted,18,International,Outdoor,2011-04-04,2011-04-10,0,31,1.0,2011-04-04,32,I,exact_normalized_location,True,True,absolute_round_label,1.0,1.0,0.903226,0.903226,False,2011-W-INT-ESP-01A-2011,Marbella,1.0,1.0,2011-D001,Fed Cup WG R1: AUS vs ITA,0.0,0.0,31,31
2011,Melbourne,Australian Open,2011-W-SL-AUS-01A-2011,Australian Open,Hard,Hard,0,127,127,1.0,1.0,pair_overlap_verified+exact_normalized_tournament+date_window+surface_agreement+draw_compatible+absolute_round_label,accepted,5,Grand Slam,Outdoor,2011-01-17,2011-01-29,0,127,1.0,2011-01-17,128,G,exact_normalized_tournament,True,True,absolute_round_label,1.0,1.0,0.952756,0.952756,False,2011-W-SL-AUS-01A-2011,Australian Open,1.0,1.0,2011-W-PM-ESP-01A-2011,Madrid,0.007874,0.015873,127,127
2011,Memphis,Cellular South Cup,2011-W-INT-USA-01A-2011,Memphis,Hard,Hard,-1,31,31,1.0,1.0,pair_overlap_verified+exact_normalized_location+date_window+surface_agreement+draw_compatible+absolute_round_label,accepted,10,International,Indoor,2011-02-13,2011-02-20,0,31,1.0,2011-02-14,32,I,exact_normalized_location,True,True,absolute_round_label,1.0,1.0,1.0,1.0,False,2011-W-INT-USA-01A-2011,Memphis,1.0,1.0,2011-D001,Fed Cup WG R1: AUS vs ITA,0.0,0.0,31,31
2011,Miami,Sony Ericsson Open,2011-W-PM-USA-02A-2011,Miami,Hard,Hard,1,95,95,1.0,1.0,pair_overlap_verified+exact_normalized_location+date_window+surface_agreement+draw_compatible+absolute_round_label,accepted,16,Premier,Outdoor,2011-03-22,2011-04-02,0,95,1.0,2011-03-21,96,PM,exact_normalized_location,True,True,absolute_round_label,1.0,1.0,0.947368,0.947368,False,2011-W-PM-USA-02A-2011,Miami,1.0,1.0,2011-W-PM-USA-01A-2011,Indian Wells,0.021053,0.021053,95,95
2011,Monterrey,Monterrey Open,2011-W-INT-MEX-02A-2011,Monterrey,Hard,Hard,0,31,31,1.0,1.0,pair_overlap_verified+exact_normalized_location+date_window+surface_agreement+draw_compatible+absolute_round_label,accepted,14,International,Outdoor,2011-02-28,2011-03-06,0,31,1.0,2011-02-28,32,I,exact_normalized_location,True,True,absolute_round_label,1.0,1.0,1.0,1.0,False,2011-W-INT-MEX-02A-2011,Monterrey,1.0,1.0,2011-D001,Fed Cup WG R1: AUS vs ITA,0.0,0.0,31,31
2011,Moscow,Kremlin Cup,2011-W-PR-RUS-01A-2011,Moscow,Hard,Hard,0,27,27,1.0,1.0,pair_overlap_verified+exact_normalized_location+date_window+surface_agreement+draw_compatible+absolute_round_label,accepted,55,International,Indoor,2011-10-17,2011-10-23,0,27,1.0,2011-10-17,28,P,exact_normalized_location,True,True,absolute_round_label,1.0,1.0,0.925926,0.925926,False,2011-W-PR-RUS-01A-2011,Moscow,1.0,1.0,2011-W-INT-UZB-01A-2011,Tashkent,0.037037,0.032258,27,27
2011,New Haven,New Haven Open at Yale,2011-W-PR-USA-05A-2011,New Haven,Hard,Hard,-1,29,29,1.0,1.0,pair_overlap_verified+exact_normalized_location+date_window+surface_agreement+draw_compatible+absolute_round_label,accepted,44,Premier,Outdoor,2011-08-21,2011-08-27,0,29,1.0,2011-08-22,30,P,exact_normalized_location,True,True,absolute_round_label,1.0,1.0,0.931034,0.931034,False,2011-W-PR-USA-05A-2011,New Haven,1.0,1.0,2011-W-PR-BEL-01A-2011,Brussels,0.034483,0.034483,29,29
2011,New York,US Open,2011-W-SL-USA-01A-2011,US Open,Hard,Hard,0,127,127,1.0,1.0,pair_overlap_verified+exact_normalized_tournament+date_window+surface_agreement+draw_compatible+absolute_round_label,accepted,45,Grand Slam,Outdoor,2011-08-29,2011-09-11,0,127,1.0,2011-08-29,128,G,exact_normalized_tournament,True,True,absolute_round_label,1.0,1.0,0.984252,0.984252,False,2011-W-SL-USA-01A-2011,US Open,1.0,1.0,2011-W-PR-GBR-01A-2011,Eastbourne,0.023622,0.096774,127,127
2011,Osaka,HP Open,2011-W-INT-JPN-01A-2011,Osaka,Hard,Hard,0,31,31,1.0,1.0,pair_overlap_verified+exact_normalized_location+date_window+surface_agreement+draw_compatible+absolute_round_label,accepted,53,International,Outdoor,2011-10-10,2011-10-16,0,31,1.0,2011-10-10,32,I,exact_normalized_location,True,True,absolute_round_label,1.0,1.0,1.0,1.0,False,2011-W-INT-JPN-01A-2011,Osaka,1.0,1.0,2011-W-PR-USA-02A-2011,Stanford,0.032258,0.037037,31,31
2011,Palermo,Internazionali Femminili di Tennis di Palermo,2011-W-INT-ITA-01A-2011,Palermo,Clay,Clay,0,31,31,1.0,1.0,pair_overlap_verified+exact_normalized_location+date_window+surface_agreement+draw_compatible+absolute_round_label,accepted,36,International,Outdoor,2011-07-11,2011-07-17,0,31,1.0,2011-07-11,32,I,exact_normalized_location,True,True,absolute_round_label,1.0,1.0,0.903226,0.903226,False,2011-W-INT-ITA-01A-2011,Palermo,1.0,1.0,2011-D001,Fed Cup WG R1: AUS vs ITA,0.0,0.0,31,31
2011,Paris,French Open,2011-W-SL-FRA-01A-2011,Roland Garros,Clay,Clay,-1,127,127,1.0,1.0,pair_overlap_verified+name_unmatched+date_window+surface_agreement+draw_compatible+absolute_round_label,accepted,27,Grand Slam,Outdoor,2011-05-22,2011-06-04,0,127,1.0,2011-05-23,128,G,none,True,True,absolute_round_label,1.0,1.0,0.976378,0.976378,False,2011-W-SL-FRA-01A-2011,Roland Garros,1.0,1.0,2011-W-PM-CHN-01A-2011,Beijing,0.007874,0.016949,127,127
2011,Paris,Open Gaz de France,2011-W-PR-FRA-01A-2011,Paris,Hard,Carpet,0,29,29,1.0,1.0,pair_overlap_verified+exact_normalized_location+date_window+draw_compatible+absolute_round_label,accepted,6,Premier,Indoor,2011-02-07,2011-02-13,0,29,1.0,2011-02-07,30,P,exact_normalized_location,False,True,absolute_round_label,1.0,1.0,0.896552,0.896552,True,2011-W-PR-FRA-01A-2011,Paris,1.0,1.0,2011-D001,Fed Cup WG R1: AUS vs ITA,0.0,0.0,29,29
2011,Pattaya,Pattaya Women's Open,2011-W-INT-THA-01A-2011,Pattaya,Hard,Hard,0,31,31,0.967742,0.967742,pair_overlap_verified+exact_normalized_location+date_window+surface_agreement+draw_compatible+absolute_round_label,accepted,7,International,Outdoor,2011-02-07,2011-02-13,0,31,1.0,2011-02-07,32,I,exact_normalized_location,True,True,absolute_round_label,0.967742,0.967742,0.967742,0.967742,False,2011-W-INT-THA-01A-2011,Pattaya,0.967742,0.967742,2011-D001,Fed Cup WG R1: AUS vs ITA,0.0,0.0,31,31
2011,Quebec,Bell Challenge,2011-W-INT-CAN-01A-2011,Quebec City,Hard,Hard,0,31,31,1.0,1.0,pair_overlap_verified+token_overlap+date_window+surface_agreement+draw_compatible+absolute_round_label,accepted,46,International,Indoor,2011-09-12,2011-09-18,0,31,1.0,2011-09-12,32,I,token_overlap,True,True,absolute_round_label,1.0,1.0,1.0,1.0,False,2011-W-INT-CAN-01A-2011,Quebec City,1.0,1.0,2011-D001,Fed Cup WG R1: AUS vs ITA,0.0,0.0,31,31
2011,Rome,Internazionali BNL d'Italia,2011-W-PR-ITA-01A-2011,Rome,Clay,Clay,0,55,55,1.0,1.0,pair_overlap_verified+exact_normalized_location+date_window+surface_agreement+draw_compatible+absolute_round_label,accepted,24,Premier,Outdoor,2011-05-09,2011-05-15,0,55,1.0,2011-05-09,56,P,exact_normalized_location,True,True,absolute_round_label,1.0,1.0,1.0,1.0,False,2011-W-PR-ITA-01A-2011,Rome,1.0,1.0,2011-W-PM-USA-02A-2011,Miami,0.036364,0.021053,55,55
2011,Seoul,Hansol Korea Open,2011-W-INT-KOR-01A-2011,Seoul,Hard,Hard,0,31,31,1.0,1.0,pair_overlap_verified+exact_normalized_location+date_window+surface_agreement+draw_compatible+absolute_round_label,accepted,49,International,Outdoor,2011-09-19,2011-09-25,0,31,1.0,2011-09-19,32,I,exact_normalized_location,True,True,absolute_round_label,1.0,1.0,0.870968,0.870968,True,2011-W-INT-KOR-01A-2011,Seoul,1.0,1.0,2011-D001,Fed Cup WG R1: AUS vs ITA,0.0,0.0,31,31
2011,Stanford,Bank of the West Classic,2011-W-PR-USA-02A-2011,Stanford,Hard,Hard,0,27,27,1.0,1.0,pair_overlap_verified+exact_normalized_location+date_window+surface_agreement+draw_compatible+absolute_round_label,accepted,38,Premier,Outdoor,2011-07-25,2011-07-31,0,27,1.0,2011-07-25,28,P,exact_normalized_location,True,True,absolute_round_label,1.0,1.0,1.0,1.0,False,2011-W-PR-USA-02A-2011,Stanford,1.0,1.0,2011-W-INT-JPN-01A-2011,Osaka,0.037037,0.032258,27,27
2011,Strasbourg,Internationaux de Strasbourg,2011-W-INT-FRA-01A-2011,Strasbourg,Clay,Clay,0,31,31,0.967742,0.967742,pair_overlap_verified+exact_normalized_location+date_window+surface_agreement+draw_compatible+absolute_round_label,accepted,26,International,Outdoor,2011-05-16,2011-05-21,0,31,1.0,2011-05-16,32,I,exact_normalized_location,True,True,absolute_round_label,0.967742,0.967742,0.967742,0.967742,False,2011-W-INT-FRA-01A-2011,Strasbourg,0.967742,0.967742,2011-D001,Fed Cup WG R1: AUS vs ITA,0.0,0.0,31,31
2011,Stuttgart,Porsche Tennis Grand Prix,2011-W-PR-GER-01A-2011,Stuttgart,Clay,Clay,0,27,27,1.0,1.0,pair_overlap_verified+exact_normalized_location+date_window+surface_agreement+draw_compatible+absolute_round_label,accepted,20,Premier,Outdoor,2011-04-18,2011-04-24,0,27,1.0,2011-04-18,28,P,exact_normalized_location,True,True,absolute_round_label,1.0,1.0,1.0,1.0,False,2011-W-PR-GER-01A-2011,Stuttgart,1.0,1.0,2011-W-PR-GBR-01A-2011,Eastbourne,0.074074,0.064516,27,27
2011,Sydney,Medibank International,2011-W-PR-AUS-01A-2011,Sydney,Hard,Hard,-1,29,29,1.0,1.0,pair_overlap_verified+exact_normalized_location+date_window+surface_agreement+draw_compatible+absolute_round_label,accepted,4,Premier,Outdoor,2011-01-09,2011-01-14,0,29,1.0,2011-01-10,30,P,exact_normalized_location,True,True,absolute_round_label,1.0,1.0,1.0,1.0,False,2011-W-PR-AUS-01A-2011,Sydney,1.0,1.0,2011-W-PR-CAN-01A-2011,Toronto,0.034483,0.018182,29,29
2011,Tashkent,Tashkent Open,2011-W-INT-UZB-01A-2011,Tashkent,Hard,Hard,0,31,31,1.0,1.0,pair_overlap_verified+exact_normalized_location+date_window+surface_agreement+draw_compatible+absolute_round_label,accepted,47,International,Outdoor,2011-09-12,2011-09-17,0,31,1.0,2011-09-12,32,I,exact_normalized_location,True,True,absolute_round_label,1.0,1.0,0.967742,0.967742,False,2011-W-INT-UZB-01A-2011,Tashkent,1.0,1.0,2011-W-PR-RUS-01A-2011,Moscow,0.032258,0.037037,31,31
2011,Tokyo,Toray Pan Pacific Open,2011-W-PR-JPN-01A-2011,Tokyo,Hard,Hard,-1,55,55,1.0,1.0,pair_overlap_verified+exact_normalized_location+date_window+surface_agreement+draw_compatible+absolute_round_label,accepted,50,Premier,Outdoor,2011-09-25,2011-10-01,0,55,1.0,2011-09-26,56,P,exact_normalized_location,True,True,absolute_round_label,1.0,1.0,0.945455,0.945455,False,2011-W-PR-JPN-01A-2011,Tokyo,1.0,1.0,2011-W-PM-CHN-01A-2011,Beijing,0.036364,0.033898,55,55
2011,Toronto,Rogers Cup,2011-W-PR-CAN-01A-2011,Toronto,Hard,Hard,0,55,55,1.0,1.0,pair_overlap_verified+exact_normalized_location+date_window+surface_agreement+draw_compatible+absolute_round_label,accepted,41,Premier,Outdoor,2011-08-08,2011-08-14,0,55,1.0,2011-08-08,56,P,exact_normalized_location,True,True,absolute_round_label,1.0,1.0,0.981818,0.981818,False,2011-W-PR-CAN-01A-2011,Toronto,1.0,1.0,2011-W-PR-USA-04A-2011,Cincinnati,0.036364,0.036364,55,55
2012,'s-Hertogenbosch,Unicef Open,2012-W-INT-NED-01A-2012,'s Hertogenbosch,Grass,Grass,-1,31,31,0.935484,0.935484,pair_overlap_verified+exact_normalized_location+date_window+surface_agreement+draw_compatible+absolute_round_label,accepted,32,International,Outdoor,2012-06-17,2012-06-23,0,31,1.0,2012-06-18,32,I,exact_normalized_location,True,True,absolute_round_label,0.935484,0.935484,0.935484,0.935484,False,2012-W-INT-NED-01A-2012,'s Hertogenbosch,0.935484,0.935484,2012-W-INT-SWE-01A-2012,Bastad,0.032258,0.032258,31,31
2012,Acapulco,Abierto Mexicano,2012-W-INT-MEX-02A-2012,Acapulco,Clay,Clay,0,31,31,1.0,1.0,pair_overlap_verified+exact_normalized_location+date_window+surface_agreement+draw_compatible+absolute_round_label,accepted,13,International,Outdoor,2012-02-27,2012-03-04,0,31,1.0,2012-02-27,32,I,exact_normalized_location,True,True,absolute_round_label,1.0,1.0,1.0,1.0,False,2012-W-INT-MEX-02A-2012,Acapulco,1.0,1.0,2012-D001,Fed Cup WG R1: RUS vs ESP,0.0,0.0,31,31
2012,Auckland,ASB Classic,2012-W-INT-NZL-01A-2012,Auckland,Hard,Hard,0,31,31,1.0,1.0,pair_overlap_verified+exact_normalized_location+date_window+surface_agreement+draw_compatible+absolute_round_label,accepted,1,International,Outdoor,2012-01-02,2012-01-08,0,31,1.0,2012-01-02,32,I,exact_normalized_location,True,True,absolute_round_label,1.0,1.0,1.0,1.0,False,2012-W-INT-NZL-01A-2012,Auckland,1.0,1.0,2012-W-INT-AUS-01A-2012,Hobart,0.032258,0.032258,31,31
2012,Bad Gastein,Gastein Ladies,2012-W-INT-AUT-01A-2012,Bad Gastein,Clay,Clay,1,31,31,1.0,1.0,pair_overlap_verified+exact_normalized_location+date_window+surface_agreement+draw_compatible+absolute_round_label,accepted,30,International,Outdoor,2012-06-12,2012-06-17,0,31,1.0,2012-06-11,32,I,exact_normalized_location,True,True,absolute_round_label,1.0,1.0,1.0,1.0,False,2012-W-INT-AUT-01A-2012,Bad Gastein,1.0,1.0,2012-D001,Fed Cup WG R1: RUS vs ESP,0.0,0.0,31,31
2012,Baku,Baku Cup,2012-W-INT-AZE-01A-2012,Baku,Hard,Hard,0,31,31,1.0,1.0,pair_overlap_verified+exact_normalized_location+date_window+surface_agreement+draw_compatible+absolute_round_label,accepted,38,International,Outdoor,2012-07-23,2012-07-28,0,31,1.0,2012-07-23,32,I,exact_normalized_location,True,True,absolute_round_label,1.0,1.0,1.0,1.0,False,2012-W-INT-AZE-01A-2012,Baku,1.0,1.0,2012-D001,Fed Cup WG R1: RUS vs ESP,0.0,0.0,31,31
2012,Barcelona,Barcelona Ladies Open,2012-W-INT-ESP-01A-2012,Barcelona,Clay,Clay,0,31,31,1.0,1.0,pair_overlap_verified+exact_normalized_location+date_window+surface_agreement+draw_compatible+absolute_round_label,accepted,18,International,Outdoor,2012-04-09,2012-04-15,0,31,1.0,2012-04-09,32,I,exact_normalized_location,True,True,absolute_round_label,1.0,1.0,0.935484,0.935484,False,2012-W-INT-ESP-01A-2012,Barcelona,1.0,1.0,2012-D001,Fed Cup WG R1: RUS vs ESP,0.0,0.0,31,31
2012,Bastad,Sony Swedish Open,2012-W-INT-SWE-01A-2012,Bastad,Clay,Clay,0,31,31,1.0,1.0,pair_overlap_verified+exact_normalized_location+date_window+surface_agreement+draw_compatible+absolute_round_label,accepted,36,International,Outdoor,2012-07-16,2012-07-22,0,31,1.0,2012-07-16,32,I,exact_normalized_location,True,True,absolute_round_label,1.0,1.0,0.870968,0.870968,True,2012-W-INT-SWE-01A-2012,Bastad,1.0,1.0,2012-W-INT-MAR-01A-2012,Fes,0.032258,0.032258,31,31
2012,Beijing,China Open,2012-W-PM-CHN-01A-2012,Beijing,Hard,Hard,-2,59,59,1.0,1.0,pair_overlap_verified+exact_normalized_location+date_window+surface_agreement+draw_compatible+absolute_round_label,accepted,50,Premier,Outdoor,2012-09-29,2012-10-07,0,59,1.0,2012-10-01,60,PM,exact_normalized_location,True,True,absolute_round_label,1.0,1.0,1.0,1.0,False,2012-W-PM-CHN-01A-2012,Beijing,1.0,1.0,2012-W-PR-CAN-01A-2012,Montreal,0.016949,0.021277,59,59
2012,Birmingham,AEGON Classic,2012-W-INT-GBR-01A-2012,Birmingham,Grass,Grass,1,55,55,1.0,1.0,pair_overlap_verified+exact_normalized_location+date_window+surface_agreement+draw_compatible+absolute_round_label,accepted,29,International,Outdoor,2012-06-12,2012-06-18,0,55,1.0,2012-06-11,56,I,exact_normalized_location,True,True,absolute_round_label,1.0,1.0,1.0,1.0,False,2012-W-INT-GBR-01A-2012,Birmingham,1.0,1.0,2012-W-PR-QAT-01A-2012,Doha,0.018182,0.018182,55,55
2012,Bogota,Copa BBVA Colsanitas,2012-W-INT-COL-01A-2012,Bogota,Clay,Clay,0,31,31,1.0,1.0,pair_overlap_verified+exact_normalized_location+date_window+surface_agreement+draw_compatible+absolute_round_label,accepted,8,International,Outdoor,2012-02-13,2012-02-19,0,31,1.0,2012-02-13,32,I,exact_normalized_location,True,True,absolute_round_label,1.0,1.0,1.0,1.0,False,2012-W-INT-COL-01A-2012,Bogota,1.0,1.0,2012-W-INT-AUT-02A-2012,Linz,0.032258,0.032258,31,31
2012,Brisbane,Brisbane International,2012-W-PR-AUS-01A-2012,Brisbane,Hard,Hard,-1,31,31,1.0,1.0,pair_overlap_verified+exact_normalized_location+date_window+surface_agreement+draw_compatible+absolute_round_label,accepted,2,International,Outdoor,2012-01-01,2012-01-07,0,31,1.0,2012-01-02,32,P,exact_normalized_location,True,True,absolute_round_label,1.0,1.0,0.967742,0.967742,False,2012-W-PR-AUS-01A-2012,Brisbane,1.0,1.0,2012-W-PR-USA-04A-2012,Cincinnati,0.032258,0.018519,31,31
2012,Brussels,Brussels Open,2012-W-PR-BEL-01A-2012,Brussels,Clay,Clay,0,29,29,1.0,1.0,pair_overlap_verified+exact_normalized_location+date_window+surface_agreement+draw_compatible+absolute_round_label,accepted,26,Premier,Outdoor,2012-05-21,2012-05-26,0,29,1.0,2012-05-21,30,P,exact_normalized_location,True,True,absolute_round_label,1.0,1.0,1.0,1.0,False,2012-W-PR-BEL-01A-2012,Brussels,1.0,1.0,2012-W-INT-HUN-01A-2012,Budapest,0.034483,0.032258,29,29
2012,Budapest,Budapest Grand Prix,2012-W-INT-HUN-01A-2012,Budapest,Clay,Clay,0,31,31,1.0,1.0,pair_overlap_verified+exact_normalized_location+date_window+surface_agreement+draw_compatible+absolute_round_label,accepted,22,International,Outdoor,2012-04-30,2012-05-05,0,31,1.0,2012-04-30,32,I,exact_normalized_location,True,True,absolute_round_label,1.0,1.0,0.935484,0.935484,False,2012-W-INT-HUN-01A-2012,Budapest,1.0,1.0,2012-W-INT-LUX-01A-2012,Luxembourg,0.032258,0.032258,31,31
2012,Carlsbad,Mercury Insurance Open,2012-W-PR-USA-03A-2012,San Diego,Hard,Hard,0,27,27,1.0,1.0,pair_overlap_verified+name_unmatched+date_window+surface_agreement+draw_compatible+absolute_round_label,accepted,37,Premier,Outdoor,2012-07-16,2012-07-22,0,27,1.0,2012-07-16,28,P,none,True,True,absolute_round_label,1.0,1.0,1.0,1.0,False,2012-W-PR-USA-03A-2012,San Diego,1.0,1.0,2012-W-INT-USA-03A-2012,Dallas,0.037037,0.032258,27,27
2012,Charleston,Family Circle Cup,2012-W-PR-USA-01A-2012,Charleston,Clay,Clay,0,55,55,1.0,1.0,pair_overlap_verified+exact_normalized_location+date_window+surface_agreement+draw_compatible+absolute_round_label,accepted,17,Premier,Outdoor,2012-04-02,2012-04-08,0,55,1.0,2012-04-02,56,P,exact_normalized_location,True,True,absolute_round_label,1.0,1.0,1.0,1.0,False,2012-W-PR-USA-01A-2012,Charleston,1.0,1.0,2012-D001,Fed Cup WG R1: RUS vs ESP,0.0,0.0,55,55
2012,Cincinnati,Western & Southern Financial Group Women's Open,2012-W-PR-USA-04A-2012,Cincinnati,Hard,Hard,0,54,54,1.0,1.0,pair_overlap_verified+exact_normalized_location+date_window+surface_agreement+draw_compatible+absolute_round_label,accepted,41,Premier,Outdoor,2012-08-13,2012-08-19,1,53,0.981481,2012-08-13,55,P,exact_normalized_location,True,True,absolute_round_label,1.0,1.0,0.981481,0.981481,False,2012-W-PR-USA-04A-2012,Cincinnati,1.0,1.0,2012-W-PR-AUS-01A-2012,Brisbane,0.018519,0.032258,54,54
2012,Copenhagen,e-Boks Sony Ericsson Open,2012-W-INT-DEN-01A-2012,Copenhagen,Hard,Hard,0,31,31,1.0,1.0,pair_overlap_verified+exact_normalized_location+date_window+surface_agreement+draw_compatible+absolute_round_label,accepted,19,International,Indoor,2012-04-09,2012-04-15,0,31,1.0,2012-04-09,32,I,exact_normalized_location,True,True,absolute_round_label,1.0,1.0,1.0,1.0,False,2012-W-INT-DEN-01A-2012,Copenhagen,1.0,1.0,2012-D001,Fed Cup WG R1: RUS vs ESP,0.0,0.0,31,31
2012,Dallas,Texas Tennis Open,2012-W-INT-USA-03A-2012,Dallas,Hard,Hard,-1,31,31,1.0,1.0,pair_overlap_verified+exact_normalized_location+date_window+surface_agreement+draw_compatible+absolute_round_label,accepted,42,International,Outdoor,2012-08-19,2012-08-25,0,31,1.0,2012-08-20,32,I,exact_normalized_location,True,True,absolute_round_label,1.0,1.0,0.967742,0.967742,False,2012-W-INT-USA-03A-2012,Dallas,1.0,1.0,2012-W-INT-CHN-01A-2012,Guangzhou,0.032258,0.032258,31,31
2012,Doha,Qatar Total Open,2012-W-PR-QAT-01A-2012,Doha,Hard,Hard,0,55,55,1.0,1.0,pair_overlap_verified+exact_normalized_location+date_window+surface_agreement+draw_compatible+absolute_round_label,accepted,9,Premier,Outdoor,2012-02-13,2012-02-19,0,55,1.0,2012-02-13,56,P,exact_normalized_location,True,True,absolute_round_label,1.0,1.0,0.981818,0.981818,False,2012-W-PR-QAT-01A-2012,Doha,1.0,1.0,2012-W-PM-ESP-01A-2012,Madrid,0.054545,0.047619,55,55
2012,Dubai,Dubai Duty Free Tennis Championships,2012-W-PR-UAE-01A-2012,Dubai,Hard,Hard,0,27,27,1.0,1.0,pair_overlap_verified+exact_normalized_location+date_window+surface_agreement+draw_compatible+absolute_round_label,accepted,10,Premier,Outdoor,2012-02-20,2012-02-25,0,27,1.0,2012-02-20,28,P,exact_normalized_location,True,True,absolute_round_label,1.0,1.0,1.0,1.0,False,2012-W-PR-UAE-01A-2012,Dubai,1.0,1.0,2012-D001,Fed Cup WG R1: RUS vs ESP,0.0,0.0,27,27
2012,Eastbourne,AEGON International,2012-W-PR-GBR-01A-2012,Eastbourne,Grass,Grass,0,31,31,1.0,1.0,pair_overlap_verified+exact_normalized_location+date_window+surface_agreement+draw_compatible+absolute_round_label,accepted,31,Premier,Outdoor,2012-06-18,2012-06-23,0,31,1.0,2012-06-18,32,P,exact_normalized_location,True,True,absolute_round_label,1.0,1.0,0.870968,0.870968,True,2012-W-PR-GBR-01A-2012,Eastbourne,1.0,1.0,2012-W-INT-AUS-01A-2012,Hobart,0.032258,0.032258,31,31
2012,Estoril,Estoril Open,2012-W-INT-POR-01A-2012,Estoril,Clay,Clay,0,31,31,1.0,1.0,pair_overlap_verified+exact_normalized_location+date_window+surface_agreement+draw_compatible+absolute_round_label,accepted,23,International,Outdoor,2012-04-30,2012-05-05,0,31,1.0,2012-04-30,32,I,exact_normalized_location,True,True,absolute_round_label,1.0,1.0,1.0,1.0,False,2012-W-INT-POR-01A-2012,Estoril,1.0,1.0,2012-D001,Fed Cup WG R1: RUS vs ESP,0.0,0.0,31,31
2012,Fes,Grand Prix de SAR La Princesse Lalla Meryem,2012-W-INT-MAR-01A-2012,Fes,Clay,Clay,0,31,31,1.0,1.0,pair_overlap_verified+exact_normalized_location+date_window+surface_agreement+draw_compatible+absolute_round_label,accepted,20,International,Outdoor,2012-04-23,2012-04-28,0,31,1.0,2012-04-23,32,I,exact_normalized_location,True,True,absolute_round_label,1.0,1.0,0.967742,0.967742,False,2012-W-INT-MAR-01A-2012,Fes,1.0,1.0,2012-W-INT-SWE-01A-2012,Bastad,0.032258,0.032258,31,31
2012,Guangzhou,GRC Bank Guangzhou International Women's Open,2012-W-INT-CHN-01A-2012,Guangzhou,Hard,Hard,0,31,31,1.0,1.0,pair_overlap_verified+exact_normalized_location+date_window+surface_agreement+draw_compatible+absolute_round_label,accepted,47,International,Outdoor,2012-09-17,2012-09-22,0,31,1.0,2012-09-17,32,I,exact_normalized_location,True,True,absolute_round_label,1.0,1.0,1.0,1.0,False,2012-W-INT-CHN-01A-2012,Guangzhou,1.0,1.0,2012-W-INT-USA-03A-2012,Dallas,0.032258,0.032258,31,31
2012,Hobart,Moorilla Hobart International,2012-W-INT-AUS-01A-2012,Hobart,Hard,Hard,-1,31,31,1.0,1.0,pair_overlap_verified+exact_normalized_location+date_window+surface_agreement+draw_compatible+absolute_round_label,accepted,3,International,Outdoor,2012-01-08,2012-01-14,0,31,1.0,2012-01-09,32,I,exact_normalized_location,True,True,absolute_round_label,1.0,1.0,0.967742,0.967742,False,2012-W-INT-AUS-01A-2012,Hobart,1.0,1.0,2012-W-INT-NZL-01A-2012,Auckland,0.032258,0.032258,31,31
2012,Indian Wells,BNP Paribas Open,2012-W-PM-USA-01A-2012,Indian Wells,Hard,Hard,2,95,95,1.0,1.0,pair_overlap_verified+exact_normalized_location+date_window+surface_agreement+draw_compatible+absolute_round_label,accepted,15,Premier,Outdoor,2012-03-07,2012-03-18,0,95,1.0,2012-03-05,96,PM,exact_normalized_location,True,True,absolute_round_label,1.0,1.0,0.957895,0.957895,False,2012-W-PM-USA-01A-2012,Indian Wells,1.0,1.0,2012-W-SL-AUS-01A-2012,Australian Open,0.031579,0.023622,95,95
2012,Istanbul,Sony Ericsson Championships,2012-W-WT-TUR-01A-2012,WTA Championships,Hard,Hard,1,15,15,1.0,1.0,pair_overlap_verified+name_unmatched+date_window+surface_agreement+draw_compatible+absolute_round_label,accepted,55,Tour Championships,Indoor,2012-10-23,2012-10-28,0,15,1.0,2012-10-22,4,F,none,True,True,absolute_round_label,1.0,1.0,1.0,1.0,False,2012-W-WT-TUR-01A-2012,WTA Championships,1.0,1.0,2012-W-PR-GER-01A-2012,Stuttgart,0.066667,0.037037,15,15
2012,Kuala Lumpur,Malaysia Open,2012-W-INT-MAS-01A-2012,Kuala Lumpur,Hard,Hard,0,31,31,1.0,1.0,pair_overlap_verified+exact_normalized_location+date_window+surface_agreement+draw_compatible+absolute_round_label,accepted,14,International,Outdoor,2012-02-27,2012-03-04,0,31,1.0,2012-02-27,32,I,exact_normalized_location,True,True,absolute_round_label,1.0,1.0,1.0,1.0,False,2012-W-INT-MAS-01A-2012,Kuala Lumpur,1.0,1.0,2012-D001,Fed Cup WG R1: RUS vs ESP,0.0,0.0,31,31
2012,Linz,Generali Ladies Linz,2012-W-INT-AUT-02A-2012,Linz,Hard,Hard,0,31,31,1.0,1.0,pair_overlap_verified+exact_normalized_location+date_window+surface_agreement+draw_compatible+absolute_round_label,accepted,51,International,Indoor,2012-10-08,2012-10-14,0,31,1.0,2012-10-08,32,I,exact_normalized_location,True,True,absolute_round_label,1.0,1.0,1.0,1.0,False,2012-W-INT-AUT-02A-2012,Linz,1.0,1.0,2012-W-INT-COL-01A-2012,Bogota,0.032258,0.032258,31,31
2012,London,Wimbledon,2012-W-SL-GBR-01A-2012,Wimbledon,Grass,Grass,0,127,127,1.0,1.0,pair_overlap_verified+exact_normalized_tournament+date_window+surface_agreement+draw_compatible+absolute_round_label,accepted,33,Grand Slam,Outdoor,2012-06-25,2012-07-07,0,127,1.0,2012-06-25,128,G,exact_normalized_tournament,True,True,absolute_round_label,1.0,1.0,0.976378,0.976378,False,2012-W-SL-GBR-01A-2012,Wimbledon,1.0,1.0,2012-W-INT-NZL-01A-2012,Auckland,0.007874,0.032258,127,127
2012,Luxembourg,BGL BNP Paribas Luxembourg Open,2012-W-INT-LUX-01A-2012,Luxembourg,Hard,Hard,0,31,31,1.0,1.0,pair_overlap_verified+exact_normalized_location+date_window+surface_agreement+draw_compatible+absolute_round_label,accepted,53,International,Indoor,2012-10-15,2012-10-21,0,31,1.0,2012-10-15,32,I,exact_normalized_location,True,True,absolute_round_label,1.0,1.0,0.967742,0.967742,False,2012-W-INT-LUX-01A-2012,Luxembourg,1.0,1.0,2012-W-INT-HUN-01A-2012,Budapest,0.032258,0.032258,31,31
2012,Madrid,Mutua Madrid Open,2012-W-PM-ESP-01A-2012,Madrid,Clay,Clay,-2,63,63,1.0,1.0,pair_overlap_verified+exact_normalized_location+date_window+surface_agreement+draw_compatible+absolute_round_label,accepted,24,Premier,Outdoor,2012-05-05,2012-05-13,0,63,1.0,2012-05-07,64,PM,exact_normalized_location,True,True,absolute_round_label,1.0,1.0,0.968254,0.968254,False,2012-W-PM-ESP-01A-2012,Madrid,1.0,1.0,2012-W-PR-QAT-01A-2012,Doha,0.047619,0.054545,63,63
2012,Melbourne,Australian Open,2012-W-SL-AUS-01A-2012,Australian Open,Hard,Hard,0,127,127,1.0,1.0,pair_overlap_verified+exact_normalized_tournament+date_window+surface_agreement+draw_compatible+absolute_round_label,accepted,5,Grand Slam,Outdoor,2012-01-16,2012-01-28,0,127,1.0,2012-01-16,128,G,exact_normalized_tournament,True,True,absolute_round_label,1.0,1.0,0.992126,0.992126,False,2012-W-SL-AUS-01A-2012,Australian Open,1.0,1.0,2012-W-PM-USA-01A-2012,Indian Wells,0.023622,0.031579,127,127
2012,Memphis,Memphis International,2012-W-INT-USA-01A-2012,Memphis,Hard,Hard,-1,31,31,0.967742,0.967742,pair_overlap_verified+exact_normalized_location+date_window+surface_agreement+draw_compatible+absolute_round_label,accepted,12,International,Indoor,2012-02-19,2012-02-26,0,31,1.0,2012-02-20,32,I,exact_normalized_location,True,True,absolute_round_label,0.967742,0.967742,0.967742,0.967742,False,2012-W-INT-USA-01A-2012,Memphis,0.967742,0.967742,2012-W-SL-GBR-01A-2012,Wimbledon,0.032258,0.007874,31,31
2012,Miami,Sony Ericsson Open,2012-W-PM-USA-02A-2012,Miami,Hard,Hard,1,95,95,1.0,1.0,pair_overlap_verified+exact_normalized_location+date_window+surface_agreement+draw_compatible+absolute_round_label,accepted,16,Premier,Outdoor,2012-03-20,2012-03-31,0,95,1.0,2012-03-19,96,PM,exact_normalized_location,True,True,absolute_round_label,1.0,1.0,0.989474,0.989474,False,2012-W-PM-USA-02A-2012,Miami,1.0,1.0,2012-W-OL-GBR-01A-2012,Olympics,0.021053,0.03125,95,95
2012,Monterrey,Monterrey Open,2012-W-INT-MEX-01A-2012,Monterrey,Hard,Hard,0,31,31,1.0,1.0,pair_overlap_verified+exact_normalized_location+date_window+surface_agreement+draw_compatible+absolute_round_label,accepted,11,International,Outdoor,2012-02-20,2012-02-26,0,31,1.0,2012-02-20,32,I,exact_normalized_location,True,True,absolute_round_label,1.0,1.0,1.0,1.0,False,2012-W-INT-MEX-01A-2012,Monterrey,1.0,1.0,2012-D001,Fed Cup WG R1: RUS vs ESP,0.0,0.0,31,31
2012,Montreal,Rogers Cup,2012-W-PR-CAN-01A-2012,Montreal,Hard,Hard,1,47,47,1.0,1.0,pair_overlap_verified+exact_normalized_location+date_window+surface_agreement+draw_compatible+absolute_round_label,accepted,40,Premier,Outdoor,2012-08-07,2012-08-13,0,47,1.0,2012-08-06,48,P,exact_normalized_location,True,True,absolute_round_label,1.0,1.0,1.0,1.0,False,2012-W-PR-CAN-01A-2012,Montreal,1.0,1.0,2012-W-PR-USA-04A-2012,Cincinnati,0.021277,0.018519,47,47
2012,Moscow,Kremlin Cup,2012-W-PR-RUS-01A-2012,Moscow,Hard,Hard,0,27,27,1.0,1.0,pair_overlap_verified+exact_normalized_location+date_window+surface_agreement+draw_compatible+absolute_round_label,accepted,54,International,Indoor,2012-10-15,2012-10-21,0,27,1.0,2012-10-15,28,P,exact_normalized_location,True,True,absolute_round_label,1.0,1.0,0.888889,0.888889,True,2012-W-PR-RUS-01A-2012,Moscow,1.0,1.0,2012-W-PR-USA-05A-2012,New Haven,0.037037,0.034483,27,27
2012,New Haven,New Haven Open at Yale,2012-W-PR-USA-05A-2012,New Haven,Hard,Hard,-1,29,29,1.0,1.0,pair_overlap_verified+exact_normalized_location+date_window+surface_agreement+draw_compatible+absolute_round_label,accepted,43,Premier,Outdoor,2012-08-19,2012-08-25,0,29,1.0,2012-08-20,30,P,exact_normalized_location,True,True,absolute_round_label,1.0,1.0,1.0,1.0,False,2012-W-PR-USA-05A-2012,New Haven,1.0,1.0,2012-W-PR-RUS-01A-2012,Moscow,0.034483,0.037037,29,29
2012,New York,US Open,2012-W-SL-USA-01A-2012,US Open,Hard,Hard,0,127,127,1.0,1.0,pair_overlap_verified+exact_normalized_tournament+date_window+surface_agreement+draw_compatible+absolute_round_label,accepted,44,Grand Slam,Outdoor,2012-08-27,2012-09-09,0,127,1.0,2012-08-27,128,G,exact_normalized_tournament,True,True,absolute_round_label,1.0,1.0,0.976378,0.976378,False,2012-W-SL-USA-01A-2012,US Open,1.0,1.0,2012-W-PM-ESP-01A-2012,Madrid,0.007874,0.015873,127,127
2012,Osaka,HP Open,2012-W-INT-JPN-01A-2012,Osaka,Hard,Hard,0,31,31,1.0,1.0,pair_overlap_verified+exact_normalized_location+date_window+surface_agreement+draw_compatible+absolute_round_label,accepted,52,International,Outdoor,2012-10-08,2012-10-14,0,31,1.0,2012-10-08,32,I,exact_normalized_location,True,True,absolute_round_label,1.0,1.0,1.0,1.0,False,2012-W-INT-JPN-01A-2012,Osaka,1.0,1.0,2012-W-INT-UZB-01A-2012,Tashkent,0.032258,0.032258,31,31
2012,Palermo,Italiacom Open,2012-W-INT-ITA-01A-2012,Palermo,Clay,Clay,0,31,31,1.0,1.0,pair_overlap_verified+exact_normalized_location+date_window+surface_agreement+draw_compatible+absolute_round_label,accepted,34,International,Outdoor,2012-07-09,2012-07-15,0,31,1.0,2012-07-09,32,I,exact_normalized_location,True,True,absolute_round_label,1.0,1.0,1.0,1.0,False,2012-W-INT-ITA-01A-2012,Palermo,1.0,1.0,2012-D001,Fed Cup WG R1: RUS vs ESP,0.0,0.0,31,31
2012,Paris,French Open,2012-W-SL-FRA-01A-2012,Roland Garros,Clay,Clay,-1,127,127,1.0,1.0,pair_overlap_verified+name_unmatched+date_window+surface_agreement+draw_compatible+absolute_round_label,accepted,28,Grand Slam,Outdoor,2012-05-27,2012-06-09,0,127,1.0,2012-05-28,128,G,none,True,True,absolute_round_label,1.0,1.0,0.968504,0.968504,False,2012-W-SL-FRA-01A-2012,Roland Garros,1.0,1.0,2012-W-PM-USA-01A-2012,Indian Wells,0.007874,0.010526,127,127
2012,Paris,Open Gaz de France,2012-W-PR-FRA-01A-2012,Paris,Hard,Carpet,1,29,29,1.0,1.0,pair_overlap_verified+exact_normalized_location+date_window+draw_compatible+absolute_round_label,accepted,6,Premier,Indoor,2012-02-07,2012-02-12,0,29,1.0,2012-02-06,30,P,exact_normalized_location,False,True,absolute_round_label,1.0,1.0,0.862069,0.862069,True,2012-W-PR-FRA-01A-2012,Paris,1.0,1.0,2012-D001,Fed Cup WG R1: RUS vs ESP,0.0,0.0,29,29
2012,Pattaya,Pattaya Women's Open,2012-W-INT-THA-01A-2012,Pattaya,Hard,Hard,0,31,31,1.0,1.0,pair_overlap_verified+exact_normalized_location+date_window+surface_agreement+draw_compatible+absolute_round_label,accepted,7,International,Outdoor,2012-02-06,2012-02-12,0,31,1.0,2012-02-06,32,I,exact_normalized_location,True,True,absolute_round_label,1.0,1.0,1.0,1.0,False,2012-W-INT-THA-01A-2012,Pattaya,1.0,1.0,2012-D001,Fed Cup WG R1: RUS vs ESP,0.0,0.0,31,31
2012,Quebec,Bell Challenge,2012-W-INT-CAN-01A-2012,Quebec City,Hard,Hard,0,31,31,1.0,1.0,pair_overlap_verified+token_overlap+date_window+surface_agreement+draw_compatible+absolute_round_label,accepted,45,International,Indoor,2012-09-10,2012-09-16,0,31,1.0,2012-09-10,32,I,token_overlap,True,True,absolute_round_label,1.0,1.0,0.935484,0.935484,False,2012-W-INT-CAN-01A-2012,Quebec City,1.0,1.0,2012-D001,Fed Cup WG R1: RUS vs ESP,0.0,0.0,31,31
2012,Rome,Internazionali BNL d'Italia,2012-W-PR-ITA-01A-2012,Rome,Clay,Clay,0,55,55,1.0,1.0,pair_overlap_verified+exact_normalized_location+date_window+surface_agreement+draw_compatible+absolute_round_label,accepted,25,Premier,Outdoor,2012-05-14,2012-05-20,0,55,1.0,2012-05-14,56,P,exact_normalized_location,True,True,absolute_round_label,1.0,1.0,1.0,1.0,False,2012-W-PR-ITA-01A-2012,Rome,1.0,1.0,2012-W-PM-USA-02A-2012,Miami,0.036364,0.021053,55,55
2012,Seoul,KDB Korea Open,2012-W-INT-KOR-01A-2012,Seoul,Hard,Hard,1,31,31,1.0,1.0,pair_overlap_verified+exact_normalized_location+date_window+surface_agreement+draw_compatible+absolute_round_label,accepted,48,International,Outdoor,2012-09-18,2012-09-23,0,31,1.0,2012-09-17,32,I,exact_normalized_location,True,True,absolute_round_label,1.0,1.0,0.903226,0.903226,False,2012-W-INT-KOR-01A-2012,Seoul,1.0,1.0,2012-W-PM-ESP-01A-2012,Madrid,0.032258,0.015873,31,31
2012,Sofia,Qatar Airways Tournament of Champions Sofia,2012-W-CHA-BUL-01A-2012,Tournament of Champions,Hard,Hard,1,15,15,1.0,1.0,pair_overlap_verified+token_subset+date_window+surface_agreement+draw_compatible+absolute_round_label,accepted,56,International,Indoor,2012-10-30,2012-11-04,0,15,1.0,2012-10-29,4,F,token_subset,True,True,absolute_round_label,1.0,1.0,1.0,1.0,False,2012-W-CHA-BUL-01A-2012,Tournament of Champions,1.0,1.0,2012-D001,Fed Cup WG R1: RUS vs ESP,0.0,0.0,15,15
2012,Stanford,Bank of the West Classic,2012-W-PR-USA-02A-2012,Stanford,Hard,Hard,0,27,27,1.0,1.0,pair_overlap_verified+exact_normalized_location+date_window+surface_agreement+draw_compatible+absolute_round_label,accepted,35,Premier,Outdoor,2012-07-09,2012-07-15,0,27,1.0,2012-07-09,28,P,exact_normalized_location,True,True,absolute_round_label,1.0,1.0,1.0,1.0,False,2012-W-PR-USA-02A-2012,Stanford,1.0,1.0,2012-W-INT-NZL-01A-2012,Auckland,0.037037,0.032258,27,27
2012,Strasbourg,Internationaux de Strasbourg,2012-W-INT-FRA-01A-2012,Strasbourg,Clay,Clay,0,31,31,1.0,1.0,pair_overlap_verified+exact_normalized_location+date_window+surface_agreement+draw_compatible+absolute_round_label,accepted,27,International,Outdoor,2012-05-21,2012-05-26,0,31,1.0,2012-05-21,32,I,exact_normalized_location,True,True,absolute_round_label,1.0,1.0,1.0,1.0,False,2012-W-INT-FRA-01A-2012,Strasbourg,1.0,1.0,2012-D001,Fed Cup WG R1: RUS vs ESP,0.0,0.0,31,31
2012,Stuttgart,Porsche Tennis Grand Prix,2012-W-PR-GER-01A-2012,Stuttgart,Clay,Clay,1,27,27,1.0,1.0,pair_overlap_verified+exact_normalized_location+date_window+surface_agreement+draw_compatible+absolute_round_label,accepted,21,Premier,Outdoor,2012-04-24,2012-04-29,0,27,1.0,2012-04-23,28,P,exact_normalized_location,True,True,absolute_round_label,1.0,1.0,1.0,1.0,False,2012-W-PR-GER-01A-2012,Stuttgart,1.0,1.0,2012-W-WT-TUR-01A-2012,WTA Championships,0.037037,0.066667,27,27
2012,Sydney,Apai International,2012-W-PR-AUS-02A-2012,Sydney,Hard,Hard,-1,29,29,1.0,1.0,pair_overlap_verified+exact_normalized_location+date_window+surface_agreement+draw_compatible+absolute_round_label,accepted,4,Premier,Outdoor,2012-01-08,2012-01-13,0,29,1.0,2012-01-09,30,P,exact_normalized_location,True,True,absolute_round_label,1.0,1.0,1.0,1.0,False,2012-W-PR-AUS-02A-2012,Sydney,1.0,1.0,2012-W-PR-QAT-01A-2012,Doha,0.068966,0.036364,29,29
2012,Tashkent,Tashkent Open,2012-W-INT-UZB-01A-2012,Tashkent,Hard,Hard,0,31,31,1.0,1.0,pair_overlap_verified+exact_normalized_location+date_window+surface_agreement+draw_compatible+absolute_round_label,accepted,46,International,Outdoor,2012-09-10,2012-09-15,0,31,1.0,2012-09-10,32,I,exact_normalized_location,True,True,absolute_round_label,1.0,1.0,1.0,1.0,False,2012-W-INT-UZB-01A-2012,Tashkent,1.0,1.0,2012-W-INT-JPN-01A-2012,Osaka,0.032258,0.032258,31,31
2012,Tokyo,Toray Pan Pacific Open,2012-W-PR-JPN-01A-2012,Tokyo,Hard,Hard,-1,55,55,1.0,1.0,pair_overlap_verified+exact_normalized_location+date_window+surface_agreement+draw_compatible+absolute_round_label,accepted,49,Premier,Outdoor,2012-09-23,2012-09-29,0,55,1.0,2012-09-24,56,P,exact_normalized_location,True,True,absolute_round_label,1.0,1.0,0.963636,0.963636,False,2012-W-PR-JPN-01A-2012,Tokyo,1.0,1.0,2012-W-INT-AUS-01A-2012,Hobart,0.018182,0.032258,55,55
2012,Washington,Citi Open,2012-W-INT-USA-02A-2012,Washington,Hard,Hard,-1,31,31,1.0,1.0,pair_overlap_verified+exact_normalized_location+date_window+surface_agreement+draw_compatible+absolute_round_label,accepted,39,International,Outdoor,2012-07-29,2012-08-05,0,31,1.0,2012-07-30,32,I,exact_normalized_location,True,True,absolute_round_label,1.0,1.0,1.0,1.0,False,2012-W-INT-USA-02A-2012,Washington,1.0,1.0,2012-D001,Fed Cup WG R1: RUS vs ESP,0.0,0.0,31,31
2013,'s-Hertogenbosch,Topshelf Open,2013-W-INT-NED-01A-2013,'s Hertogenbosch,Grass,Grass,-1,31,31,1.0,1.0,pair_overlap_verified+exact_normalized_location+date_window+surface_agreement+draw_compatible+absolute_round_label,accepted,32,International,Outdoor,2013-06-16,2013-06-22,0,31,1.0,2013-06-17,32,I,exact_normalized_location,True,True,absolute_round_label,1.0,1.0,1.0,1.0,False,2013-W-INT-NED-01A-2013,'s Hertogenbosch,1.0,1.0,2013-W-INT-AUS-01A-2013,Hobart,0.032258,0.032258,31,31
2013,Acapulco,Abierto Mexicano,2013-W-INT-MEX-01A-2013,Acapulco,Clay,Clay,1,31,31,1.0,1.0,pair_overlap_verified+exact_normalized_location+date_window+surface_agreement+draw_compatible+absolute_round_label,accepted,13,International,Outdoor,2013-02-26,2013-03-03,0,31,1.0,2013-02-25,32,I,exact_normalized_location,True,True,absolute_round_label,1.0,1.0,1.0,1.0,False,2013-W-INT-MEX-01A-2013,Acapulco,1.0,1.0,2013-D001,Fed Cup WG R1: CZE vs AUS,0.0,0.0,31,31
2013,Auckland,ASB Classic,2013-W-INT-NZL-01A-2013,Auckland,Hard,Hard,-1,31,31,1.0,1.0,pair_overlap_verified+exact_normalized_location+date_window+surface_agreement+draw_compatible+absolute_round_label,accepted,1,International,Outdoor,2012-12-30,2013-01-05,0,31,1.0,2012-12-31,32,I,exact_normalized_location,True,True,absolute_round_label,1.0,1.0,1.0,1.0,False,2013-W-INT-NZL-01A-2013,Auckland,1.0,1.0,2013-W-INT-AUS-01A-2013,Hobart,0.032258,0.032258,31,31
2013,Bad Gastein,Gastein Ladies,2013-W-INT-AUT-01A-2013,Bad Gastein,Clay,Clay,0,31,31,1.0,1.0,pair_overlap_verified+exact_normalized_location+date_window+surface_agreement+draw_compatible+absolute_round_label,accepted,36,International,Outdoor,2013-07-15,2013-07-21,0,31,1.0,2013-07-15,32,I,exact_normalized_location,True,True,absolute_round_label,1.0,1.0,0.967742,0.967742,False,2013-W-INT-AUT-01A-2013,Bad Gastein,1.0,1.0,2013-W-INT-COL-01A-2013,Bogota,0.032258,0.032258,31,31
2013,Baku,Baku Cup,2013-W-INT-AZE-01A-2013,Baku,Hard,Hard,0,31,31,1.0,1.0,pair_overlap_verified+exact_normalized_location+date_window+surface_agreement+draw_compatible+absolute_round_label,accepted,38,International,Outdoor,2013-07-22,2013-07-28,0,31,1.0,2013-07-22,32,I,exact_normalized_location,True,True,absolute_round_label,1.0,1.0,0.903226,0.903226,False,2013-W-INT-AZE-01A-2013,Baku,1.0,1.0,2013-D001,Fed Cup WG R1: CZE vs AUS,0.0,0.0,31,31
2013,Bastad,Collector Swedish Open,2013-W-INT-SWE-01A-2013,Bastad,Clay,Clay,0,31,31,1.0,1.0,pair_overlap_verified+exact_normalized_location+date_window+surface_agreement+draw_compatible+absolute_round_label,accepted,37,International,Outdoor,2013-07-15,2013-07-21,0,31,1.0,2013-07-15,32,I,exact_normalized_location,True,True,absolute_round_label,1.0,1.0,0.870968,0.870968,True,2013-W-INT-SWE-01A-2013,Bastad,1.0,1.0,2013-D008,Fed Cup WG PO: USA vs SWE,0.032258,0.25,31,31
2013,Beijing,China Open,2013-W-PM-CHN-01A-2013,Beijing,Hard,Hard,-2,59,59,1.0,1.0,pair_overlap_verified+exact_normalized_location+date_window+surface_agreement+draw_compatible+absolute_round_label,accepted,51,Premier,Outdoor,2013-09-28,2013-10-06,0,59,1.0,2013-09-30,60,PM,exact_normalized_location,True,True,absolute_round_label,1.0,1.0,0.983051,0.983051,False,2013-W-PM-CHN-01A-2013,Beijing,1.0,1.0,2013-W-PR-CAN-01A-2013,Toronto,0.033898,0.036364,59,59
2013,Birmingham,AEGON Classic,2013-W-INT-GBR-01A-2013,Birmingham,Grass,Grass,0,55,55,1.0,1.0,pair_overlap_verified+exact_normalized_location+date_window+surface_agreement+draw_compatible+absolute_round_label,accepted,29,International,Outdoor,2013-06-10,2013-06-16,0,55,1.0,2013-06-10,56,I,exact_normalized_location,True,True,absolute_round_label,1.0,1.0,1.0,1.0,False,2013-W-INT-GBR-01A-2013,Birmingham,1.0,1.0,2013-W-PM-USA-01A-2013,Indian Wells,0.018182,0.010526,55,55
2013,Bogota,Copa Claro Colsanitas,2013-W-INT-COL-01A-2013,Bogota,Clay,Clay,0,31,31,1.0,1.0,pair_overlap_verified+exact_normalized_location+date_window+surface_agreement+draw_compatible+absolute_round_label,accepted,10,International,Outdoor,2013-02-18,2013-02-24,0,31,1.0,2013-02-18,32,I,exact_normalized_location,True,True,absolute_round_label,1.0,1.0,0.967742,0.967742,False,2013-W-INT-COL-01A-2013,Bogota,1.0,1.0,2013-W-INT-AUT-01A-2013,Bad Gastein,0.032258,0.032258,31,31
2013,Brisbane,Brisbane International,2013-W-PR-AUS-01A-2013,Brisbane,Hard,Hard,-1,29,29,1.0,1.0,pair_overlap_verified+exact_normalized_location+date_window+surface_agreement+draw_compatible+absolute_round_label,accepted,2,International,Outdoor,2012-12-30,2013-01-05,0,29,1.0,2012-12-31,30,P,exact_normalized_location,True,True,absolute_round_label,1.0,1.0,1.0,1.0,False,2013-W-PR-AUS-01A-2013,Brisbane,1.0,1.0,2013-D001,Fed Cup WG R1: CZE vs AUS,0.0,0.0,29,29
2013,Brussels,Brussels Open,2013-W-PR-BEL-01A-2013,Brussels,Clay,Clay,0,29,29,1.0,1.0,pair_overlap_verified+exact_normalized_location+date_window+surface_agreement+draw_compatible+absolute_round_label,accepted,26,Premier,Outdoor,2013-05-20,2013-05-25,0,29,1.0,2013-05-20,30,P,exact_normalized_location,True,True,absolute_round_label,1.0,1.0,1.0,1.0,False,2013-W-PR-BEL-01A-2013,Brussels,1.0,1.0,2013-D001,Fed Cup WG R1: CZE vs AUS,0.0,0.0,29,29
2013,Budapest,Hungarian Grand Prix,2013-W-INT-HUN-01A-2013,Budapest,Clay,Clay,0,30,30,1.0,1.0,pair_overlap_verified+exact_normalized_location+date_window+surface_agreement+draw_compatible+absolute_round_label,accepted,34,International,Outdoor,2013-07-08,2013-07-14,0,30,1.0,2013-07-08,31,I,exact_normalized_location,True,True,absolute_round_label,1.0,1.0,0.933333,0.933333,False,2013-W-INT-HUN-01A-2013,Budapest,1.0,1.0,2013-W-INT-POL-01A-2013,Katowice,0.033333,0.032258,30,30
2013,Carlsbad,Southern California Open,2013-W-PR-USA-04A-2013,Carlsbad,Hard,Hard,0,27,27,1.0,1.0,pair_overlap_verified+exact_normalized_location+date_window+surface_agreement+draw_compatible+absolute_round_label,accepted,40,Premier,Outdoor,2013-07-29,2013-08-04,0,27,1.0,2013-07-29,28,P,exact_normalized_location,True,True,absolute_round_label,1.0,1.0,1.0,1.0,False,2013-W-PR-USA-04A-2013,Carlsbad,1.0,1.0,2013-W-PR-USA-02A-2013,Stanford,0.037037,0.037037,27,27
2013,Charleston,Family Circle Cup,2013-W-PR-USA-01A-2013,Charleston,Clay,Clay,0,55,55,1.0,1.0,pair_overlap_verified+exact_normalized_location+date_window+surface_agreement+draw_compatible+absolute_round_label,accepted,18,Premier,Outdoor,2013-04-01,2013-04-07,0,55,1.0,2013-04-01,56,P,exact_normalized_location,True,True,absolute_round_label,1.0,1.0,0.981818,0.981818,False,2013-W-PR-USA-01A-2013,Charleston,1.0,1.0,2013-W-INT-POR-01A-2013,Oeiras,0.018182,0.032258,55,55
2013,Cincinnati,Western & Southern Financial Group Women's Open,2013-W-PR-USA-03A-2013,Cincinnati,Hard,Hard,0,55,55,1.0,1.0,pair_overlap_verified+exact_normalized_location+date_window+surface_agreement+draw_compatible+absolute_round_label,accepted,43,Premier,Outdoor,2013-08-12,2013-08-18,0,55,1.0,2013-08-12,56,P,exact_normalized_location,True,True,absolute_round_label,1.0,1.0,0.981818,0.981818,False,2013-W-PR-USA-03A-2013,Cincinnati,1.0,1.0,2013-W-PR-JPN-01A-2013,Tokyo,0.018182,0.018182,55,55
2013,Doha,Qatar Total Open,2013-W-PR-QAT-01A-2013,Doha,Hard,Hard,0,55,55,1.0,1.0,pair_overlap_verified+exact_normalized_location+date_window+surface_agreement+draw_compatible+absolute_round_label,accepted,9,Premier,Outdoor,2013-02-11,2013-02-17,0,55,1.0,2013-02-11,56,P,exact_normalized_location,True,True,absolute_round_label,1.0,1.0,0.909091,0.909091,False,2013-W-PR-QAT-01A-2013,Doha,1.0,1.0,2013-W-WT-TUR-01A-2013,WTA Championships,0.036364,0.133333,55,55
2013,Dubai,Dubai Duty Free Tennis Championships,2013-W-PR-UAE-01A-2013,Dubai,Hard,Hard,0,27,27,1.0,1.0,pair_overlap_verified+exact_normalized_location+date_window+surface_agreement+draw_compatible+absolute_round_label,accepted,11,Premier,Outdoor,2013-02-18,2013-02-23,0,27,1.0,2013-02-18,28,P,exact_normalized_location,True,True,absolute_round_label,1.0,1.0,0.962963,0.962963,False,2013-W-PR-UAE-01A-2013,Dubai,1.0,1.0,2013-D005,Fed Cup WG SF: ITA vs CZE,0.037037,0.25,27,27
2013,Eastbourne,AEGON International,2013-W-PR-GBR-01A-2013,Eastbourne,Grass,Grass,0,31,31,1.0,1.0,pair_overlap_verified+exact_normalized_location+date_window+surface_agreement+draw_compatible+absolute_round_label,accepted,31,Premier,Outdoor,2013-06-17,2013-06-22,0,31,1.0,2013-06-17,32,P,exact_normalized_location,True,True,absolute_round_label,1.0,1.0,0.967742,0.967742,False,2013-W-PR-GBR-01A-2013,Eastbourne,1.0,1.0,2013-W-PR-JPN-01A-2013,Tokyo,0.032258,0.018182,31,31
2013,Florianopolis,Brasil Tennis Cup,2013-W-INT-BRA-01A-2013,Florianopolis,Hard,Hard,-1,31,31,1.0,1.0,pair_overlap_verified+exact_normalized_location+date_window+surface_agreement+draw_compatible+absolute_round_label,accepted,14,International,Outdoor,2013-02-24,2013-03-02,0,31,1.0,2013-02-25,32,I,exact_normalized_location,True,True,absolute_round_label,1.0,1.0,0.935484,0.935484,False,2013-W-INT-BRA-01A-2013,Florianopolis,1.0,1.0,2013-W-INT-MEX-02A-2013,Monterrey,0.032258,0.032258,31,31
2013,Guangzhou,Guangzhou Open,2013-W-INT-CHN-02A-2013,Guangzhou,Hard,Hard,0,31,31,1.0,1.0,pair_overlap_verified+exact_normalized_location+date_window+surface_agreement+draw_compatible+absolute_round_label,accepted,48,International,Outdoor,2013-09-16,2013-09-21,0,31,1.0,2013-09-16,32,I,exact_normalized_location,True,True,absolute_round_label,1.0,1.0,1.0,1.0,False,2013-W-INT-CHN-02A-2013,Guangzhou,1.0,1.0,2013-D001,Fed Cup WG R1: CZE vs AUS,0.0,0.0,31,31
2013,Hobart,Moorilla Hobart International,2013-W-INT-AUS-01A-2013,Hobart,Hard,Hard,-1,31,31,1.0,1.0,pair_overlap_verified+exact_normalized_location+date_window+surface_agreement+draw_compatible+absolute_round_label,accepted,4,International,Outdoor,2013-01-06,2013-01-12,0,31,1.0,2013-01-07,32,I,exact_normalized_location,True,True,absolute_round_label,1.0,1.0,0.935484,0.935484,False,2013-W-INT-AUS-01A-2013,Hobart,1.0,1.0,2013-W-INT-NED-01A-2013,'s Hertogenbosch,0.032258,0.032258,31,31
2013,Indian Wells,BNP Paribas Open,2013-W-PM-USA-01A-2013,Indian Wells,Hard,Hard,2,95,95,1.0,1.0,pair_overlap_verified+exact_normalized_location+date_window+surface_agreement+draw_compatible+absolute_round_label,accepted,16,Premier,Outdoor,2013-03-06,2013-03-17,0,95,1.0,2013-03-04,96,PM,exact_normalized_location,True,True,absolute_round_label,1.0,1.0,0.968421,0.968421,False,2013-W-PM-USA-01A-2013,Indian Wells,1.0,1.0,2013-W-PM-USA-02A-2013,Miami,0.021053,0.021053,95,95
2013,Istanbul,Sony Ericsson Championships,2013-W-WT-TUR-01A-2013,WTA Championships,Hard,Hard,1,15,15,1.0,1.0,pair_overlap_verified+name_unmatched+date_window+surface_agreement+draw_compatible+absolute_round_label,accepted,56,Tour Championships,Indoor,2013-10-22,2013-10-27,0,15,1.0,2013-10-21,4,F,none,True,True,absolute_round_label,1.0,1.0,1.0,1.0,False,2013-W-WT-TUR-01A-2013,WTA Championships,1.0,1.0,2013-W-PR-UAE-01A-2013,Dubai,0.066667,0.037037,15,15
2013,Katowice,BNP Paribas Katowice Open,2013-W-INT-POL-01A-2013,Katowice,Clay,Clay,0,31,31,1.0,1.0,pair_overlap_verified+exact_normalized_location+date_window+surface_agreement+draw_compatible+absolute_round_label,accepted,20,International,Indoor,2013-04-08,2013-04-14,0,31,1.0,2013-04-08,32,I,exact_normalized_location,True,True,absolute_round_label,1.0,1.0,0.935484,0.935484,False,2013-W-INT-POL-01A-2013,Katowice,1.0,1.0,2013-D005,Fed Cup WG SF: ITA vs CZE,0.032258,0.25,31,31
2013,Kuala Lumpur,Malaysia Open,2013-W-INT-MAS-01A-2013,Kuala Lumpur,Hard,Hard,1,31,31,1.0,1.0,pair_overlap_verified+exact_normalized_location+date_window+surface_agreement+draw_compatible+absolute_round_label,accepted,15,International,Outdoor,2013-02-26,2013-03-03,0,31,1.0,2013-02-25,32,I,exact_normalized_location,True,True,absolute_round_label,1.0,1.0,1.0,1.0,False,2013-W-INT-MAS-01A-2013,Kuala Lumpur,1.0,1.0,2013-D001,Fed Cup WG R1: CZE vs AUS,0.0,0.0,31,31
2013,Linz,Generali Ladies Linz,2013-W-INT-AUT-02A-2013,Linz,Hard,Hard,0,31,31,1.0,1.0,pair_overlap_verified+exact_normalized_location+date_window+surface_agreement+draw_compatible+absolute_round_label,accepted,52,International,Indoor,2013-10-07,2013-10-13,0,31,1.0,2013-10-07,32,I,exact_normalized_location,True,True,absolute_round_label,1.0,1.0,0.967742,0.967742,False,2013-W-INT-AUT-02A-2013,Linz,1.0,1.0,2013-W-INT-LUX-01A-2013,Luxembourg,0.032258,0.032258,31,31
2013,London,Wimbledon,2013-W-SL-GBR-01A-2013,Wimbledon,Grass,Grass,0,127,127,1.0,1.0,pair_overlap_verified+exact_normalized_tournament+date_window+surface_agreement+draw_compatible+absolute_round_label,accepted,33,Grand Slam,Outdoor,2013-06-24,2013-07-06,0,127,1.0,2013-06-24,128,G,exact_normalized_tournament,True,True,absolute_round_label,1.0,1.0,0.976378,0.976378,False,2013-W-SL-GBR-01A-2013,Wimbledon,1.0,1.0,2013-W-PM-CHN-01A-2013,Beijing,0.007874,0.016949,127,127
2013,Luxembourg,BGL BNP Paribas Luxembourg Open,2013-W-INT-LUX-01A-2013,Luxembourg,Hard,Hard,0,31,31,1.0,1.0,pair_overlap_verified+exact_normalized_location+date_window+surface_agreement+draw_compatible+absolute_round_label,accepted,54,International,Indoor,2013-10-14,2013-10-20,0,31,1.0,2013-10-14,32,I,exact_normalized_location,True,True,absolute_round_label,1.0,1.0,1.0,1.0,False,2013-W-INT-LUX-01A-2013,Luxembourg,1.0,1.0,2013-W-INT-AUT-02A-2013,Linz,0.032258,0.032258,31,31
2013,Madrid,Mutua Madrid Open,2013-W-PM-ESP-01A-2013,Madrid,Clay,Clay,-2,63,63,1.0,1.0,pair_overlap_verified+exact_normalized_location+date_window+surface_agreement+draw_compatible+absolute_round_label,accepted,24,Premier,Outdoor,2013-05-04,2013-05-12,0,63,1.0,2013-05-06,64,PM,exact_normalized_location,True,True,absolute_round_label,1.0,1.0,0.984127,0.984127,False,2013-W-PM-ESP-01A-2013,Madrid,1.0,1.0,2013-W-PM-CHN-01A-2013,Beijing,0.015873,0.016949,63,63
2013,Marrakech,Grand Prix de SAR La Princesse Lalla Meryem,2013-W-INT-MAR-01A-2013,Marrakech,Clay,Clay,0,31,31,1.0,1.0,pair_overlap_verified+exact_normalized_location+date_window+surface_agreement+draw_compatible+absolute_round_label,accepted,21,International,Outdoor,2013-04-22,2013-04-28,0,31,1.0,2013-04-22,32,I,exact_normalized_location,True,True,absolute_round_label,1.0,1.0,1.0,1.0,False,2013-W-INT-MAR-01A-2013,Marrakech,1.0,1.0,2013-W-INT-COL-01A-2013,Bogota,0.032258,0.032258,31,31
2013,Melbourne,Australian Open,2013-W-SL-AUS-01A-2013,Australian Open,Hard,Hard,0,127,127,1.0,1.0,pair_overlap_verified+exact_normalized_tournament+date_window+surface_agreement+draw_compatible+absolute_round_label,accepted,6,Grand Slam,Outdoor,2013-01-14,2013-01-26,0,127,1.0,2013-01-14,128,G,exact_normalized_tournament,True,True,absolute_round_label,1.0,1.0,0.968504,0.968504,False,2013-W-SL-AUS-01A-2013,Australian Open,1.0,1.0,2013-W-PM-CHN-01A-2013,Beijing,0.015748,0.033898,127,127
2013,Memphis,US National Indoor Tennis Championships,2013-W-INT-USA-01A-2013,Memphis,Hard,Hard,-1,31,31,0.967742,0.967742,pair_overlap_verified+exact_normalized_location+date_window+surface_agreement+draw_compatible+absolute_round_label,accepted,12,International,Indoor,2013-02-17,2013-02-24,0,31,1.0,2013-02-18,32,I,exact_normalized_location,True,True,absolute_round_label,0.967742,0.967742,0.967742,0.967742,False,2013-W-INT-USA-01A-2013,Memphis,0.967742,0.967742,2013-D001,Fed Cup WG R1: CZE vs AUS,0.0,0.0,31,31
2013,Miami,Sony Ericsson Open,2013-W-PM-USA-02A-2013,Miami,Hard,Hard,1,95,95,1.0,1.0,pair_overlap_verified+exact_normalized_location+date_window+surface_agreement+draw_compatible+absolute_round_label,accepted,17,Premier,Outdoor,2013-03-19,2013-03-30,0,95,1.0,2013-03-18,96,PM,exact_normalized_location,True,True,absolute_round_label,1.0,1.0,0.968421,0.968421,False,2013-W-PM-USA-02A-2013,Miami,1.0,1.0,2013-W-PR-CAN-01A-2013,Toronto,0.031579,0.054545,95,95
2013,Monterrey,Monterrey Open,2013-W-INT-MEX-02A-2013,Monterrey,Hard,Hard,0,31,31,1.0,1.0,pair_overlap_verified+exact_normalized_location+date_window+surface_agreement+draw_compatible+absolute_round_label,accepted,19,International,Outdoor,2013-04-01,2013-04-07,0,31,1.0,2013-04-01,32,I,exact_normalized_location,True,True,absolute_round_label,1.0,1.0,0.967742,0.967742,False,2013-W-INT-MEX-02A-2013,Monterrey,1.0,1.0,2013-W-INT-BRA-01A-2013,Florianopolis,0.032258,0.032258,31,31
2013,Moscow,Kremlin Cup,2013-W-PR-RUS-01A-2013,Moscow,Hard,Hard,0,27,27,1.0,1.0,pair_overlap_verified+exact_normalized_location+date_window+surface_agreement+draw_compatible+absolute_round_label,accepted,55,International,Indoor,2013-10-14,2013-10-20,0,27,1.0,2013-10-14,28,P,exact_normalized_location,True,True,absolute_round_label,1.0,1.0,0.925926,0.925926,False,2013-W-PR-RUS-01A-2013,Moscow,1.0,1.0,2013-W-CHA-BUL-01A-2013,Tournament of Champions,0.037037,0.066667,27,27
2013,New Haven,New Haven Open at Yale,2013-W-PR-USA-05A-2013,New Haven,Hard,Hard,-1,29,29,1.0,1.0,pair_overlap_verified+exact_normalized_location+date_window+surface_agreement+draw_compatible+absolute_round_label,accepted,44,Premier,Outdoor,2013-08-18,2013-08-24,0,29,1.0,2013-08-19,30,P,exact_normalized_location,True,True,absolute_round_label,1.0,1.0,0.862069,0.862069,True,2013-W-PR-USA-05A-2013,New Haven,1.0,1.0,2013-W-PR-GER-01A-2013,Stuttgart,0.034483,0.037037,29,29
2013,New York,US Open,2013-W-SL-USA-01A-2013,US Open,Hard,Hard,0,127,127,1.0,1.0,pair_overlap_verified+exact_normalized_tournament+date_window+surface_agreement+draw_compatible+absolute_round_label,accepted,45,Grand Slam,Outdoor,2013-08-26,2013-09-08,0,127,1.0,2013-08-26,128,G,exact_normalized_tournament,True,True,absolute_round_label,1.0,1.0,0.992126,0.992126,False,2013-W-SL-USA-01A-2013,US Open,1.0,1.0,2013-W-PR-ITA-01A-2013,Rome,0.015748,0.036364,127,127
2013,Nürnberg,Nürnberger Versicherungscup,2013-W-INT-GER-01A-2013,Nuremberg,Clay,Clay,1,31,31,1.0,1.0,pair_overlap_verified+name_unmatched+date_window+surface_agreement+draw_compatible+absolute_round_label,accepted,30,International,Outdoor,2013-06-11,2013-06-15,0,31,1.0,2013-06-10,32,I,none,True,True,absolute_round_label,1.0,1.0,0.967742,0.967742,False,2013-W-INT-GER-01A-2013,Nuremberg,1.0,1.0,2013-D001,Fed Cup WG R1: CZE vs AUS,0.0,0.0,31,31
2013,Oeiras,Portugal Open,2013-W-INT-POR-01A-2013,Oeiras,Clay,Clay,0,31,31,1.0,1.0,pair_overlap_verified+exact_normalized_location+date_window+surface_agreement+draw_compatible+absolute_round_label,accepted,23,International,Outdoor,2013-04-29,2013-05-04,0,31,1.0,2013-04-29,32,I,exact_normalized_location,True,True,absolute_round_label,1.0,1.0,1.0,1.0,False,2013-W-INT-POR-01A-2013,Oeiras,1.0,1.0,2013-W-PR-USA-01A-2013,Charleston,0.032258,0.018182,31,31
2013,Osaka,HP Open,2013-W-INT-JPN-01A-2013,Osaka,Hard,Hard,0,31,31,1.0,1.0,pair_overlap_verified+exact_normalized_location+date_window+surface_agreement+draw_compatible+absolute_round_label,accepted,53,International,Outdoor,2013-10-07,2013-10-13,0,31,1.0,2013-10-07,32,I,exact_normalized_location,True,True,absolute_round_label,1.0,1.0,1.0,1.0,False,2013-W-INT-JPN-01A-2013,Osaka,1.0,1.0,2013-D001,Fed Cup WG R1: CZE vs AUS,0.0,0.0,31,31
2013,Palermo,Italiacom Open,2013-W-INT-ITA-01A-2013,Palermo,Clay,Clay,0,31,31,1.0,1.0,pair_overlap_verified+exact_normalized_location+date_window+surface_agreement+draw_compatible+absolute_round_label,accepted,35,International,Outdoor,2013-07-08,2013-07-14,0,31,1.0,2013-07-08,32,I,exact_normalized_location,True,True,absolute_round_label,1.0,1.0,0.870968,0.870968,True,2013-W-INT-ITA-01A-2013,Palermo,1.0,1.0,2013-D001,Fed Cup WG R1: CZE vs AUS,0.0,0.0,31,31
2013,Paris,French Open,2013-W-SL-FRA-01A-2013,Roland Garros,Clay,Clay,-1,127,127,1.0,1.0,pair_overlap_verified+name_unmatched+date_window+surface_agreement+draw_compatible+absolute_round_label,accepted,28,Grand Slam,Outdoor,2013-05-26,2013-06-08,0,127,1.0,2013-05-27,128,G,none,True,True,absolute_round_label,1.0,1.0,0.984252,0.984252,False,2013-W-SL-FRA-01A-2013,Roland Garros,1.0,1.0,2013-W-PM-USA-02A-2013,Miami,0.023622,0.031579,127,127
2013,Paris,Open GDF Suez,2013-W-PR-FRA-01A-2013,Paris,Hard,Carpet,0,27,27,1.0,1.0,pair_overlap_verified+exact_normalized_location+date_window+draw_compatible+absolute_round_label,accepted,7,Premier,Indoor,2013-01-28,2013-02-03,0,27,1.0,2013-01-28,28,P,exact_normalized_location,False,True,absolute_round_label,1.0,1.0,0.925926,0.925926,False,2013-W-PR-FRA-01A-2013,Paris,1.0,1.0,2013-D001,Fed Cup WG R1: CZE vs AUS,0.0,0.0,27,27
2013,Pattaya,Pattaya Women's Open,2013-W-INT-THA-01A-2013,Pattaya,Hard,Hard,0,31,31,1.0,1.0,pair_overlap_verified+exact_normalized_location+date_window+surface_agreement+draw_compatible+absolute_round_label,accepted,8,International,Outdoor,2013-01-28,2013-02-03,0,31,1.0,2013-01-28,32,I,exact_normalized_location,True,True,absolute_round_label,1.0,1.0,0.967742,0.967742,False,2013-W-INT-THA-01A-2013,Pattaya,1.0,1.0,2013-D001,Fed Cup WG R1: CZE vs AUS,0.0,0.0,31,31
2013,Quebec,Bell Challenge,2013-W-INT-CAN-01A-2013,Quebec City,Hard,Hard,0,31,31,1.0,1.0,pair_overlap_verified+token_overlap+date_window+surface_agreement+draw_compatible+absolute_round_label,accepted,46,International,Indoor,2013-09-09,2013-09-15,0,31,1.0,2013-09-09,32,I,token_overlap,True,True,absolute_round_label,1.0,1.0,1.0,1.0,False,2013-W-INT-CAN-01A-2013,Quebec City,1.0,1.0,2013-D001,Fed Cup WG R1: CZE vs AUS,0.0,0.0,31,31
2013,Rome,Internazionali BNL d'Italia,2013-W-PR-ITA-01A-2013,Rome,Clay,Clay,0,55,55,1.0,1.0,pair_overlap_verified+exact_normalized_location+date_window+surface_agreement+draw_compatible+absolute_round_label,accepted,25,Premier,Outdoor,2013-05-13,2013-05-19,0,55,1.0,2013-05-13,56,P,exact_normalized_location,True,True,absolute_round_label,1.0,1.0,1.0,1.0,False,2013-W-PR-ITA-01A-2013,Rome,1.0,1.0,2013-W-PM-USA-02A-2013,Miami,0.036364,0.021053,55,55
2013,Seoul,KDB Korea Open,2013-W-INT-KOR-01A-2013,Seoul,Hard,Hard,0,31,31,1.0,1.0,pair_overlap_verified+exact_normalized_location+date_window+surface_agreement+draw_compatible+absolute_round_label,accepted,49,International,Outdoor,2013-09-16,2013-09-22,0,31,1.0,2013-09-16,32,I,exact_normalized_location,True,True,absolute_round_label,1.0,1.0,0.935484,0.935484,False,2013-W-INT-KOR-01A-2013,Seoul,1.0,1.0,2013-D001,Fed Cup WG R1: CZE vs AUS,0.0,0.0,31,31
2013,Shenzhen,Shenzhen Longgang Gemdale Open,2013-W-INT-CHN-01A-2013,Shenzhen,Hard,Hard,-1,31,31,1.0,1.0,pair_overlap_verified+exact_normalized_location+date_window+surface_agreement+draw_compatible+absolute_round_label,accepted,3,International,Outdoor,2012-12-30,2013-01-05,0,31,1.0,2012-12-31,32,I,exact_normalized_location,True,True,absolute_round_label,1.0,1.0,0.83871,0.83871,True,2013-W-INT-CHN-01A-2013,Shenzhen,1.0,1.0,2013-D001,Fed Cup WG R1: CZE vs AUS,0.0,0.0,31,31
2013,Sofia,Garanti Koza WTA Tournament of Champions,2013-W-CHA-BUL-01A-2013,Tournament of Champions,Hard,Hard,1,15,15,1.0,1.0,pair_overlap_verified+token_subset+date_window+surface_agreement+draw_compatible+absolute_round_label,accepted,57,International,Indoor,2013-10-29,2013-11-03,0,15,1.0,2013-10-28,4,F,token_subset,True,True,absolute_round_label,1.0,1.0,1.0,1.0,False,2013-W-CHA-BUL-01A-2013,Tournament of Champions,1.0,1.0,2013-W-PR-RUS-01A-2013,Moscow,0.066667,0.037037,15,15
2013,Stanford,Bank of the West Classic,2013-W-PR-USA-02A-2013,Stanford,Hard,Hard,0,27,27,1.0,1.0,pair_overlap_verified+exact_normalized_location+date_window+surface_agreement+draw_compatible+absolute_round_label,accepted,39,Premier,Outdoor,2013-07-22,2013-07-28,0,27,1.0,2013-07-22,28,P,exact_normalized_location,True,True,absolute_round_label,1.0,1.0,1.0,1.0,False,2013-W-PR-USA-02A-2013,Stanford,1.0,1.0,2013-W-PR-USA-04A-2013,Carlsbad,0.037037,0.037037,27,27
2013,Strasbourg,Internationaux de Strasbourg,2013-W-INT-FRA-01A-2013,Strasbourg,Clay,Clay,1,31,31,1.0,1.0,pair_overlap_verified+exact_normalized_location+date_window+surface_agreement+draw_compatible+absolute_round_label,accepted,27,International,Outdoor,2013-05-21,2013-05-25,0,31,1.0,2013-05-20,32,I,exact_normalized_location,True,True,absolute_round_label,1.0,1.0,1.0,1.0,False,2013-W-INT-FRA-01A-2013,Strasbourg,1.0,1.0,2013-D001,Fed Cup WG R1: CZE vs AUS,0.0,0.0,31,31
2013,Stuttgart,Porsche Tennis Grand Prix,2013-W-PR-GER-01A-2013,Stuttgart,Clay,Clay,1,27,27,1.0,1.0,pair_overlap_verified+exact_normalized_location+date_window+surface_agreement+draw_compatible+absolute_round_label,accepted,22,Premier,Outdoor,2013-04-23,2013-04-28,0,27,1.0,2013-04-22,28,P,exact_normalized_location,True,True,absolute_round_label,1.0,1.0,1.0,1.0,False,2013-W-PR-GER-01A-2013,Stuttgart,1.0,1.0,2013-W-PR-USA-05A-2013,New Haven,0.037037,0.034483,27,27
2013,Sydney,Apai International,2013-W-PR-AUS-02A-2013,Sydney,Hard,Hard,-1,29,29,1.0,1.0,pair_overlap_verified+exact_normalized_location+date_window+surface_agreement+draw_compatible+absolute_round_label,accepted,5,Premier,Outdoor,2013-01-06,2013-01-11,0,29,1.0,2013-01-07,30,P,exact_normalized_location,True,True,absolute_round_label,1.0,1.0,1.0,1.0,False,2013-W-PR-AUS-02A-2013,Sydney,1.0,1.0,2013-W-PR-ITA-01A-2013,Rome,0.034483,0.018182,29,29
2013,Tashkent,Tashkent Open,2013-W-INT-UZB-01A-2013,Tashkent,Hard,Hard,0,31,31,1.0,1.0,pair_overlap_verified+exact_normalized_location+date_window+surface_agreement+draw_compatible+absolute_round_label,accepted,47,International,Outdoor,2013-09-09,2013-09-14,0,31,1.0,2013-09-09,32,I,exact_normalized_location,True,True,absolute_round_label,1.0,1.0,0.967742,0.967742,False,2013-W-INT-UZB-01A-2013,Tashkent,1.0,1.0,2013-D001,Fed Cup WG R1: CZE vs AUS,0.0,0.0,31,31
2013,Tokyo,Toray Pan Pacific Open,2013-W-PR-JPN-01A-2013,Tokyo,Hard,Hard,-1,55,55,1.0,1.0,pair_overlap_verified+exact_normalized_location+date_window+surface_agreement+draw_compatible+absolute_round_label,accepted,50,Premier,Outdoor,2013-09-22,2013-09-28,0,55,1.0,2013-09-23,56,P,exact_normalized_location,True,True,absolute_round_label,1.0,1.0,0.963636,0.963636,False,2013-W-PR-JPN-01A-2013,Tokyo,1.0,1.0,2013-W-PR-GBR-01A-2013,Eastbourne,0.018182,0.032258,55,55
2013,Toronto,Rogers Cup,2013-W-PR-CAN-01A-2013,Toronto,Hard,Hard,0,55,55,1.0,1.0,pair_overlap_verified+exact_normalized_location+date_window+surface_agreement+draw_compatible+absolute_round_label,accepted,42,Premier,Outdoor,2013-08-05,2013-08-11,0,55,1.0,2013-08-05,56,P,exact_normalized_location,True,True,absolute_round_label,1.0,1.0,0.963636,0.963636,False,2013-W-PR-CAN-01A-2013,Toronto,1.0,1.0,2013-W-PM-CHN-01A-2013,Beijing,0.036364,0.033898,55,55
2013,Washington,Citi Open,2013-W-INT-USA-02A-2013,Washington,Hard,Hard,0,31,31,1.0,1.0,pair_overlap_verified+exact_normalized_location+date_window+surface_agreement+draw_compatible+absolute_round_label,accepted,41,International,Outdoor,2013-07-29,2013-08-04,0,31,1.0,2013-07-29,32,I,exact_normalized_location,True,True,absolute_round_label,1.0,1.0,1.0,1.0,False,2013-W-INT-USA-02A-2013,Washington,1.0,1.0,2013-D001,Fed Cup WG R1: CZE vs AUS,0.0,0.0,31,31
2014,'s-Hertogenbosch,Topshelf Open,2014-W-INT-NED-01A-2014,s Hertogenbosch,Grass,Grass,-1,31,31,1.0,1.0,pair_overlap_verified+exact_normalized_location+date_window+surface_agreement+draw_compatible+absolute_round_label,accepted,31,International,Outdoor,2014-06-15,2014-06-21,0,31,1.0,2014-06-16,32,I,exact_normalized_location,True,True,absolute_round_label,1.0,1.0,1.0,1.0,False,2014-W-INT-NED-01A-2014,s Hertogenbosch,1.0,1.0,2014-D001,Fed Cup WG R1: USA vs ITA,0.0,0.0,31,31
2014,Acapulco,Abierto Mexicano,2014-W-INT-MEX-01A-2014,Acapulco,Clay,Hard,0,31,31,1.0,1.0,pair_overlap_verified+exact_normalized_location+date_window+draw_compatible+absolute_round_label,accepted,12,International,Outdoor,2014-02-24,2014-03-02,0,31,1.0,2014-02-24,32,I,exact_normalized_location,False,True,absolute_round_label,1.0,1.0,0.967742,0.967742,False,2014-W-INT-MEX-01A-2014,Acapulco,1.0,1.0,2014-D001,Fed Cup WG R1: USA vs ITA,0.0,0.0,31,31
2014,Auckland,ASB Classic,2014-W-INT-NZL-01A-2014,Auckland,Hard,Hard,0,31,31,1.0,1.0,pair_overlap_verified+exact_normalized_location+date_window+surface_agreement+draw_compatible+absolute_round_label,accepted,1,International,Outdoor,2013-12-30,2014-01-04,0,31,1.0,2013-12-30,32,I,exact_normalized_location,True,True,absolute_round_label,1.0,1.0,1.0,1.0,False,2014-W-INT-NZL-01A-2014,Auckland,1.0,1.0,2014-D001,Fed Cup WG R1: USA vs ITA,0.0,0.0,31,31
2014,Bad Gastein,Gastein Ladies,2014-W-INT-AUT-01A-2014,Bad Gastein,Clay,Clay,0,31,31,1.0,1.0,pair_overlap_verified+exact_normalized_location+date_window+surface_agreement+draw_compatible+absolute_round_label,accepted,33,International,Outdoor,2014-07-07,2014-07-13,0,31,1.0,2014-07-07,32,I,exact_normalized_location,True,True,absolute_round_label,1.0,1.0,1.0,1.0,False,2014-W-INT-AUT-01A-2014,Bad Gastein,1.0,1.0,2014-W-INT-SWE-01A-2014,Bastad,0.032258,0.032258,31,31
2014,Baku,Baku Cup,2014-W-INT-AZE-01A-2014,Baku,Hard,Hard,0,31,31,1.0,1.0,pair_overlap_verified+exact_normalized_location+date_window+surface_agreement+draw_compatible+absolute_round_label,accepted,37,International,Outdoor,2014-07-21,2014-07-27,0,31,1.0,2014-07-21,32,I,exact_normalized_location,True,True,absolute_round_label,1.0,1.0,1.0,1.0,False,2014-W-INT-AZE-01A-2014,Baku,1.0,1.0,2014-D001,Fed Cup WG R1: USA vs ITA,0.0,0.0,31,31
2014,Bastad,Collector Swedish Open,2014-W-INT-SWE-01A-2014,Bastad,Clay,Clay,0,31,31,1.0,1.0,pair_overlap_verified+exact_normalized_location+date_window+surface_agreement+draw_compatible+absolute_round_label,accepted,35,International,Outdoor,2014-07-14,2014-07-20,0,31,1.0,2014-07-14,32,I,exact_normalized_location,True,True,absolute_round_label,1.0,1.0,1.0,1.0,False,2014-W-INT-SWE-01A-2014,Bastad,1.0,1.0,2014-W-INT-AUT-01A-2014,Bad Gastein,0.032258,0.032258,31,31
2014,Beijing,China Open,2014-W-PM-CHN-01A-2014,Beijing,Hard,Hard,-2,59,59,1.0,1.0,pair_overlap_verified+exact_normalized_location+date_window+surface_agreement+draw_compatible+absolute_round_label,accepted,51,Premier,Outdoor,2014-09-27,2014-10-05,0,59,1.0,2014-09-29,60,PM,exact_normalized_location,True,True,absolute_round_label,1.0,1.0,1.0,1.0,False,2014-W-PM-CHN-01A-2014,Beijing,1.0,1.0,2014-W-PR-CHN-01A-2014,Wuhan,0.033898,0.036364,59,59
2014,Birmingham,AEGON Classic,2014-W-PR-GBR-01A-2014,Birmingham,Grass,Grass,0,55,55,1.0,1.0,pair_overlap_verified+exact_normalized_location+date_window+surface_agreement+draw_compatible+absolute_round_label,accepted,29,International,Outdoor,2014-06-09,2014-06-15,0,55,1.0,2014-06-09,56,P,exact_normalized_location,True,True,absolute_round_label,1.0,1.0,1.0,1.0,False,2014-W-PR-GBR-01A-2014,Birmingham,1.0,1.0,2014-D001,Fed Cup WG R1: USA vs ITA,0.0,0.0,55,55
2014,Bogota,Copa Claro Colsanitas,2014-W-INT-COL-01A-2014,Bogota,Clay,Clay,0,31,31,1.0,1.0,pair_overlap_verified+exact_normalized_location+date_window+surface_agreement+draw_compatible+absolute_round_label,accepted,18,International,Outdoor,2014-04-07,2014-04-13,0,31,1.0,2014-04-07,32,I,exact_normalized_location,True,True,absolute_round_label,1.0,1.0,1.0,1.0,False,2014-W-INT-COL-01A-2014,Bogota,1.0,1.0,2014-D001,Fed Cup WG R1: USA vs ITA,0.0,0.0,31,31
2014,Brisbane,Brisbane International,2014-W-PR-AUS-01A-2014,Brisbane,Hard,Hard,-1,29,29,1.0,1.0,pair_overlap_verified+exact_normalized_location+date_window+surface_agreement+draw_compatible+absolute_round_label,accepted,2,Premier,Outdoor,2013-12-29,2014-01-04,0,29,1.0,2013-12-30,30,P,exact_normalized_location,True,True,absolute_round_label,1.0,1.0,1.0,1.0,False,2014-W-PR-AUS-01A-2014,Brisbane,1.0,1.0,2014-W-PM-USA-02A-2014,Miami,0.034483,0.010526,29,29
2014,Bucharest,Bucharest Open,2014-W-INT-ROU-01A-2014,Bucharest,Clay,Clay,0,31,31,1.0,1.0,pair_overlap_verified+exact_normalized_location+date_window+surface_agreement+draw_compatible+absolute_round_label,accepted,34,International,Outdoor,2014-07-07,2014-07-13,0,31,1.0,2014-07-07,32,I,exact_normalized_location,True,True,absolute_round_label,1.0,1.0,1.0,1.0,False,2014-W-INT-ROU-01A-2014,Bucharest,1.0,1.0,2014-D001,Fed Cup WG R1: USA vs ITA,0.0,0.0,31,31
2014,Charleston,Family Circle Cup,2014-W-PR-USA-01A-2014,Charleston,Clay,Clay,0,55,55,1.0,1.0,pair_overlap_verified+exact_normalized_location+date_window+surface_agreement+draw_compatible+absolute_round_label,accepted,16,Premier,Outdoor,2014-03-31,2014-04-06,0,55,1.0,2014-03-31,56,P,exact_normalized_location,True,True,absolute_round_label,1.0,1.0,1.0,1.0,False,2014-W-PR-USA-01A-2014,Charleston,1.0,1.0,2014-D001,Fed Cup WG R1: USA vs ITA,0.0,0.0,55,55
2014,Cincinnati,Western & Southern Financial Group Women's Open,2014-W-PR-USA-03A-2014,Cincinnati,Hard,Hard,0,55,55,1.0,1.0,pair_overlap_verified+exact_normalized_location+date_window+surface_agreement+draw_compatible+absolute_round_label,accepted,41,Premier,Outdoor,2014-08-11,2014-08-17,0,55,1.0,2014-08-11,56,P,exact_normalized_location,True,True,absolute_round_label,1.0,1.0,1.0,1.0,False,2014-W-PR-USA-03A-2014,Cincinnati,1.0,1.0,2014-W-PR-CAN-01A-2014,Montreal,0.036364,0.036364,55,55
2014,Doha,Qatar Total Open,2014-W-PR-QAT-01A-2014,Doha,Hard,Hard,0,55,55,1.0,1.0,pair_overlap_verified+exact_normalized_location+date_window+surface_agreement+draw_compatible+absolute_round_label,accepted,9,Premier,Outdoor,2014-02-10,2014-02-16,0,55,1.0,2014-02-10,56,P,exact_normalized_location,True,True,absolute_round_label,1.0,1.0,0.945455,0.945455,False,2014-W-PR-QAT-01A-2014,Doha,1.0,1.0,2014-W-PR-FRA-01A-2014,Paris,0.018182,0.037037,55,55
2014,Dubai,Dubai Duty Free Tennis Championships,2014-W-PR-UAE-01A-2014,Dubai,Hard,Hard,0,27,27,1.0,1.0,pair_overlap_verified+exact_normalized_location+date_window+surface_agreement+draw_compatible+absolute_round_label,accepted,10,Premier,Outdoor,2014-02-17,2014-02-22,0,27,1.0,2014-02-17,28,P,exact_normalized_location,True,True,absolute_round_label,1.0,1.0,1.0,1.0,False,2014-W-PR-UAE-01A-2014,Dubai,1.0,1.0,2014-W-WT-SIN-01A-2014,WTA Finals,0.037037,0.066667,27,27
2014,Eastbourne,AEGON International,2014-W-PR-GBR-02A-2014,Eastbourne,Grass,Grass,0,31,31,1.0,1.0,pair_overlap_verified+exact_normalized_location+date_window+surface_agreement+draw_compatible+absolute_round_label,accepted,30,Premier,Outdoor,2014-06-16,2014-06-21,0,31,1.0,2014-06-16,32,P,exact_normalized_location,True,True,absolute_round_label,1.0,1.0,1.0,1.0,False,2014-W-PR-GBR-02A-2014,Eastbourne,1.0,1.0,2014-W-SL-AUS-01A-2014,Australian Open,0.032258,0.007874,31,31
2014,Florianopolis,Brasil Tennis Cup,2014-W-INT-BRA-02A-2014,Florianopolis,Hard,Hard,0,31,31,1.0,1.0,pair_overlap_verified+exact_normalized_location+date_window+surface_agreement+draw_compatible+absolute_round_label,accepted,13,International,Outdoor,2014-02-24,2014-03-01,0,31,1.0,2014-02-24,32,I,exact_normalized_location,True,True,absolute_round_label,1.0,1.0,0.83871,0.83871,True,2014-W-INT-BRA-02A-2014,Florianopolis,1.0,1.0,2014-W-INT-CHN-01A-2014,Shenzhen,0.064516,0.064516,31,31
2014,Guangzhou,Guangzhou Open,2014-W-INT-CHN-02A-2014,Guangzhou,Hard,Hard,0,31,31,1.0,1.0,pair_overlap_verified+exact_normalized_location+date_window+surface_agreement+draw_compatible+absolute_round_label,accepted,47,International,Outdoor,2014-09-15,2014-09-20,0,31,1.0,2014-09-15,32,I,exact_normalized_location,True,True,absolute_round_label,1.0,1.0,1.0,1.0,False,2014-W-INT-CHN-02A-2014,Guangzhou,1.0,1.0,2014-D001,Fed Cup WG R1: USA vs ITA,0.0,0.0,31,31
2014,Hobart,Hobart International,2014-W-INT-AUS-01A-2014,Hobart,Hard,Hard,-1,31,31,1.0,1.0,pair_overlap_verified+exact_normalized_location+date_window+surface_agreement+draw_compatible+absolute_round_label,accepted,4,International,Outdoor,2014-01-05,2014-01-11,0,31,1.0,2014-01-06,32,I,exact_normalized_location,True,True,absolute_round_label,1.0,1.0,0.774194,0.774194,True,2014-W-INT-AUS-01A-2014,Hobart,1.0,1.0,2014-W-INT-MAS-01A-2014,Kuala Lumpur,0.032258,0.032258,31,31
2014,Hong Kong,Prudential Hong Kong Tennis Open,2014-W-INT-HKG-01A-2014,Hong Kong,Hard,Hard,0,31,31,1.0,1.0,pair_overlap_verified+exact_normalized_location+date_window+surface_agreement+draw_compatible+absolute_round_label,accepted,44,International,Outdoor,2014-09-08,2014-09-14,0,31,1.0,2014-09-08,32,I,exact_normalized_location,True,True,absolute_round_label,1.0,1.0,1.0,1.0,False,2014-W-INT-HKG-01A-2014,Hong Kong,1.0,1.0,2014-D001,Fed Cup WG R1: USA vs ITA,0.0,0.0,31,31
2014,Indian Wells,BNP Paribas Open,2014-W-PM-USA-01A-2014,Indian Wells,Hard,Hard,2,95,95,1.0,1.0,pair_overlap_verified+exact_normalized_location+date_window+surface_agreement+draw_compatible+absolute_round_label,accepted,14,Premier,Outdoor,2014-03-05,2014-03-16,0,95,1.0,2014-03-03,96,PM,exact_normalized_location,True,True,absolute_round_label,1.0,1.0,0.978947,0.978947,False,2014-W-PM-USA-01A-2014,Indian Wells,1.0,1.0,2014-W-SL-AUS-01A-2014,Australian Open,0.021053,0.015748,95,95
2014,Istanbul,TEB BNP Paribas Istanbul Cup,2014-W-INT-TUR-01A-2014,Istanbul,Hard,Hard,0,31,31,1.0,1.0,pair_overlap_verified+exact_normalized_location+date_window+surface_agreement+draw_compatible+absolute_round_label,accepted,36,International,Outdoor,2014-07-14,2014-07-20,0,31,1.0,2014-07-14,32,I,exact_normalized_location,True,True,absolute_round_label,1.0,1.0,0.967742,0.967742,False,2014-W-INT-TUR-01A-2014,Istanbul,1.0,1.0,2014-W-INT-BRA-02A-2014,Florianopolis,0.032258,0.032258,31,31
2014,Katowice,BNP Paribas Katowice Open,2014-W-INT-POL-01A-2014,Katowice,Clay,Hard,0,31,31,1.0,1.0,pair_overlap_verified+exact_normalized_location+date_window+draw_compatible+absolute_round_label,accepted,19,International,Indoor,2014-04-07,2014-04-13,0,31,1.0,2014-04-07,32,I,exact_normalized_location,False,True,absolute_round_label,1.0,1.0,0.903226,0.903226,False,2014-W-INT-POL-01A-2014,Katowice,1.0,1.0,2014-W-INT-MAR-01A-2014,Marrakech,0.032258,0.032258,31,31
2014,Kuala Lumpur,Malaysia Open,2014-W-INT-MAS-01A-2014,Kuala Lumpur,Hard,Hard,0,31,31,1.0,1.0,pair_overlap_verified+exact_normalized_location+date_window+surface_agreement+draw_compatible+absolute_round_label,accepted,20,International,Outdoor,2014-04-14,2014-04-20,0,31,1.0,2014-04-14,32,I,exact_normalized_location,True,True,absolute_round_label,1.0,1.0,1.0,1.0,False,2014-W-INT-MAS-01A-2014,Kuala Lumpur,1.0,1.0,2014-W-INT-AUS-01A-2014,Hobart,0.032258,0.032258,31,31
2014,Linz,Generali Ladies Linz,2014-W-INT-AUT-02A-2014,Linz,Hard,Hard,0,31,31,1.0,1.0,pair_overlap_verified+exact_normalized_location+date_window+surface_agreement+draw_compatible+absolute_round_label,accepted,52,International,Indoor,2014-10-06,2014-10-12,0,31,1.0,2014-10-06,32,I,exact_normalized_location,True,True,absolute_round_label,1.0,1.0,1.0,1.0,False,2014-W-INT-AUT-02A-2014,Linz,1.0,1.0,2014-D001,Fed Cup WG R1: USA vs ITA,0.0,0.0,31,31
2014,London,Wimbledon,2014-W-SL-GBR-01A-2014,Wimbledon,Grass,Grass,0,127,127,1.0,1.0,pair_overlap_verified+exact_normalized_tournament+date_window+surface_agreement+draw_compatible+absolute_round_label,accepted,32,Grand Slam,Outdoor,2014-06-23,2014-07-05,0,127,1.0,2014-06-23,128,G,exact_normalized_tournament,True,True,absolute_round_label,1.0,1.0,1.0,1.0,False,2014-W-SL-GBR-01A-2014,Wimbledon,1.0,1.0,2014-W-PR-CHN-01A-2014,Wuhan,0.015748,0.036364,127,127
2014,Luxembourg,BGL BNP Paribas Luxembourg Open,2014-W-INT-LUX-01A-2014,Luxembourg,Hard,Hard,0,31,31,1.0,1.0,pair_overlap_verified+exact_normalized_location+date_window+surface_agreement+draw_compatible+absolute_round_label,accepted,55,International,Indoor,2014-10-13,2014-10-18,0,31,1.0,2014-10-13,32,I,exact_normalized_location,True,True,absolute_round_label,1.0,1.0,1.0,1.0,False,2014-W-INT-LUX-01A-2014,Luxembourg,1.0,1.0,2014-W-INT-CHN-01A-2014,Shenzhen,0.032258,0.032258,31,31
2014,Madrid,Mutua Madrid Open,2014-W-PM-ESP-01A-2014,Madrid,Clay,Clay,-2,63,63,1.0,1.0,pair_overlap_verified+exact_normalized_location+date_window+surface_agreement+draw_compatible+absolute_round_label,accepted,24,Premier,Outdoor,2014-05-03,2014-05-11,0,63,1.0,2014-05-05,64,PM,exact_normalized_location,True,True,absolute_round_label,1.0,1.0,1.0,1.0,False,2014-W-PM-ESP-01A-2014,Madrid,1.0,1.0,2014-W-INT-POR-01A-2014,Oeiras,0.015873,0.032258,63,63
2014,Marrakech,Grand Prix de SAR La Princesse Lalla Meryem,2014-W-INT-MAR-01A-2014,Marrakech,Clay,Clay,0,31,31,1.0,1.0,pair_overlap_verified+exact_normalized_location+date_window+surface_agreement+draw_compatible+absolute_round_label,accepted,21,International,Outdoor,2014-04-21,2014-04-27,0,31,1.0,2014-04-21,32,I,exact_normalized_location,True,True,absolute_round_label,1.0,1.0,1.0,1.0,False,2014-W-INT-MAR-01A-2014,Marrakech,1.0,1.0,2014-W-INT-POL-01A-2014,Katowice,0.032258,0.032258,31,31
2014,Melbourne,Australian Open,2014-W-SL-AUS-01A-2014,Australian Open,Hard,Hard,0,127,127,1.0,1.0,pair_overlap_verified+exact_normalized_tournament+date_window+surface_agreement+draw_compatible+absolute_round_label,accepted,6,Grand Slam,Outdoor,2014-01-13,2014-01-25,0,127,1.0,2014-01-13,128,G,exact_normalized_tournament,True,True,absolute_round_label,1.0,1.0,0.984252,0.984252,False,2014-W-SL-AUS-01A-2014,Australian Open,1.0,1.0,2014-W-SL-USA-01A-2014,US Open,0.023622,0.023622,127,127
2014,Miami,Sony Ericsson Open,2014-W-PM-USA-02A-2014,Miami,Hard,Hard,1,95,95,1.0,1.0,pair_overlap_verified+exact_normalized_location+date_window+surface_agreement+draw_compatible+absolute_round_label,accepted,15,Premier,Outdoor,2014-03-18,2014-03-29,0,95,1.0,2014-03-17,96,PM,exact_normalized_location,True,True,absolute_round_label,1.0,1.0,0.978947,0.978947,False,2014-W-PM-USA-02A-2014,Miami,1.0,1.0,2014-W-PM-CHN-01A-2014,Beijing,0.010526,0.016949,95,95
2014,Monterrey,Monterrey Open,2014-W-INT-MEX-02A-2014,Monterrey,Hard,Hard,0,31,31,1.0,1.0,pair_overlap_verified+exact_normalized_location+date_window+surface_agreement+draw_compatible+absolute_round_label,accepted,17,International,Outdoor,2014-03-31,2014-04-06,0,31,1.0,2014-03-31,32,I,exact_normalized_location,True,True,absolute_round_label,1.0,1.0,1.0,1.0,False,2014-W-INT-MEX-02A-2014,Monterrey,1.0,1.0,2014-W-INT-TUR-01A-2014,Istanbul,0.032258,0.032258,31,31
2014,Montreal,Rogers Cup,2014-W-PR-CAN-01A-2014,Montreal,Hard,Hard,0,55,55,1.0,1.0,pair_overlap_verified+exact_normalized_location+date_window+surface_agreement+draw_compatible+absolute_round_label,accepted,40,Premier,Outdoor,2014-08-04,2014-08-10,0,55,1.0,2014-08-04,56,P,exact_normalized_location,True,True,absolute_round_label,1.0,1.0,1.0,1.0,False,2014-W-PR-CAN-01A-2014,Montreal,1.0,1.0,2014-W-PR-USA-03A-2014,Cincinnati,0.036364,0.036364,55,55
2014,Moscow,Kremlin Cup,2014-W-PR-RUS-01A-2014,Moscow,Hard,Hard,0,27,27,1.0,1.0,pair_overlap_verified+exact_normalized_location+date_window+surface_agreement+draw_compatible+absolute_round_label,accepted,56,International,Indoor,2014-10-13,2014-10-19,0,27,1.0,2014-10-13,28,P,exact_normalized_location,True,True,absolute_round_label,1.0,1.0,0.925926,0.925926,False,2014-W-PR-RUS-01A-2014,Moscow,1.0,1.0,2014-D001,Fed Cup WG R1: USA vs ITA,0.0,0.0,27,27
2014,New Haven,Connecticut Open,2014-W-PR-USA-04A-2014,New Haven,Hard,Hard,-1,29,29,1.0,1.0,pair_overlap_verified+exact_normalized_location+date_window+surface_agreement+draw_compatible+absolute_round_label,accepted,42,Premier,Outdoor,2014-08-17,2014-08-23,0,29,1.0,2014-08-18,30,P,exact_normalized_location,True,True,absolute_round_label,1.0,1.0,1.0,1.0,False,2014-W-PR-USA-04A-2014,New Haven,1.0,1.0,2014-W-PM-CHN-01A-2014,Beijing,0.034483,0.016949,29,29
2014,New York,US Open,2014-W-SL-USA-01A-2014,US Open,Hard,Hard,0,127,127,1.0,1.0,pair_overlap_verified+exact_normalized_tournament+date_window+surface_agreement+draw_compatible+absolute_round_label,accepted,43,Grand Slam,Outdoor,2014-08-25,2014-09-07,0,127,1.0,2014-08-25,128,G,exact_normalized_tournament,True,True,absolute_round_label,1.0,1.0,1.0,1.0,False,2014-W-SL-USA-01A-2014,US Open,1.0,1.0,2014-W-SL-AUS-01A-2014,Australian Open,0.023622,0.023622,127,127
2014,Nürnberg,Nürnberger Versicherungscup,2014-W-INT-GER-01A-2014,Nuremberg,Clay,Clay,-1,31,31,1.0,1.0,pair_overlap_verified+name_unmatched+date_window+surface_agreement+draw_compatible+absolute_round_label,accepted,26,International,Outdoor,2014-05-18,2014-05-24,0,31,1.0,2014-05-19,32,I,none,True,True,absolute_round_label,1.0,1.0,0.967742,0.967742,False,2014-W-INT-GER-01A-2014,Nuremberg,1.0,1.0,2014-W-SL-USA-01A-2014,US Open,0.032258,0.007874,31,31
2014,Oeiras,Portugal Open,2014-W-INT-POR-01A-2014,Oeiras,Clay,Clay,0,31,31,1.0,1.0,pair_overlap_verified+exact_normalized_location+date_window+surface_agreement+draw_compatible+absolute_round_label,accepted,23,International,Outdoor,2014-04-28,2014-05-03,0,31,1.0,2014-04-28,32,I,exact_normalized_location,True,True,absolute_round_label,1.0,1.0,1.0,1.0,False,2014-W-INT-POR-01A-2014,Oeiras,1.0,1.0,2014-W-INT-THA-01A-2014,Pattaya,0.032258,0.032258,31,31
2014,Osaka,Japan Women's Open Tennis,2014-W-INT-JPN-01A-2014,Osaka,Hard,Hard,0,31,31,1.0,1.0,pair_overlap_verified+exact_normalized_location+date_window+surface_agreement+draw_compatible+absolute_round_label,accepted,53,International,Outdoor,2014-10-06,2014-10-12,0,31,1.0,2014-10-06,32,I,exact_normalized_location,True,True,absolute_round_label,1.0,1.0,1.0,1.0,False,2014-W-INT-JPN-01A-2014,Osaka,1.0,1.0,2014-D001,Fed Cup WG R1: USA vs ITA,0.0,0.0,31,31
2014,Paris,French Open,2014-W-SL-FRA-01A-2014,Roland Garros,Clay,Clay,-1,127,127,1.0,1.0,pair_overlap_verified+name_unmatched+date_window+surface_agreement+draw_compatible+absolute_round_label,accepted,28,Grand Slam,Outdoor,2014-05-25,2014-06-07,0,127,1.0,2014-05-26,128,G,none,True,True,absolute_round_label,1.0,1.0,0.992126,0.992126,False,2014-W-SL-FRA-01A-2014,Roland Garros,1.0,1.0,2014-W-PM-ESP-01A-2014,Madrid,0.015748,0.031746,127,127
2014,Paris,Open GDF Suez,2014-W-PR-FRA-01A-2014,Paris,Hard,Carpet,0,27,27,1.0,1.0,pair_overlap_verified+exact_normalized_location+date_window+draw_compatible+absolute_round_label,accepted,7,Premier,Indoor,2014-01-27,2014-02-02,0,27,1.0,2014-01-27,28,P,exact_normalized_location,False,True,absolute_round_label,1.0,1.0,0.925926,0.925926,False,2014-W-PR-FRA-01A-2014,Paris,1.0,1.0,2014-W-PR-QAT-01A-2014,Doha,0.037037,0.018182,27,27
2014,Pattaya,Pattaya Women's Open,2014-W-INT-THA-01A-2014,Pattaya,Hard,Hard,0,31,31,1.0,1.0,pair_overlap_verified+exact_normalized_location+date_window+surface_agreement+draw_compatible+absolute_round_label,accepted,8,International,Outdoor,2014-01-27,2014-02-02,0,31,1.0,2014-01-27,32,I,exact_normalized_location,True,True,absolute_round_label,1.0,1.0,1.0,1.0,False,2014-W-INT-THA-01A-2014,Pattaya,1.0,1.0,2014-W-INT-POR-01A-2014,Oeiras,0.032258,0.032258,31,31
2014,Quebec,Coupe Banque Nationale,2014-W-INT-CAN-01A-2014,Quebec City,Hard,Hard,0,31,31,1.0,1.0,pair_overlap_verified+token_overlap+date_window+surface_agreement+draw_compatible+absolute_round_label,accepted,45,International,Indoor,2014-09-08,2014-09-14,0,31,1.0,2014-09-08,32,I,token_overlap,True,True,absolute_round_label,1.0,1.0,0.903226,0.903226,False,2014-W-INT-CAN-01A-2014,Quebec City,1.0,1.0,2014-D001,Fed Cup WG R1: USA vs ITA,0.0,0.0,31,31
2014,Rio de Janeiro,Rio Open,2014-W-INT-BRA-01A-2014,Rio de Janeiro,Clay,Clay,0,31,31,1.0,1.0,pair_overlap_verified+exact_normalized_location+date_window+surface_agreement+draw_compatible+absolute_round_label,accepted,11,International,Outdoor,2014-02-17,2014-02-23,0,31,1.0,2014-02-17,32,I,exact_normalized_location,True,True,absolute_round_label,1.0,1.0,0.83871,0.83871,True,2014-W-INT-BRA-01A-2014,Rio de Janeiro,1.0,1.0,2014-D001,Fed Cup WG R1: USA vs ITA,0.0,0.0,31,31
2014,Rome,Internazionali BNL d'Italia,2014-W-PR-ITA-01A-2014,Rome,Clay,Clay,0,55,55,1.0,1.0,pair_overlap_verified+exact_normalized_location+date_window+surface_agreement+draw_compatible+absolute_round_label,accepted,25,Premier,Outdoor,2014-05-12,2014-05-18,0,55,1.0,2014-05-12,56,P,exact_normalized_location,True,True,absolute_round_label,1.0,1.0,1.0,1.0,False,2014-W-PR-ITA-01A-2014,Rome,1.0,1.0,2014-W-INT-POL-01A-2014,Katowice,0.018182,0.032258,55,55
2014,Seoul,Kia Korea Open,2014-W-INT-KOR-01A-2014,Seoul,Hard,Hard,0,31,31,1.0,1.0,pair_overlap_verified+exact_normalized_location+date_window+surface_agreement+draw_compatible+absolute_round_label,accepted,48,International,Outdoor,2014-09-15,2014-09-21,0,31,1.0,2014-09-15,32,I,exact_normalized_location,True,True,absolute_round_label,1.0,1.0,1.0,1.0,False,2014-W-INT-KOR-01A-2014,Seoul,1.0,1.0,2014-D001,Fed Cup WG R1: USA vs ITA,0.0,0.0,31,31
2014,Shenzhen,Shenzhen Open,2014-W-INT-CHN-01A-2014,Shenzhen,Hard,Hard,-1,31,31,1.0,1.0,pair_overlap_verified+exact_normalized_location+date_window+surface_agreement+draw_compatible+absolute_round_label,accepted,3,International,Outdoor,2013-12-29,2014-01-04,0,31,1.0,2013-12-30,32,I,exact_normalized_location,True,True,absolute_round_label,1.0,1.0,0.935484,0.935484,False,2014-W-INT-CHN-01A-2014,Shenzhen,1.0,1.0,2014-W-INT-BRA-02A-2014,Florianopolis,0.064516,0.064516,31,31
2014,Singapore,Sony Ericsson Championships,2014-W-WT-SIN-01A-2014,WTA Finals,Hard,Hard,0,15,15,1.0,1.0,pair_overlap_verified+name_unmatched+date_window+surface_agreement+draw_compatible+absolute_round_label,accepted,57,Tour Championships,Indoor,2014-10-20,2014-10-26,0,15,1.0,2014-10-20,4,F,none,True,True,absolute_round_label,1.0,1.0,1.0,1.0,False,2014-W-WT-SIN-01A-2014,WTA Finals,1.0,1.0,2014-D107,Fed Cup WG PO: ROU vs SRB,0.066667,0.25,15,15
2014,Sofia,Garanti Koza WTA Tournament of Champions,2014-W-CHA-BUL-01A-2014,Tournament of Champions,Hard,Hard,1,15,15,1.0,1.0,pair_overlap_verified+token_subset+date_window+surface_agreement+draw_compatible+absolute_round_label,accepted,58,International,Indoor,2014-10-28,2014-11-02,0,15,1.0,2014-10-27,4,F,token_subset,True,True,absolute_round_label,1.0,1.0,1.0,1.0,False,2014-W-CHA-BUL-01A-2014,Tournament of Champions,1.0,1.0,2014-D003,Fed Cup WG R1: SVK vs GER,0.066667,0.333333,15,15
2014,Stanford,Bank of the West Classic,2014-W-PR-USA-02A-2014,Stanford,Hard,Hard,0,27,27,1.0,1.0,pair_overlap_verified+exact_normalized_location+date_window+surface_agreement+draw_compatible+absolute_round_label,accepted,38,Premier,Outdoor,2014-07-28,2014-08-03,0,27,1.0,2014-07-28,28,P,exact_normalized_location,True,True,absolute_round_label,1.0,1.0,1.0,1.0,False,2014-W-PR-USA-02A-2014,Stanford,1.0,1.0,2014-W-PR-GER-01A-2014,Stuttgart,0.037037,0.037037,27,27
2014,Strasbourg,Internationaux de Strasbourg,2014-W-INT-FRA-01A-2014,Strasbourg,Clay,Clay,0,31,31,1.0,1.0,pair_overlap_verified+exact_normalized_location+date_window+surface_agreement+draw_compatible+absolute_round_label,accepted,27,International,Outdoor,2014-05-19,2014-05-24,0,31,1.0,2014-05-19,32,I,exact_normalized_location,True,True,absolute_round_label,1.0,1.0,1.0,1.0,False,2014-W-INT-FRA-01A-2014,Strasbourg,1.0,1.0,2014-D001,Fed Cup WG R1: USA vs ITA,0.0,0.0,31,31
2014,Stuttgart,Porsche Tennis Grand Prix,2014-W-PR-GER-01A-2014,Stuttgart,Clay,Clay,0,27,27,1.0,1.0,pair_overlap_verified+exact_normalized_location+date_window+surface_agreement+draw_compatible+absolute_round_label,accepted,22,Premier,Outdoor,2014-04-21,2014-04-27,0,27,1.0,2014-04-21,28,P,exact_normalized_location,True,True,absolute_round_label,1.0,1.0,1.0,1.0,False,2014-W-PR-GER-01A-2014,Stuttgart,1.0,1.0,2014-W-PR-USA-02A-2014,Stanford,0.037037,0.037037,27,27
2014,Sydney,Apai International,2014-W-PR-AUS-02A-2014,Sydney,Hard,Hard,-1,29,29,1.0,1.0,pair_overlap_verified+exact_normalized_location+date_window+surface_agreement+draw_compatible+absolute_round_label,accepted,5,Premier,Outdoor,2014-01-05,2014-01-10,0,29,1.0,2014-01-06,30,P,exact_normalized_location,True,True,absolute_round_label,1.0,1.0,1.0,1.0,False,2014-W-PR-AUS-02A-2014,Sydney,1.0,1.0,2014-D001,Fed Cup WG R1: USA vs ITA,0.0,0.0,29,29
2014,Tashkent,Tashkent Open,2014-W-INT-UZB-01A-2014,Tashkent,Hard,Hard,0,31,31,1.0,1.0,pair_overlap_verified+exact_normalized_location+date_window+surface_agreement+draw_compatible+absolute_round_label,accepted,46,International,Outdoor,2014-09-08,2014-09-13,0,31,1.0,2014-09-08,32,I,exact_normalized_location,True,True,absolute_round_label,1.0,1.0,0.967742,0.967742,False,2014-W-INT-UZB-01A-2014,Tashkent,1.0,1.0,2014-D001,Fed Cup WG R1: USA vs ITA,0.0,0.0,31,31
2014,Tianjin,Tianjin Open,2014-W-INT-CHN-03A-2014,Tianjin,Hard,Hard,0,31,31,1.0,1.0,pair_overlap_verified+exact_normalized_location+date_window+surface_agreement+draw_compatible+absolute_round_label,accepted,54,International,Outdoor,2014-10-06,2014-10-12,0,31,1.0,2014-10-06,32,I,exact_normalized_location,True,True,absolute_round_label,1.0,1.0,1.0,1.0,False,2014-W-INT-CHN-03A-2014,Tianjin,1.0,1.0,2014-D001,Fed Cup WG R1: USA vs ITA,0.0,0.0,31,31
2014,Tokyo,Toray Pan Pacific Open,2014-W-PR-JPN-01A-2014,Tokyo,Hard,Hard,0,27,27,0.925926,0.925926,pair_overlap_verified+exact_normalized_location+date_window+surface_agreement+draw_compatible+absolute_round_label,accepted,49,Premier,Outdoor,2014-09-15,2014-09-21,0,27,1.0,2014-09-15,28,P,exact_normalized_location,True,True,absolute_round_label,0.925926,0.925926,0.925926,0.925926,False,2014-W-PR-JPN-01A-2014,Tokyo,0.925926,0.925926,2014-W-PM-USA-02A-2014,Miami,0.037037,0.010526,27,27
2014,Washington,Citi Open,2014-W-INT-USA-01A-2014,Washington,Hard,Hard,0,31,31,1.0,1.0,pair_overlap_verified+exact_normalized_location+date_window+surface_agreement+draw_compatible+absolute_round_label,accepted,39,International,Outdoor,2014-07-28,2014-08-03,0,31,1.0,2014-07-28,32,I,exact_normalized_location,True,True,absolute_round_label,1.0,1.0,1.0,1.0,False,2014-W-INT-USA-01A-2014,Washington,1.0,1.0,2014-D001,Fed Cup WG R1: USA vs ITA,0.0,0.0,31,31
2014,Wuhan,Wuhan Open,2014-W-PR-CHN-01A-2014,Wuhan,Hard,Hard,-1,55,55,1.0,1.0,pair_overlap_verified+exact_normalized_location+date_window+surface_agreement+draw_compatible+absolute_round_label,accepted,50,Premier,Outdoor,2014-09-21,2014-09-27,0,55,1.0,2014-09-22,56,P,exact_normalized_location,True,True,absolute_round_label,1.0,1.0,1.0,1.0,False,2014-W-PR-CHN-01A-2014,Wuhan,1.0,1.0,2014-W-PM-CHN-01A-2014,Beijing,0.036364,0.033898,55,55
2015,'s-Hertogenbosch,Topshelf Open,2015-W-INT-NED-01A-2015,'s Hertogenbosch,Grass,Grass,0,31,31,1.0,1.0,pair_overlap_verified+exact_normalized_location+date_window+surface_agreement+draw_compatible+absolute_round_label,accepted,28,International,Outdoor,2015-06-08,2015-06-14,0,31,1.0,2015-06-08,32,I,exact_normalized_location,True,True,absolute_round_label,1.0,1.0,1.0,1.0,False,2015-W-INT-NED-01A-2015,'s Hertogenbosch,1.0,1.0,2015-D001,Fed Cup WG F: CZE vs RUS,0.0,0.0,31,31
2015,Acapulco,Abierto Mexicano,2015-W-INT-MEX-01A-2015,Acapulco,Clay,Hard,1,31,31,1.0,1.0,pair_overlap_verified+exact_normalized_location+date_window+draw_compatible+absolute_round_label,accepted,11,International,Outdoor,2015-02-24,2015-03-01,0,31,1.0,2015-02-23,32,I,exact_normalized_location,False,True,absolute_round_label,1.0,1.0,1.0,1.0,False,2015-W-INT-MEX-01A-2015,Acapulco,1.0,1.0,2015-W-INT-MEX-02A-2015,Monterrey,0.064516,0.064516,31,31
2015,Antwerp,BNP Paribas Fortis Diamond Games,2015-W-PR-BEL-01A-2015,Antwerp,Hard,Hard,1,27,27,1.0,1.0,pair_overlap_verified+exact_normalized_location+date_window+surface_agreement+draw_compatible+absolute_round_label,accepted,7,Premier,Indoor,2015-02-10,2015-02-15,0,27,1.0,2015-02-09,28,P,exact_normalized_location,True,True,absolute_round_label,1.0,1.0,1.0,1.0,False,2015-W-PR-BEL-01A-2015,Antwerp,1.0,1.0,2015-W-PR-UAE-01A-2015,Dubai,0.074074,0.037736,27,27
2015,Auckland,ASB Classic,2015-W-INT-NZL-01A-2015,Auckland,Hard,Hard,-1,31,31,1.0,1.0,pair_overlap_verified+exact_normalized_location+date_window+surface_agreement+draw_compatible+absolute_round_label,accepted,1,International,Outdoor,2015-01-04,2015-01-10,0,31,1.0,2015-01-05,32,I,exact_normalized_location,True,True,absolute_round_label,1.0,1.0,1.0,1.0,False,2015-W-INT-NZL-01A-2015,Auckland,1.0,1.0,2015-W-INT-MEX-02A-2015,Monterrey,0.032258,0.032258,31,31
2015,Bad Gastein,Gastein Ladies,2015-W-INT-AUT-01A-2015,Bad Gastein,Clay,Clay,0,31,31,1.0,1.0,pair_overlap_verified+exact_normalized_location+date_window+surface_agreement+draw_compatible+absolute_round_label,accepted,35,International,Outdoor,2015-07-20,2015-07-26,0,31,1.0,2015-07-20,32,I,exact_normalized_location,True,True,absolute_round_label,1.0,1.0,1.0,1.0,False,2015-W-INT-AUT-01A-2015,Bad Gastein,1.0,1.0,2015-W-INT-UZB-01A-2015,Tashkent,0.032258,0.032258,31,31
2015,Baku,Baku Cup,2015-W-INT-AZE-01A-2015,Baku,Hard,Hard,0,31,31,1.0,1.0,pair_overlap_verified+exact_normalized_location+date_window+surface_agreement+draw_compatible+absolute_round_label,accepted,37,International,Outdoor,2015-07-27,2015-08-02,0,31,1.0,2015-07-27,32,I,exact_normalized_location,True,True,absolute_round_label,1.0,1.0,1.0,1.0,False,2015-W-INT-AZE-01A-2015,Baku,1.0,1.0,2015-D001,Fed Cup WG F: CZE vs RUS,0.0,0.0,31,31
2015,Bastad,Collector Swedish Open,2015-W-INT-SWE-01A-2015,Bastad,Clay,Clay,0,31,31,1.0,1.0,pair_overlap_verified+exact_normalized_location+date_window+surface_agreement+draw_compatible+absolute_round_label,accepted,33,International,Outdoor,2015-07-13,2015-07-19,0,31,1.0,2015-07-13,32,I,exact_normalized_location,True,True,absolute_round_label,1.0,1.0,1.0,1.0,False,2015-W-INT-SWE-01A-2015,Bastad,1.0,1.0,2015-W-INT-AUT-02A-2015,Linz,0.032258,0.032258,31,31
2015,Beijing,China Open,2015-W-PM-CHN-01A-2015,Beijing,Hard,Hard,-2,59,59,1.0,1.0,pair_overlap_verified+exact_normalized_location+date_window+surface_agreement+draw_compatible+absolute_round_label,accepted,52,Premier,Outdoor,2015-10-03,2015-10-11,0,59,1.0,2015-10-05,60,PM,exact_normalized_location,True,True,absolute_round_label,1.0,1.0,0.983051,0.983051,False,2015-W-PM-CHN-01A-2015,Beijing,1.0,1.0,2015-W-INT-MAS-01A-2015,Kuala Lumpur,0.016949,0.032258,59,59
2015,Birmingham,AEGON Classic,2015-W-P700-GBR-01A-2015,Birmingham,Grass,Grass,0,55,55,1.0,1.0,pair_overlap_verified+exact_normalized_location+date_window+surface_agreement+draw_compatible+absolute_round_label,accepted,30,Premier,Outdoor,2015-06-15,2015-06-21,0,55,1.0,2015-06-15,56,P,exact_normalized_location,True,True,absolute_round_label,1.0,1.0,1.0,1.0,False,2015-W-P700-GBR-01A-2015,Birmingham,1.0,1.0,2015-W-P700-USA-03A-2015,Stanford,0.018182,0.037037,55,55
2015,Bogota,Copa Claro Colsanitas,2015-W-INT-COL-01A-2015,Bogota,Clay,Clay,0,31,31,1.0,1.0,pair_overlap_verified+exact_normalized_location+date_window+surface_agreement+draw_compatible+absolute_round_label,accepted,19,International,Outdoor,2015-04-13,2015-04-19,0,31,1.0,2015-04-13,32,I,exact_normalized_location,True,True,absolute_round_label,1.0,1.0,1.0,1.0,False,2015-W-INT-COL-01A-2015,Bogota,1.0,1.0,2015-D001,Fed Cup WG F: CZE vs RUS,0.0,0.0,31,31
2015,Brisbane,Brisbane International,2015-W-PR-AUS-01A-2015,Brisbane,Hard,Hard,-1,29,29,1.0,1.0,pair_overlap_verified+exact_normalized_location+date_window+surface_agreement+draw_compatible+absolute_round_label,accepted,2,Premier,Outdoor,2015-01-04,2015-01-10,0,29,1.0,2015-01-05,30,P,exact_normalized_location,True,True,absolute_round_label,1.0,1.0,0.931034,0.931034,False,2015-W-PR-AUS-01A-2015,Brisbane,1.0,1.0,2015-W-PR-AUS-02A-2015,Sydney,0.034483,0.034483,29,29
2015,Bucharest,Bucharest Open,2015-W-INT-ROU-01A-2015,Bucharest,Clay,Clay,0,31,31,1.0,1.0,pair_overlap_verified+exact_normalized_location+date_window+surface_agreement+draw_compatible+absolute_round_label,accepted,34,International,Outdoor,2015-07-13,2015-07-19,0,31,1.0,2015-07-13,32,I,exact_normalized_location,True,True,absolute_round_label,1.0,1.0,1.0,1.0,False,2015-W-INT-ROU-01A-2015,Bucharest,1.0,1.0,2015-D001,Fed Cup WG F: CZE vs RUS,0.0,0.0,31,31
2015,Charleston,Family Circle Cup,2015-W-P700-USA-01A-2015,Charleston,Clay,Clay,0,55,55,1.0,1.0,pair_overlap_verified+exact_normalized_location+date_window+surface_agreement+draw_compatible+absolute_round_label,accepted,17,Premier,Outdoor,2015-04-06,2015-04-12,0,55,1.0,2015-04-06,56,P,exact_normalized_location,True,True,absolute_round_label,1.0,1.0,1.0,1.0,False,2015-W-P700-USA-01A-2015,Charleston,1.0,1.0,2015-W-INT-LUX-01A-2015,Luxembourg,0.018182,0.032258,55,55
2015,Cincinnati,Western & Southern Financial Group Women's Open,2015-W-P5-USA-01A-2015,Cincinnati,Hard,Hard,0,55,55,1.0,1.0,pair_overlap_verified+exact_normalized_location+date_window+surface_agreement+draw_compatible+absolute_round_label,accepted,42,Premier,Outdoor,2015-08-17,2015-08-23,0,55,1.0,2015-08-17,56,P,exact_normalized_location,True,True,absolute_round_label,1.0,1.0,0.963636,0.963636,False,2015-W-P5-USA-01A-2015,Cincinnati,1.0,1.0,2015-W-P5-CHN-01A-2015,Wuhan,0.018182,0.018182,55,55
2015,Doha,Qatar Total Open,2015-W-PR-QAT-01A-2015,Doha,Hard,Hard,0,27,27,1.0,1.0,pair_overlap_verified+exact_normalized_location+date_window+surface_agreement+draw_compatible+absolute_round_label,accepted,12,Premier,Outdoor,2015-02-23,2015-02-28,0,27,1.0,2015-02-23,28,P,exact_normalized_location,True,True,absolute_round_label,1.0,1.0,0.962963,0.962963,False,2015-W-PR-QAT-01A-2015,Doha,1.0,1.0,2015-W-P5-ITA-01A-2015,Rome,0.074074,0.036364,27,27
2015,Dubai,Dubai Duty Free Tennis Championships,2015-W-PR-UAE-01A-2015,Dubai,Hard,Hard,-1,53,53,1.0,1.0,pair_overlap_verified+exact_normalized_location+date_window+surface_agreement+draw_compatible+absolute_round_label,accepted,9,Premier,Outdoor,2015-02-15,2015-02-21,0,53,1.0,2015-02-16,54,P,exact_normalized_location,True,True,absolute_round_label,1.0,1.0,0.962264,0.962264,False,2015-W-PR-UAE-01A-2015,Dubai,1.0,1.0,2015-W-PR-BEL-01A-2015,Antwerp,0.037736,0.074074,53,53
2015,Eastbourne,AEGON International,2015-W-P700-GBR-02A-2015,Eastbourne,Grass,Grass,-1,47,47,1.0,1.0,pair_overlap_verified+exact_normalized_location+date_window+surface_agreement+draw_compatible+absolute_round_label,accepted,31,Premier,Outdoor,2015-06-21,2015-06-27,0,47,1.0,2015-06-22,48,P,exact_normalized_location,True,True,absolute_round_label,1.0,1.0,0.93617,0.93617,False,2015-W-P700-GBR-02A-2015,Eastbourne,1.0,1.0,2015-W-INT-TUR-01A-2015,Istanbul,0.021277,0.032258,47,47
2015,Florianopolis,Brasil Tennis Cup,2015-W-INT-BRA-02A-2015,Florianopolis,Hard,Clay,0,31,31,0.967742,0.967742,pair_overlap_verified+exact_normalized_location+date_window+draw_compatible+absolute_round_label,accepted,38,International,Outdoor,2015-07-27,2015-08-01,0,31,1.0,2015-07-27,32,I,exact_normalized_location,False,True,absolute_round_label,0.967742,0.967742,0.967742,0.967742,False,2015-W-INT-BRA-02A-2015,Florianopolis,0.967742,0.967742,2015-W-INT-BRA-01A-2015,Rio de Janeiro,0.032258,0.032258,31,31
2015,Guangzhou,Guangzhou Open,2015-W-INT-CHN-02A-2015,Guangzhou,Hard,Hard,1,31,31,1.0,1.0,pair_overlap_verified+exact_normalized_location+date_window+surface_agreement+draw_compatible+absolute_round_label,accepted,47,International,Outdoor,2015-09-22,2015-09-26,0,31,1.0,2015-09-21,32,I,exact_normalized_location,True,True,absolute_round_label,1.0,1.0,1.0,1.0,False,2015-W-INT-CHN-02A-2015,Guangzhou,1.0,1.0,2015-D001,Fed Cup WG F: CZE vs RUS,0.0,0.0,31,31
2015,Hobart,Hobart International,2015-W-INT-AUS-01A-2015,Hobart,Hard,Hard,-1,31,31,0.967742,0.967742,pair_overlap_verified+exact_normalized_location+date_window+surface_agreement+draw_compatible+absolute_round_label,accepted,4,International,Outdoor,2015-01-11,2015-01-17,0,31,1.0,2015-01-12,32,I,exact_normalized_location,True,True,absolute_round_label,0.967742,0.967742,0.903226,0.903226,False,2015-W-INT-AUS-01A-2015,Hobart,0.967742,0.967742,2015-D001,Fed Cup WG F: CZE vs RUS,0.0,0.0,31,31
2015,Hong Kong,Prudential Hong Kong Tennis Open,2015-W-INT-HKG-01A-2015,Hong Kong,Hard,Hard,0,31,31,1.0,1.0,pair_overlap_verified+exact_normalized_location+date_window+surface_agreement+draw_compatible+absolute_round_label,accepted,53,International,Outdoor,2015-10-12,2015-10-18,0,31,1.0,2015-10-12,32,I,exact_normalized_location,True,True,absolute_round_label,1.0,1.0,0.870968,0.870968,True,2015-W-INT-HKG-01A-2015,Hong Kong,1.0,1.0,2015-D001,Fed Cup WG F: CZE vs RUS,0.0,0.0,31,31
2015,Indian Wells,BNP Paribas Open,2015-W-PM-USA-01A-2015,Indian Wells,Hard,Hard,2,95,95,1.0,1.0,pair_overlap_verified+exact_normalized_location+date_window+surface_agreement+draw_compatible+absolute_round_label,accepted,15,Premier,Outdoor,2015-03-11,2015-03-22,0,95,1.0,2015-03-09,96,PM,exact_normalized_location,True,True,absolute_round_label,1.0,1.0,0.968421,0.968421,False,2015-W-PM-USA-01A-2015,Indian Wells,1.0,1.0,2015-W-PM-USA-02A-2015,Miami,0.021053,0.021053,95,95
2015,Istanbul,TEB BNP Paribas Istanbul Cup,2015-W-INT-TUR-01A-2015,Istanbul,Hard,Hard,0,31,31,1.0,1.0,pair_overlap_verified+exact_normalized_location+date_window+surface_agreement+draw_compatible+absolute_round_label,accepted,36,International,Outdoor,2015-07-20,2015-07-26,0,31,1.0,2015-07-20,32,I,exact_normalized_location,True,True,absolute_round_label,1.0,1.0,0.967742,0.967742,False,2015-W-INT-TUR-01A-2015,Istanbul,1.0,1.0,2015-W-P700-GBR-02A-2015,Eastbourne,0.032258,0.021277,31,31
2015,Katowice,Katowice Open,2015-W-INT-POL-01A-2015,Katowice,Clay,Hard,0,31,31,1.0,1.0,pair_overlap_verified+exact_normalized_location+date_window+draw_compatible+absolute_round_label,accepted,18,International,Indoor,2015-04-06,2015-04-12,0,31,1.0,2015-04-06,32,I,exact_normalized_location,False,True,absolute_round_label,1.0,1.0,1.0,1.0,False,2015-W-INT-POL-01A-2015,Katowice,1.0,1.0,2015-W-PR-BEL-01A-2015,Antwerp,0.032258,0.037037,31,31
2015,Kuala Lumpur,Malaysia Open,2015-W-INT-MAS-01A-2015,Kuala Lumpur,Hard,Hard,0,31,31,1.0,1.0,pair_overlap_verified+exact_normalized_location+date_window+surface_agreement+draw_compatible+absolute_round_label,accepted,13,International,Outdoor,2015-03-02,2015-03-08,0,31,1.0,2015-03-02,32,I,exact_normalized_location,True,True,absolute_round_label,1.0,1.0,0.935484,0.935484,False,2015-W-INT-MAS-01A-2015,Kuala Lumpur,1.0,1.0,2015-W-PM-CHN-01A-2015,Beijing,0.032258,0.016949,31,31
2015,Linz,Generali Ladies Linz,2015-W-INT-AUT-02A-2015,Linz,Hard,Hard,0,31,31,1.0,1.0,pair_overlap_verified+exact_normalized_location+date_window+surface_agreement+draw_compatible+absolute_round_label,accepted,54,International,Indoor,2015-10-12,2015-10-18,0,31,1.0,2015-10-12,32,I,exact_normalized_location,True,True,absolute_round_label,1.0,1.0,1.0,1.0,False,2015-W-INT-AUT-02A-2015,Linz,1.0,1.0,2015-W-INT-SWE-01A-2015,Bastad,0.032258,0.032258,31,31
2015,London,Wimbledon,2015-W-SL-GBR-01A-2015,Wimbledon,Grass,Grass,0,127,127,1.0,1.0,pair_overlap_verified+exact_normalized_tournament+date_window+surface_agreement+draw_compatible+absolute_round_label,accepted,32,Grand Slam,Outdoor,2015-06-29,2015-07-11,0,127,1.0,2015-06-29,128,G,exact_normalized_tournament,True,True,absolute_round_label,1.0,1.0,0.992126,0.992126,False,2015-W-SL-GBR-01A-2015,Wimbledon,1.0,1.0,2015-W-SL-FRA-01A-2015,Roland Garros,0.015748,0.015748,127,127
2015,Luxembourg,BGL BNP Paribas Luxembourg Open,2015-W-INT-LUX-01A-2015,Luxembourg,Hard,Hard,0,31,31,1.0,1.0,pair_overlap_verified+exact_normalized_location+date_window+surface_agreement+draw_compatible+absolute_round_label,accepted,56,International,Indoor,2015-10-19,2015-10-25,0,31,1.0,2015-10-19,32,I,exact_normalized_location,True,True,absolute_round_label,1.0,1.0,1.0,1.0,False,2015-W-INT-LUX-01A-2015,Luxembourg,1.0,1.0,2015-W-PR-BEL-01A-2015,Antwerp,0.032258,0.037037,31,31
2015,Madrid,Mutua Madrid Open,2015-W-PM-ESP-01A-2015,Madrid,Clay,Clay,-2,63,63,1.0,1.0,pair_overlap_verified+exact_normalized_location+date_window+surface_agreement+draw_compatible+absolute_round_label,accepted,23,Premier,Outdoor,2015-05-02,2015-05-09,0,63,1.0,2015-05-04,64,PM,exact_normalized_location,True,True,absolute_round_label,1.0,1.0,1.0,1.0,False,2015-W-PM-ESP-01A-2015,Madrid,1.0,1.0,2015-W-P5-CHN-01A-2015,Wuhan,0.031746,0.036364,63,63
2015,Marrakesh,Grand Prix SAR Lalla Meryem,2015-W-INT-MAR-01A-2015,Marrakech,Clay,Clay,0,31,31,1.0,1.0,pair_overlap_verified+name_unmatched+date_window+surface_agreement+draw_compatible+absolute_round_label,accepted,21,International,Outdoor,2015-04-27,2015-05-02,0,31,1.0,2015-04-27,32,I,none,True,True,absolute_round_label,1.0,1.0,1.0,1.0,False,2015-W-INT-MAR-01A-2015,Marrakech,1.0,1.0,2015-D001,Fed Cup WG F: CZE vs RUS,0.0,0.0,31,31
2015,Melbourne,Australian Open,2015-W-SL-AUS-01A-2015,Australian Open,Hard,Hard,0,127,127,0.992126,0.992126,pair_overlap_verified+exact_normalized_tournament+date_window+surface_agreement+draw_compatible+absolute_round_label,accepted,6,Grand Slam,Outdoor,2015-01-19,2015-01-31,0,127,1.0,2015-01-19,128,G,exact_normalized_tournament,True,True,absolute_round_label,0.992126,0.992126,0.984252,0.984252,False,2015-W-SL-AUS-01A-2015,Australian Open,0.992126,0.992126,2015-W-P5-ITA-01A-2015,Rome,0.007874,0.018182,127,127
2015,Miami,Sony Ericsson Open,2015-W-PM-USA-02A-2015,Miami,Hard,Hard,1,95,95,1.0,1.0,pair_overlap_verified+exact_normalized_location+date_window+surface_agreement+draw_compatible+absolute_round_label,accepted,16,Premier,Outdoor,2015-03-24,2015-04-04,0,95,1.0,2015-03-23,96,PM,exact_normalized_location,True,True,absolute_round_label,1.0,1.0,0.947368,0.947368,False,2015-W-PM-USA-02A-2015,Miami,1.0,1.0,2015-W-PM-USA-01A-2015,Indian Wells,0.021053,0.021053,95,95
2015,Monterrey,Monterrey Open,2015-W-INT-MEX-02A-2015,Monterrey,Hard,Hard,1,31,31,1.0,1.0,pair_overlap_verified+exact_normalized_location+date_window+surface_agreement+draw_compatible+absolute_round_label,accepted,14,International,Outdoor,2015-03-03,2015-03-09,0,31,1.0,2015-03-02,32,I,exact_normalized_location,True,True,absolute_round_label,1.0,1.0,1.0,1.0,False,2015-W-INT-MEX-02A-2015,Monterrey,1.0,1.0,2015-W-INT-MEX-01A-2015,Acapulco,0.064516,0.064516,31,31
2015,Moscow,Kremlin Cup,2015-W-P700-RUS-01A-2015,Moscow,Hard,Hard,0,27,27,1.0,1.0,pair_overlap_verified+exact_normalized_location+date_window+surface_agreement+draw_compatible+absolute_round_label,accepted,57,Premier,Indoor,2015-10-19,2015-10-24,0,27,1.0,2015-10-19,28,P,exact_normalized_location,True,True,absolute_round_label,1.0,1.0,0.925926,0.925926,False,2015-W-P700-RUS-01A-2015,Moscow,1.0,1.0,2015-D001,Fed Cup WG F: CZE vs RUS,0.0,0.0,27,27
2015,New Haven,Connecticut Open,2015-W-P700-USA-02A-2015,New Haven,Hard,Hard,-1,29,29,1.0,1.0,pair_overlap_verified+exact_normalized_location+date_window+surface_agreement+draw_compatible+absolute_round_label,accepted,43,Premier,Outdoor,2015-08-23,2015-08-29,0,29,1.0,2015-08-24,30,P,exact_normalized_location,True,True,absolute_round_label,1.0,1.0,0.965517,0.965517,False,2015-W-P700-USA-02A-2015,New Haven,1.0,1.0,2015-W-P700-JPN-01A-2015,Tokyo,0.034483,0.037037,29,29
2015,New York,US Open,2015-W-SL-USA-01A-2015,US Open,Hard,Hard,0,127,127,1.0,1.0,pair_overlap_verified+exact_normalized_tournament+date_window+surface_agreement+draw_compatible+absolute_round_label,accepted,44,Grand Slam,Outdoor,2015-08-31,2015-09-12,0,127,1.0,2015-08-31,128,G,exact_normalized_tournament,True,True,absolute_round_label,1.0,1.0,0.984252,0.984252,False,2015-W-SL-USA-01A-2015,US Open,1.0,1.0,2015-W-P5-CAN-01A-2015,Toronto,0.007874,0.018182,127,127
2015,Nottingham,Aegon Open,2015-W-INT-GBR-01A-2015,Nottingham,Grass,Grass,0,31,31,1.0,1.0,pair_overlap_verified+exact_normalized_location+date_window+surface_agreement+draw_compatible+absolute_round_label,accepted,29,International,Outdoor,2015-06-08,2015-06-15,0,31,1.0,2015-06-08,32,I,exact_normalized_location,True,True,absolute_round_label,1.0,1.0,1.0,1.0,False,2015-W-INT-GBR-01A-2015,Nottingham,1.0,1.0,2015-D001,Fed Cup WG F: CZE vs RUS,0.0,0.0,31,31
2015,Nürnberg,Nürnberger Versicherungscup,2015-W-INT-GER-01A-2015,Nuremberg,Clay,Clay,-1,31,31,1.0,1.0,pair_overlap_verified+name_unmatched+date_window+surface_agreement+draw_compatible+absolute_round_label,accepted,25,International,Outdoor,2015-05-17,2015-05-23,0,31,1.0,2015-05-18,32,I,none,True,True,absolute_round_label,1.0,1.0,1.0,1.0,False,2015-W-INT-GER-01A-2015,Nuremberg,1.0,1.0,2015-D001,Fed Cup WG F: CZE vs RUS,0.0,0.0,31,31
2015,Paris,French Open,2015-W-SL-FRA-01A-2015,Roland Garros,Clay,Clay,-1,127,127,1.0,1.0,pair_overlap_verified+name_unmatched+date_window+surface_agreement+draw_compatible+absolute_round_label,accepted,27,Grand Slam,Outdoor,2015-05-24,2015-06-06,0,127,1.0,2015-05-25,128,G,none,True,True,absolute_round_label,1.0,1.0,0.984252,0.984252,False,2015-W-SL-FRA-01A-2015,Roland Garros,1.0,1.0,2015-W-SL-GBR-01A-2015,Wimbledon,0.015748,0.015748,127,127
2015,Pattaya,Pattaya Women's Open,2015-W-INT-THA-01A-2015,Pattaya,Hard,Hard,0,31,31,1.0,1.0,pair_overlap_verified+exact_normalized_location+date_window+surface_agreement+draw_compatible+absolute_round_label,accepted,8,International,Outdoor,2015-02-09,2015-02-15,0,31,1.0,2015-02-09,32,I,exact_normalized_location,True,True,absolute_round_label,1.0,1.0,1.0,1.0,False,2015-W-INT-THA-01A-2015,Pattaya,1.0,1.0,2015-D001,Fed Cup WG F: CZE vs RUS,0.0,0.0,31,31
2015,Prague,J&T Banka Prague Open,2015-W-INT-CZE-01A-2015,Prague,Clay,Clay,0,31,31,1.0,1.0,pair_overlap_verified+exact_normalized_location+date_window+surface_agreement+draw_compatible+absolute_round_label,accepted,22,International,Outdoor,2015-04-27,2015-05-02,0,31,1.0,2015-04-27,32,I,exact_normalized_location,True,True,absolute_round_label,1.0,1.0,1.0,1.0,False,2015-W-INT-CZE-01A-2015,Prague,1.0,1.0,2015-W-INT-CHN-01A-2015,Shenzhen,0.032258,0.032258,31,31
2015,Quebec,Coupe Banque Nationale,2015-W-INT-CAN-01A-2015,Quebec City,Hard,Hard,0,31,31,1.0,1.0,pair_overlap_verified+token_overlap+date_window+surface_agreement+draw_compatible+absolute_round_label,accepted,45,International,Indoor,2015-09-14,2015-09-20,0,31,1.0,2015-09-14,32,I,token_overlap,True,True,absolute_round_label,1.0,1.0,0.967742,0.967742,False,2015-W-INT-CAN-01A-2015,Quebec City,1.0,1.0,2015-D001,Fed Cup WG F: CZE vs RUS,0.0,0.0,31,31
2015,Rio de Janeiro,Rio Open,2015-W-INT-BRA-01A-2015,Rio de Janeiro,Clay,Clay,0,31,31,1.0,1.0,pair_overlap_verified+exact_normalized_location+date_window+surface_agreement+draw_compatible+absolute_round_label,accepted,10,International,Outdoor,2015-02-16,2015-02-22,0,31,1.0,2015-02-16,32,I,exact_normalized_location,True,True,absolute_round_label,1.0,1.0,1.0,1.0,False,2015-W-INT-BRA-01A-2015,Rio de Janeiro,1.0,1.0,2015-W-INT-BRA-02A-2015,Florianopolis,0.032258,0.032258,31,31
2015,Rome,Internazionali BNL d'Italia,2015-W-P5-ITA-01A-2015,Rome,Clay,Clay,0,55,55,1.0,1.0,pair_overlap_verified+exact_normalized_location+date_window+surface_agreement+draw_compatible+absolute_round_label,accepted,24,Premier,Outdoor,2015-05-11,2015-05-17,0,55,1.0,2015-05-11,56,P,exact_normalized_location,True,True,absolute_round_label,1.0,1.0,0.909091,0.909091,False,2015-W-P5-ITA-01A-2015,Rome,1.0,1.0,2015-W-PR-QAT-01A-2015,Doha,0.036364,0.074074,55,55
2015,Seoul,Kia Korea Open,2015-W-INT-KOR-01A-2015,Seoul,Hard,Hard,0,31,31,1.0,1.0,pair_overlap_verified+exact_normalized_location+date_window+surface_agreement+draw_compatible+absolute_round_label,accepted,48,International,Outdoor,2015-09-21,2015-09-27,0,31,1.0,2015-09-21,32,I,exact_normalized_location,True,True,absolute_round_label,1.0,1.0,0.967742,0.967742,False,2015-W-INT-KOR-01A-2015,Seoul,1.0,1.0,2015-W-INT-USA-01A-2015,Washington,0.032258,0.032258,31,31
2015,Shenzhen,Shenzhen Open,2015-W-INT-CHN-01A-2015,Shenzhen,Hard,Hard,-1,31,31,1.0,1.0,pair_overlap_verified+exact_normalized_location+date_window+surface_agreement+draw_compatible+absolute_round_label,accepted,3,International,Outdoor,2015-01-04,2015-01-10,0,31,1.0,2015-01-05,32,I,exact_normalized_location,True,True,absolute_round_label,1.0,1.0,1.0,1.0,False,2015-W-INT-CHN-01A-2015,Shenzhen,1.0,1.0,2015-W-INT-CZE-01A-2015,Prague,0.032258,0.032258,31,31
2015,Singapore,Sony Ericsson Championships,2015-W-WT-SIN-01A-2015,WTA Finals,Hard,Hard,0,15,15,1.0,1.0,pair_overlap_verified+name_unmatched+date_window+surface_agreement+draw_compatible+absolute_round_label,accepted,58,Tour Championships,Indoor,2015-10-25,2015-11-01,0,15,1.0,2015-10-25,8,W,none,True,True,absolute_round_label,1.0,1.0,1.0,1.0,False,2015-W-WT-SIN-01A-2015,WTA Finals,1.0,1.0,2015-D004,Fed Cup WG R1: POL vs RUS,0.066667,0.333333,15,15
2015,Stanford,Bank of the West Classic,2015-W-P700-USA-03A-2015,Stanford,Hard,Hard,0,27,27,1.0,1.0,pair_overlap_verified+exact_normalized_location+date_window+surface_agreement+draw_compatible+absolute_round_label,accepted,39,Premier,Outdoor,2015-08-03,2015-08-09,0,27,1.0,2015-08-03,28,P,exact_normalized_location,True,True,absolute_round_label,1.0,1.0,0.962963,0.962963,False,2015-W-P700-USA-03A-2015,Stanford,1.0,1.0,2015-W-P700-JPN-01A-2015,Tokyo,0.037037,0.037037,27,27
2015,Strasbourg,Internationaux de Strasbourg,2015-W-INT-FRA-01A-2015,Strasbourg,Clay,Clay,-1,31,31,1.0,1.0,pair_overlap_verified+exact_normalized_location+date_window+surface_agreement+draw_compatible+absolute_round_label,accepted,26,International,Outdoor,2015-05-17,2015-05-23,0,31,1.0,2015-05-18,32,I,exact_normalized_location,True,True,absolute_round_label,1.0,1.0,1.0,1.0,False,2015-W-INT-FRA-01A-2015,Strasbourg,1.0,1.0,2015-D001,Fed Cup WG F: CZE vs RUS,0.0,0.0,31,31
2015,Stuttgart,Porsche Tennis Grand Prix,2015-W-P700-GER-01A-2015,Stuttgart,Clay,Clay,0,27,27,1.0,1.0,pair_overlap_verified+exact_normalized_location+date_window+surface_agreement+draw_compatible+absolute_round_label,accepted,20,Premier,Outdoor,2015-04-20,2015-04-26,0,27,1.0,2015-04-20,28,P,exact_normalized_location,True,True,absolute_round_label,1.0,1.0,1.0,1.0,False,2015-W-P700-GER-01A-2015,Stuttgart,1.0,1.0,2015-W-PM-USA-01A-2015,Indian Wells,0.037037,0.010526,27,27
2015,Sydney,Apai International,2015-W-PR-AUS-02A-2015,Sydney,Hard,Hard,-1,29,29,1.0,1.0,pair_overlap_verified+exact_normalized_location+date_window+surface_agreement+draw_compatible+absolute_round_label,accepted,5,Premier,Outdoor,2015-01-11,2015-01-16,0,29,1.0,2015-01-12,30,P,exact_normalized_location,True,True,absolute_round_label,1.0,1.0,0.931034,0.931034,False,2015-W-PR-AUS-02A-2015,Sydney,1.0,1.0,2015-W-P700-USA-02A-2015,New Haven,0.034483,0.034483,29,29
2015,Tashkent,Tashkent Open,2015-W-INT-UZB-01A-2015,Tashkent,Hard,Hard,0,31,31,1.0,1.0,pair_overlap_verified+exact_normalized_location+date_window+surface_agreement+draw_compatible+absolute_round_label,accepted,50,International,Outdoor,2015-09-28,2015-10-03,0,31,1.0,2015-09-28,32,I,exact_normalized_location,True,True,absolute_round_label,1.0,1.0,0.903226,0.903226,False,2015-W-INT-UZB-01A-2015,Tashkent,1.0,1.0,2015-W-INT-AUT-01A-2015,Bad Gastein,0.032258,0.032258,31,31
2015,Tianjin,Tianjin Open,2015-W-INT-CHN-03A-2015,Tianjin,Hard,Hard,0,31,31,1.0,1.0,pair_overlap_verified+exact_normalized_location+date_window+surface_agreement+draw_compatible+absolute_round_label,accepted,55,International,Outdoor,2015-10-12,2015-10-18,0,31,1.0,2015-10-12,32,I,exact_normalized_location,True,True,absolute_round_label,1.0,1.0,1.0,1.0,False,2015-W-INT-CHN-03A-2015,Tianjin,1.0,1.0,2015-D001,Fed Cup WG F: CZE vs RUS,0.0,0.0,31,31
2015,Tokyo,Japan Women's Tennis Open,2015-W-INT-JPN-01A-2015,Tokyo,Hard,Hard,0,31,31,1.0,1.0,pair_overlap_verified+exact_normalized_location+date_window+surface_agreement+draw_compatible+absolute_round_label,accepted,46,International,Outdoor,2015-09-14,2015-09-20,0,31,1.0,2015-09-14,32,I,exact_normalized_location,True,True,absolute_round_label,1.0,1.0,1.0,1.0,False,2015-W-INT-JPN-01A-2015,Tokyo,1.0,1.0,2015-D001,Fed Cup WG F: CZE vs RUS,0.0,0.0,31,31
2015,Tokyo,Toray Pan Pacific Open,2015-W-P700-JPN-01A-2015,Tokyo,Hard,Hard,0,27,27,1.0,1.0,pair_overlap_verified+exact_normalized_location+date_window+surface_agreement+draw_compatible+absolute_round_label,accepted,49,Premier,Outdoor,2015-09-21,2015-09-27,0,27,1.0,2015-09-21,28,P,exact_normalized_location,True,True,absolute_round_label,1.0,1.0,0.962963,0.962963,False,2015-W-P700-JPN-01A-2015,Tokyo,1.0,1.0,2015-W-P700-USA-03A-2015,Stanford,0.037037,0.037037,27,27
2015,Toronto,Rogers Cup,2015-W-P5-CAN-01A-2015,Toronto,Hard,Hard,0,55,55,1.0,1.0,pair_overlap_verified+exact_normalized_location+date_window+surface_agreement+draw_compatible+absolute_round_label,accepted,41,Premier,Outdoor,2015-08-10,2015-08-16,0,55,1.0,2015-08-10,56,P,exact_normalized_location,True,True,absolute_round_label,1.0,1.0,0.945455,0.945455,False,2015-W-P5-CAN-01A-2015,Toronto,1.0,1.0,2015-W-P700-USA-02A-2015,New Haven,0.018182,0.034483,55,55
2015,Washington,Citi Open,2015-W-INT-USA-01A-2015,Washington,Hard,Hard,0,31,31,1.0,1.0,pair_overlap_verified+exact_normalized_location+date_window+surface_agreement+draw_compatible+absolute_round_label,accepted,40,International,Outdoor,2015-08-03,2015-08-09,0,31,1.0,2015-08-03,32,I,exact_normalized_location,True,True,absolute_round_label,1.0,1.0,1.0,1.0,False,2015-W-INT-USA-01A-2015,Washington,1.0,1.0,2015-W-INT-KOR-01A-2015,Seoul,0.032258,0.032258,31,31
2015,Wuhan,Wuhan Open,2015-W-P5-CHN-01A-2015,Wuhan,Hard,Hard,-1,55,55,1.0,1.0,pair_overlap_verified+exact_normalized_location+date_window+surface_agreement+draw_compatible+absolute_round_label,accepted,51,Premier,Outdoor,2015-09-27,2015-10-03,0,55,1.0,2015-09-28,56,P,exact_normalized_location,True,True,absolute_round_label,1.0,1.0,0.963636,0.963636,False,2015-W-P5-CHN-01A-2015,Wuhan,1.0,1.0,2015-W-PM-ESP-01A-2015,Madrid,0.036364,0.031746,55,55
2015,Zhuhai,WTA Elite Trophy,2015-W-WET-CHN-01A-2015,Zhuhai,Hard,Hard,1,15,15,1.0,1.0,pair_overlap_verified+exact_normalized_location+date_window+surface_agreement+draw_compatible+absolute_round_label,accepted,59,Tour Championships,Indoor,2015-11-03,2015-11-08,0,15,1.0,2015-11-02,12,P,exact_normalized_location,True,True,absolute_round_label,1.0,1.0,1.0,1.0,False,2015-W-WET-CHN-01A-2015,Zhuhai,1.0,1.0,2015-W-P5-CHN-01A-2015,Wuhan,0.066667,0.018182,15,15
2016,'s-Hertogenbosch,Topshelf Open,2016-M010,'s Hertogenbosch,Grass,Grass,0,31,31,1.0,1.0,pair_overlap_verified+exact_normalized_location+date_window+surface_agreement+draw_compatible+absolute_round_label,accepted,29,International,Outdoor,2016-06-06,2016-06-12,0,31,1.0,2016-06-06,32,I,exact_normalized_location,True,True,absolute_round_label,1.0,1.0,0.903226,0.903226,False,2016-M010,'s Hertogenbosch,1.0,1.0,2016-0300,Luxembourg,0.0,0.0,31,31
2016,Acapulco,Abierto Mexicano,2016-M004,Acapulco,Clay,Hard,0,31,31,1.0,1.0,pair_overlap_verified+exact_normalized_location+date_window+draw_compatible+absolute_round_label,accepted,11,International,Outdoor,2016-02-22,2016-02-28,0,31,1.0,2016-02-22,32,I,exact_normalized_location,False,True,absolute_round_label,1.0,1.0,1.0,1.0,False,2016-M004,Acapulco,1.0,1.0,2016-0602,New Haven,0.032258,0.034483,31,31
2016,Auckland,ASB Classic,2016-1049,Auckland,Hard,Hard,-1,31,31,1.0,1.0,pair_overlap_verified+exact_normalized_location+date_window+surface_agreement+draw_compatible+absolute_round_label,accepted,1,International,Outdoor,2016-01-03,2016-01-09,0,31,1.0,2016-01-04,32,I,exact_normalized_location,True,True,absolute_round_label,1.0,1.0,1.0,1.0,False,2016-1049,Auckland,1.0,1.0,2016-0300,Luxembourg,0.0,0.0,31,31
2016,Bastad,Ericsson Open,2016-1048,Bastad,Clay,Clay,0,31,31,1.0,1.0,pair_overlap_verified+exact_normalized_location+date_window+surface_agreement+draw_compatible+absolute_round_label,accepted,37,International,Outdoor,2016-07-18,2016-07-24,0,31,1.0,2016-07-18,32,I,exact_normalized_location,True,True,absolute_round_label,1.0,1.0,0.967742,0.967742,False,2016-1048,Bastad,1.0,1.0,2016-0300,Luxembourg,0.0,0.0,31,31
2016,Beijing,China Open,2016-M015,Beijing,Hard,Hard,-2,59,59,1.0,1.0,pair_overlap_verified+exact_normalized_location+date_window+surface_agreement+draw_compatible+absolute_round_label,accepted,53,Premier,Outdoor,2016-10-01,2016-10-09,0,59,1.0,2016-10-03,64,P,exact_normalized_location,True,True,absolute_round_label,1.0,1.0,0.932203,0.932203,False,2016-M015,Beijing,1.0,1.0,2016-1075,Wuhan,0.033898,0.036364,59,59
2016,Birmingham,AEGON Classic,2016-1052,Birmingham,Grass,Grass,0,31,31,1.0,1.0,pair_overlap_verified+exact_normalized_location+date_window+surface_agreement+draw_compatible+absolute_round_label,accepted,31,Premier,Outdoor,2016-06-13,2016-06-19,0,31,1.0,2016-06-13,32,P,exact_normalized_location,True,True,absolute_round_label,1.0,1.0,0.935484,0.935484,False,2016-1052,Birmingham,1.0,1.0,2016-M001,Sydney,0.032258,0.034483,31,31
2016,Bogota,Copa Claro Colsanitas,2016-0894,Bogota,Clay,Clay,0,31,31,1.0,1.0,pair_overlap_verified+exact_normalized_location+date_window+surface_agreement+draw_compatible+absolute_round_label,accepted,19,International,Outdoor,2016-04-11,2016-04-17,0,31,1.0,2016-04-11,32,I,exact_normalized_location,True,True,absolute_round_label,1.0,1.0,1.0,1.0,False,2016-0894,Bogota,1.0,1.0,2016-0300,Luxembourg,0.0,0.0,31,31
2016,Brisbane,Brisbane International,2016-M020,Brisbane,Hard,Hard,-1,29,29,1.0,1.0,pair_overlap_verified+exact_normalized_location+date_window+surface_agreement+draw_compatible+absolute_round_label,accepted,2,Premier,Outdoor,2016-01-03,2016-01-09,0,29,1.0,2016-01-04,32,P,exact_normalized_location,True,True,absolute_round_label,1.0,1.0,1.0,1.0,False,2016-M020,Brisbane,1.0,1.0,2016-0804,Charleston,0.034483,0.018182,29,29
2016,Bucharest,Bucharest Open,2016-1079,Bucharest,Clay,Clay,0,31,31,1.0,1.0,pair_overlap_verified+exact_normalized_location+date_window+surface_agreement+draw_compatible+absolute_round_label,accepted,35,International,Outdoor,2016-07-11,2016-07-17,0,31,1.0,2016-07-11,32,I,exact_normalized_location,True,True,absolute_round_label,1.0,1.0,0.967742,0.967742,False,2016-1079,Bucharest,1.0,1.0,2016-0300,Luxembourg,0.0,0.0,31,31
2016,Charleston,Family Circle Cup,2016-0804,Charleston,Clay,Clay,0,55,55,1.0,1.0,pair_overlap_verified+exact_normalized_location+date_window+surface_agreement+draw_compatible+absolute_round_label,accepted,17,Premier,Outdoor,2016-04-04,2016-04-10,0,55,1.0,2016-04-04,64,P,exact_normalized_location,True,True,absolute_round_label,1.0,1.0,0.945455,0.945455,False,2016-0804,Charleston,1.0,1.0,2016-0710,Eastbourne,0.018182,0.021277,55,55
2016,Cincinnati,Western & Southern Financial Group Women's Open,2016-M024,Cincinnati,Hard,Hard,0,47,47,1.0,1.0,pair_overlap_verified+exact_normalized_location+date_window+surface_agreement+draw_compatible+absolute_round_label,accepted,43,Premier,Outdoor,2016-08-15,2016-08-21,0,47,1.0,2016-08-15,64,P,exact_normalized_location,True,True,absolute_round_label,1.0,1.0,0.93617,0.93617,False,2016-M024,Cincinnati,1.0,1.0,2016-0710,Eastbourne,0.042553,0.042553,47,47
2016,Doha,Qatar Total Open,2016-1003,Doha,Hard,Hard,-1,55,55,1.0,1.0,pair_overlap_verified+exact_normalized_location+date_window+surface_agreement+draw_compatible+absolute_round_label,accepted,12,Premier,Outdoor,2016-02-21,2016-02-27,0,55,1.0,2016-02-22,64,P,exact_normalized_location,True,True,absolute_round_label,1.0,1.0,0.963636,0.963636,False,2016-1003,Doha,1.0,1.0,2016-0703,Stanford,0.018182,0.037037,55,55
2016,Dubai,Dubai Duty Free Tennis Championships,2016-0718,Dubai,Hard,Hard,0,27,27,1.0,1.0,pair_overlap_verified+exact_normalized_location+date_window+surface_agreement+draw_compatible+absolute_round_label,accepted,9,Premier,Indoor,2016-02-15,2016-02-20,0,27,1.0,2016-02-15,32,P,exact_normalized_location,True,True,absolute_round_label,1.0,1.0,0.962963,0.962963,False,2016-0718,Dubai,1.0,1.0,2016-1075,Wuhan,0.037037,0.018182,27,27
2016,Eastbourne,AEGON International,2016-0710,Eastbourne,Grass,Grass,-1,47,47,1.0,1.0,pair_overlap_verified+exact_normalized_location+date_window+surface_agreement+draw_compatible+absolute_round_label,accepted,33,Premier,Outdoor,2016-06-19,2016-06-25,0,47,1.0,2016-06-20,64,P,exact_normalized_location,True,True,absolute_round_label,1.0,1.0,0.957447,0.957447,False,2016-0710,Eastbourne,1.0,1.0,2016-M024,Cincinnati,0.042553,0.042553,47,47
2016,Florianopolis,Brasil Tennis Cup,2016-1064,Florianopolis,Hard,Hard,-1,31,31,1.0,1.0,pair_overlap_verified+exact_normalized_location+date_window+surface_agreement+draw_compatible+absolute_round_label,accepted,41,International,Outdoor,2016-07-31,2016-08-05,0,31,1.0,2016-08-01,32,I,exact_normalized_location,True,True,absolute_round_label,1.0,1.0,0.967742,0.967742,False,2016-1064,Florianopolis,1.0,1.0,2016-0300,Luxembourg,0.0,0.0,31,31
2016,Gstaad,Ladies Championship Gstaad,2016-1094,Gstaad,Clay,Clay,0,31,31,1.0,1.0,pair_overlap_verified+exact_normalized_location+date_window+surface_agreement+draw_compatible+absolute_round_label,accepted,36,International,Outdoor,2016-07-11,2016-07-17,0,31,1.0,2016-07-11,32,I,exact_normalized_location,True,True,absolute_round_label,1.0,1.0,1.0,1.0,False,2016-1094,Gstaad,1.0,1.0,2016-1005,Rabat,0.032258,0.032258,31,31
2016,Guangzhou,Guangzhou Open,2016-1023,Guangzhou,Hard,Hard,0,31,31,1.0,1.0,pair_overlap_verified+exact_normalized_location+date_window+surface_agreement+draw_compatible+absolute_round_label,accepted,48,International,Outdoor,2016-09-19,2016-09-24,0,31,1.0,2016-09-19,32,I,exact_normalized_location,True,True,absolute_round_label,1.0,1.0,1.0,1.0,False,2016-1023,Guangzhou,1.0,1.0,2016-0300,Luxembourg,0.0,0.0,31,31
2016,Hobart,Hobart International,2016-1050,Hobart,Hard,Hard,-1,31,31,0.935484,0.935484,pair_overlap_verified+exact_normalized_location+date_window+surface_agreement+draw_compatible+absolute_round_label,accepted,4,International,Outdoor,2016-01-10,2016-01-16,0,31,1.0,2016-01-11,32,I,exact_normalized_location,True,True,absolute_round_label,0.935484,0.935484,0.935484,0.935484,False,2016-1050,Hobart,0.935484,0.935484,2016-0300,Luxembourg,0.0,0.0,31,31
2016,Hong Kong,Prudential Hong Kong Tennis Open,2016-1074,Hong Kong,Hard,Hard,0,31,31,1.0,1.0,pair_overlap_verified+exact_normalized_location+date_window+surface_agreement+draw_compatible+absolute_round_label,accepted,54,International,Outdoor,2016-10-10,2016-10-16,0,31,1.0,2016-10-10,32,I,exact_normalized_location,True,True,absolute_round_label,1.0,1.0,0.870968,0.870968,True,2016-1074,Hong Kong,1.0,1.0,2016-0300,Luxembourg,0.0,0.0,31,31
2016,Indian Wells,BNP Paribas Open,2016-M006,Indian Wells,Hard,Hard,2,95,95,1.0,1.0,pair_overlap_verified+exact_normalized_location+date_window+surface_agreement+draw_compatible+absolute_round_label,accepted,15,Premier,Outdoor,2016-03-09,2016-03-20,0,95,1.0,2016-03-07,128,P,exact_normalized_location,True,True,absolute_round_label,1.0,1.0,0.989474,0.989474,False,2016-M006,Indian Wells,1.0,1.0,2016-580,Australian Open,0.031579,0.023622,95,95
2016,Istanbul,TEB BNP Paribas Istanbul Cup,2016-1027,Istanbul,Clay,Clay,0,31,31,1.0,1.0,pair_overlap_verified+exact_normalized_location+date_window+surface_agreement+draw_compatible+absolute_round_label,accepted,20,International,Outdoor,2016-04-18,2016-04-24,0,31,1.0,2016-04-18,32,I,exact_normalized_location,True,True,absolute_round_label,1.0,1.0,0.870968,0.870968,True,2016-1027,Istanbul,1.0,1.0,2016-0825,Tashkent,0.032258,0.032258,31,31
2016,Kaohsiung,Taiwan Open,2016-1087,Kaohsiung,Hard,Hard,0,31,31,0.967742,0.967742,pair_overlap_verified+exact_normalized_location+date_window+surface_agreement+draw_compatible+absolute_round_label,accepted,8,International,Outdoor,2016-02-08,2016-02-14,0,31,1.0,2016-02-08,32,I,exact_normalized_location,True,True,absolute_round_label,0.967742,0.967742,0.967742,0.967742,False,2016-1087,Kaohsiung,0.967742,0.967742,2016-0300,Luxembourg,0.0,0.0,31,31
2016,Katowice,Katowice Open,2016-1067,Katowice,Clay,Hard,0,31,31,1.0,1.0,pair_overlap_verified+exact_normalized_location+date_window+draw_compatible+absolute_round_label,accepted,18,International,Indoor,2016-04-04,2016-04-10,0,31,1.0,2016-04-04,32,I,exact_normalized_location,False,True,absolute_round_label,1.0,1.0,1.0,1.0,False,2016-1067,Katowice,1.0,1.0,2016-1027,Istanbul,0.032258,0.032258,31,31
2016,Kuala Lumpur,Malaysia Open,2016-1041,Kuala Lumpur,Hard,Hard,0,31,31,1.0,1.0,pair_overlap_verified+exact_normalized_location+date_window+surface_agreement+draw_compatible+absolute_round_label,accepted,13,International,Outdoor,2016-02-29,2016-03-06,0,31,1.0,2016-02-29,32,I,exact_normalized_location,True,True,absolute_round_label,1.0,1.0,1.0,1.0,False,2016-1041,Kuala Lumpur,1.0,1.0,2016-0300,Luxembourg,0.0,0.0,31,31
2016,Linz,Generali Ladies Linz,2016-0528,Linz,Hard,Hard,0,31,31,1.0,1.0,pair_overlap_verified+exact_normalized_location+date_window+surface_agreement+draw_compatible+absolute_round_label,accepted,55,International,Indoor,2016-10-10,2016-10-16,0,31,1.0,2016-10-10,32,I,exact_normalized_location,True,True,absolute_round_label,1.0,1.0,1.0,1.0,False,2016-0528,Linz,1.0,1.0,2016-0300,Luxembourg,0.0,0.0,31,31
2016,London,Wimbledon,2016-540,Wimbledon,Grass,Grass,0,127,127,1.0,1.0,pair_overlap_verified+exact_normalized_tournament+date_window+surface_agreement+draw_compatible+absolute_round_label,accepted,34,Grand Slam,Outdoor,2016-06-27,2016-07-09,0,127,1.0,2016-06-27,128,G,exact_normalized_tournament,True,True,absolute_round_label,1.0,1.0,0.976378,0.976378,False,2016-540,Wimbledon,1.0,1.0,2016-M007,Miami,0.015748,0.021053,127,127
2016,Luxembourg,BGL BNP Paribas Luxembourg Open,2016-0300,Luxembourg,Hard,Hard,0,31,31,1.0,1.0,pair_overlap_verified+exact_normalized_location+date_window+surface_agreement+draw_compatible+absolute_round_label,accepted,57,International,Indoor,2016-10-17,2016-10-22,0,31,1.0,2016-10-17,32,I,exact_normalized_location,True,True,absolute_round_label,1.0,1.0,1.0,1.0,False,2016-0300,Luxembourg,1.0,1.0,2016-W-FC-2016-WG-M-CZE-ROU-01,Fed Cup WG R1: CZE vs ROU,0.032258,0.25,31,31
2016,Madrid,Mutua Madrid Open,2016-M021,Madrid,Clay,Clay,-2,63,63,1.0,1.0,pair_overlap_verified+exact_normalized_location+date_window+surface_agreement+draw_compatible+absolute_round_label,accepted,24,Premier,Outdoor,2016-04-30,2016-05-07,0,63,1.0,2016-05-02,64,P,exact_normalized_location,True,True,absolute_round_label,1.0,1.0,0.936508,0.936508,False,2016-M021,Madrid,1.0,1.0,2016-M024,Cincinnati,0.015873,0.021277,63,63
2016,Mallorca,Mallorca Open,2016-1091,Mallorca,Grass,Grass,0,31,31,1.0,1.0,pair_overlap_verified+exact_normalized_location+date_window+surface_agreement+draw_compatible+absolute_round_label,accepted,32,International,Outdoor,2016-06-13,2016-06-19,0,31,1.0,2016-06-13,32,I,exact_normalized_location,True,True,absolute_round_label,1.0,1.0,1.0,1.0,False,2016-1091,Mallorca,1.0,1.0,2016-M004,Acapulco,0.032258,0.032258,31,31
2016,Melbourne,Australian Open,2016-580,Australian Open,Hard,Hard,0,127,127,0.984252,0.984252,pair_overlap_verified+exact_normalized_tournament+date_window+surface_agreement+draw_compatible+absolute_round_label,accepted,6,Grand Slam,Outdoor,2016-01-18,2016-01-30,0,127,1.0,2016-01-18,128,G,exact_normalized_tournament,True,True,absolute_round_label,0.984252,0.984252,0.952756,0.952756,False,2016-580,Australian Open,0.984252,0.984252,2016-M006,Indian Wells,0.023622,0.031579,127,127
2016,Miami,Sony Ericsson Open,2016-M007,Miami,Hard,Hard,1,95,95,1.0,1.0,pair_overlap_verified+exact_normalized_location+date_window+surface_agreement+draw_compatible+absolute_round_label,accepted,16,Premier,Outdoor,2016-03-22,2016-04-02,0,95,1.0,2016-03-21,128,P,exact_normalized_location,True,True,absolute_round_label,1.0,1.0,0.989474,0.989474,False,2016-M007,Miami,1.0,1.0,2016-540,Wimbledon,0.021053,0.015748,95,95
2016,Monterrey,Monterrey Open,2016-1039,Monterrey,Hard,Hard,0,31,31,1.0,1.0,pair_overlap_verified+exact_normalized_location+date_window+surface_agreement+draw_compatible+absolute_round_label,accepted,14,International,Outdoor,2016-02-29,2016-03-06,0,31,1.0,2016-02-29,32,I,exact_normalized_location,True,True,absolute_round_label,1.0,1.0,1.0,1.0,False,2016-1039,Monterrey,1.0,1.0,2016-0300,Luxembourg,0.0,0.0,31,31
2016,Montreal,Rogers Cup,2016-0806,Montreal,Hard,Hard,0,55,55,1.0,1.0,pair_overlap_verified+exact_normalized_location+date_window+surface_agreement+draw_compatible+absolute_round_label,accepted,40,Premier,Outdoor,2016-07-25,2016-07-31,0,55,1.0,2016-07-25,64,P,exact_normalized_location,True,True,absolute_round_label,1.0,1.0,0.963636,0.963636,False,2016-0806,Montreal,1.0,1.0,2016-M006,Indian Wells,0.018182,0.010526,55,55
2016,Moscow,Kremlin Cup,2016-M014,Moscow,Hard,Hard,0,27,27,1.0,1.0,pair_overlap_verified+exact_normalized_location+date_window+surface_agreement+draw_compatible+absolute_round_label,accepted,58,Premier,Indoor,2016-10-17,2016-10-22,0,27,1.0,2016-10-17,32,P,exact_normalized_location,True,True,absolute_round_label,1.0,1.0,0.814815,0.814815,True,2016-M014,Moscow,1.0,1.0,2016-0300,Luxembourg,0.0,0.0,27,27
2016,Nanchang,Jiangxi Women's Tennis Open,2016-1077,Nanchang,Hard,Hard,0,31,31,0.967742,0.967742,pair_overlap_verified+exact_normalized_location+date_window+surface_agreement+draw_compatible+absolute_round_label,accepted,42,International,Outdoor,2016-08-01,2016-08-07,0,31,1.0,2016-08-01,32,I,exact_normalized_location,True,True,absolute_round_label,0.967742,0.967742,0.967742,0.967742,False,2016-1077,Nanchang,0.967742,0.967742,2016-0405,Japan Open Tokyo,0.032258,0.032258,31,31
2016,New Haven,Connecticut Open,2016-0602,New Haven,Hard,Hard,-1,29,29,1.0,1.0,pair_overlap_verified+exact_normalized_location+date_window+surface_agreement+draw_compatible+absolute_round_label,accepted,44,Premier,Outdoor,2016-08-21,2016-08-27,0,29,1.0,2016-08-22,32,P,exact_normalized_location,True,True,absolute_round_label,1.0,1.0,1.0,1.0,False,2016-0602,New Haven,1.0,1.0,2016-1051,Stuttgart,0.034483,0.037037,29,29
2016,New York,US Open,2016-560,US Open,Hard,Hard,0,127,127,1.0,1.0,pair_overlap_verified+exact_normalized_tournament+date_window+surface_agreement+draw_compatible+absolute_round_label,accepted,45,Grand Slam,Outdoor,2016-08-29,2016-09-10,0,127,1.0,2016-08-29,128,G,exact_normalized_tournament,True,True,absolute_round_label,1.0,1.0,0.984252,0.984252,False,2016-560,US Open,1.0,1.0,2016-1056,Tokyo,0.007874,0.037037,127,127
2016,Nottingham,Aegon Open,2016-1080,Nottingham,Grass,Grass,0,31,31,1.0,1.0,pair_overlap_verified+exact_normalized_location+date_window+surface_agreement+draw_compatible+absolute_round_label,accepted,30,International,Outdoor,2016-06-06,2016-06-12,0,31,1.0,2016-06-06,32,I,exact_normalized_location,True,True,absolute_round_label,1.0,1.0,1.0,1.0,False,2016-1080,Nottingham,1.0,1.0,2016-1063,Shenzhen,0.064516,0.064516,31,31
2016,Nürnberg,Nürnberger Versicherungscup,2016-1068,Nurnberg,Clay,Clay,-1,31,31,1.0,1.0,pair_overlap_verified+exact_normalized_location+date_window+surface_agreement+draw_compatible+absolute_round_label,accepted,26,International,Outdoor,2016-05-15,2016-05-21,0,31,1.0,2016-05-16,32,I,exact_normalized_location,True,True,absolute_round_label,1.0,1.0,1.0,1.0,False,2016-1068,Nurnberg,1.0,1.0,2016-0300,Luxembourg,0.0,0.0,31,31
2016,Paris,French Open,2016-520,Roland Garros,Clay,Clay,-1,127,127,1.0,1.0,pair_overlap_verified+name_unmatched+date_window+surface_agreement+draw_compatible+absolute_round_label,accepted,28,Grand Slam,Outdoor,2016-05-22,2016-06-04,0,127,1.0,2016-05-23,128,G,none,True,True,absolute_round_label,1.0,1.0,0.992126,0.992126,False,2016-520,Roland Garros,1.0,1.0,2016-M021,Madrid,0.007874,0.015873,127,127
2016,Prague,J&T Banka Prague Open,2016-1082,Prague,Clay,Clay,0,31,31,1.0,1.0,pair_overlap_verified+exact_normalized_location+date_window+surface_agreement+draw_compatible+absolute_round_label,accepted,22,International,Outdoor,2016-04-25,2016-04-30,0,31,1.0,2016-04-25,32,I,exact_normalized_location,True,True,absolute_round_label,1.0,1.0,1.0,1.0,False,2016-1082,Prague,1.0,1.0,2016-1076,Tianjin,0.032258,0.032258,31,31
2016,Quebec,Coupe Banque Nationale,2016-0656,Quebec City,Hard,Hard,0,31,31,1.0,1.0,pair_overlap_verified+token_overlap+date_window+surface_agreement+draw_compatible+absolute_round_label,accepted,46,International,Indoor,2016-09-12,2016-09-18,0,31,1.0,2016-09-12,32,I,token_overlap,True,True,absolute_round_label,1.0,1.0,1.0,1.0,False,2016-0656,Quebec City,1.0,1.0,2016-M035,Washington,0.032258,0.032258,31,31
2016,Rabat,Grand Prix SAR Lalla Meryem,2016-1005,Rabat,Clay,Clay,0,31,31,1.0,1.0,pair_overlap_verified+exact_normalized_location+date_window+surface_agreement+draw_compatible+absolute_round_label,accepted,23,International,Outdoor,2016-04-25,2016-04-30,0,31,1.0,2016-04-25,32,I,exact_normalized_location,True,True,absolute_round_label,1.0,1.0,0.935484,0.935484,False,2016-1005,Rabat,1.0,1.0,2016-1094,Gstaad,0.032258,0.032258,31,31
2016,Rio de Janeiro,Rio Open,2016-M052,Rio de Janeiro,Clay,Clay,0,31,31,1.0,1.0,pair_overlap_verified+exact_normalized_location+date_window+surface_agreement+draw_compatible+absolute_round_label,accepted,10,International,Outdoor,2016-02-15,2016-02-21,0,31,1.0,2016-02-15,32,I,exact_normalized_location,True,True,absolute_round_label,1.0,1.0,1.0,1.0,False,2016-M052,Rio de Janeiro,1.0,1.0,2016-0300,Luxembourg,0.0,0.0,31,31
2016,Rome,Internazionali BNL d'Italia,2016-M009,Rome,Clay,Clay,0,55,55,1.0,1.0,pair_overlap_verified+exact_normalized_location+date_window+surface_agreement+draw_compatible+absolute_round_label,accepted,25,Premier,Outdoor,2016-05-09,2016-05-15,0,55,1.0,2016-05-09,64,P,exact_normalized_location,True,True,absolute_round_label,1.0,1.0,0.945455,0.945455,False,2016-M009,Rome,1.0,1.0,2016-M024,Cincinnati,0.018182,0.021277,55,55
2016,Seoul,Korea Open,2016-1024,Seoul,Hard,Hard,0,31,31,1.0,1.0,pair_overlap_verified+exact_normalized_location+date_window+surface_agreement+draw_compatible+absolute_round_label,accepted,49,International,Outdoor,2016-09-19,2016-09-25,0,31,1.0,2016-09-19,32,I,exact_normalized_location,True,True,absolute_round_label,1.0,1.0,0.935484,0.935484,False,2016-1024,Seoul,1.0,1.0,2016-0300,Luxembourg,0.0,0.0,31,31
2016,Shenzhen,Shenzhen Open,2016-1063,Shenzhen,Hard,Hard,0,31,31,1.0,1.0,pair_overlap_verified+exact_normalized_location+date_window+surface_agreement+draw_compatible+absolute_round_label,accepted,3,International,Outdoor,2016-01-04,2016-01-09,0,31,1.0,2016-01-04,32,I,exact_normalized_location,True,True,absolute_round_label,1.0,1.0,1.0,1.0,False,2016-1063,Shenzhen,1.0,1.0,2016-1080,Nottingham,0.064516,0.064516,31,31
2016,Singapore,BNP Paribas WTA Finals,2016-0808,Singapore,Hard,Hard,-1,15,15,1.0,1.0,pair_overlap_verified+exact_normalized_location+date_window+surface_agreement+draw_compatible+absolute_round_label,accepted,59,Tour Championships,Indoor,2016-10-23,2016-10-30,0,15,1.0,2016-10-24,8,F,exact_normalized_location,True,True,absolute_round_label,1.0,1.0,1.0,1.0,False,2016-0808,Singapore,1.0,1.0,2016-W-FC-2016-WG-PO-GER-ROU-01,Fed Cup WG R1: GER vs ROU,0.066667,0.25,15,15
2016,St. Petersburg,Ladies Trophy,2016-1086,St. Petersburg,Hard,Hard,1,27,27,1.0,1.0,pair_overlap_verified+exact_normalized_location+date_window+surface_agreement+draw_compatible+absolute_round_label,accepted,7,International,Indoor,2016-02-09,2016-02-14,0,27,1.0,2016-02-08,32,P,exact_normalized_location,True,True,absolute_round_label,1.0,1.0,0.888889,0.888889,True,2016-1086,St. Petersburg,1.0,1.0,2016-1063,Shenzhen,0.037037,0.032258,27,27
2016,Stanford,Bank of the West Classic,2016-0703,Stanford,Hard,Hard,0,27,27,1.0,1.0,pair_overlap_verified+exact_normalized_location+date_window+surface_agreement+draw_compatible+absolute_round_label,accepted,38,Premier,Outdoor,2016-07-18,2016-07-24,0,27,1.0,2016-07-18,32,P,exact_normalized_location,True,True,absolute_round_label,1.0,1.0,1.0,1.0,False,2016-0703,Stanford,1.0,1.0,2016-1003,Doha,0.037037,0.018182,27,27
2016,Strasbourg,Internationaux de Strasbourg,2016-0406,Strasbourg,Clay,Clay,-1,31,31,1.0,1.0,pair_overlap_verified+exact_normalized_location+date_window+surface_agreement+draw_compatible+absolute_round_label,accepted,27,International,Outdoor,2016-05-15,2016-05-21,0,31,1.0,2016-05-16,32,I,exact_normalized_location,True,True,absolute_round_label,1.0,1.0,1.0,1.0,False,2016-0406,Strasbourg,1.0,1.0,2016-1081,Zhuhai,0.032258,0.066667,31,31
2016,Stuttgart,Porsche Tennis Grand Prix,2016-1051,Stuttgart,Clay,Clay,0,27,27,1.0,1.0,pair_overlap_verified+exact_normalized_location+date_window+surface_agreement+draw_compatible+absolute_round_label,accepted,21,Premier,Outdoor,2016-04-18,2016-04-24,0,27,1.0,2016-04-18,32,P,exact_normalized_location,True,True,absolute_round_label,1.0,1.0,1.0,1.0,False,2016-1051,Stuttgart,1.0,1.0,2016-0808,Singapore,0.037037,0.066667,27,27
2016,Sydney,Apai International,2016-M001,Sydney,Hard,Hard,-1,29,29,1.0,1.0,pair_overlap_verified+exact_normalized_location+date_window+surface_agreement+draw_compatible+absolute_round_label,accepted,5,Premier,Outdoor,2016-01-10,2016-01-15,0,29,1.0,2016-01-11,32,P,exact_normalized_location,True,True,absolute_round_label,1.0,1.0,1.0,1.0,False,2016-M001,Sydney,1.0,1.0,2016-1052,Birmingham,0.034483,0.032258,29,29
2016,Tashkent,Tashkent Open,2016-0825,Tashkent,Hard,Hard,0,31,31,1.0,1.0,pair_overlap_verified+exact_normalized_location+date_window+surface_agreement+draw_compatible+absolute_round_label,accepted,51,International,Outdoor,2016-09-26,2016-10-01,0,31,1.0,2016-09-26,32,I,exact_normalized_location,True,True,absolute_round_label,1.0,1.0,0.870968,0.870968,True,2016-0825,Tashkent,1.0,1.0,2016-1027,Istanbul,0.032258,0.032258,31,31
2016,Tianjin,Tianjin Open,2016-1076,Tianjin,Hard,Hard,0,31,31,1.0,1.0,pair_overlap_verified+exact_normalized_location+date_window+surface_agreement+draw_compatible+absolute_round_label,accepted,56,International,Outdoor,2016-10-10,2016-10-16,0,31,1.0,2016-10-10,32,I,exact_normalized_location,True,True,absolute_round_label,1.0,1.0,1.0,1.0,False,2016-1076,Tianjin,1.0,1.0,2016-1082,Prague,0.032258,0.032258,31,31
2016,Tokyo,Japan Women's Tennis Open,2016-0405,Japan Open Tokyo,Hard,Hard,0,31,31,1.0,1.0,pair_overlap_verified+token_subset+date_window+surface_agreement+draw_compatible+absolute_round_label,accepted,47,International,Outdoor,2016-09-12,2016-09-18,0,31,1.0,2016-09-12,32,I,token_subset,True,True,absolute_round_label,1.0,1.0,0.967742,0.967742,False,2016-0405,Japan Open Tokyo,1.0,1.0,2016-1077,Nanchang,0.032258,0.032258,31,31
2016,Tokyo,Toray Pan Pacific Open,2016-1056,Tokyo,Hard,Hard,0,27,27,1.0,1.0,pair_overlap_verified+exact_normalized_location+date_window+surface_agreement+draw_compatible+absolute_round_label,accepted,50,Premier,Outdoor,2016-09-19,2016-09-25,0,27,1.0,2016-09-19,32,P,exact_normalized_location,True,True,absolute_round_label,1.0,1.0,1.0,1.0,False,2016-1056,Tokyo,1.0,1.0,2016-560,US Open,0.037037,0.007874,27,27
2016,Washington,Citi Open,2016-M035,Washington,Hard,Hard,0,31,31,1.0,1.0,pair_overlap_verified+exact_normalized_location+date_window+surface_agreement+draw_compatible+relative_round_depth,accepted,39,International,Outdoor,2016-07-18,2016-07-24,0,31,1.0,2016-07-18,64,I,exact_normalized_location,True,True,relative_round_depth,1.0,1.0,1.0,1.0,False,2016-M035,Washington,1.0,1.0,2016-0656,Quebec City,0.032258,0.032258,31,31
2016,Wuhan,Wuhan Open,2016-1075,Wuhan,Hard,Hard,-1,55,55,1.0,1.0,pair_overlap_verified+exact_normalized_location+date_window+surface_agreement+draw_compatible+absolute_round_label,accepted,52,Premier,Outdoor,2016-09-25,2016-10-01,0,55,1.0,2016-09-26,64,I,exact_normalized_location,True,True,absolute_round_label,1.0,1.0,0.981818,0.981818,False,2016-1075,Wuhan,1.0,1.0,2016-0808,Singapore,0.054545,0.2,55,55
2016,Zhuhai,WTA Elite Trophy,2016-1081,Zhuhai,Hard,Hard,1,15,15,1.0,1.0,pair_overlap_verified+exact_normalized_location+date_window+surface_agreement+draw_compatible+absolute_round_label,accepted,60,Tour Championships,Indoor,2016-11-01,2016-11-06,0,15,1.0,2016-10-31,12,F,exact_normalized_location,True,True,absolute_round_label,1.0,1.0,1.0,1.0,False,2016-1081,Zhuhai,1.0,1.0,2016-0602,New Haven,0.066667,0.034483,15,15
2017,'s-Hertogenbosch,Ricoh Open,2017-M010,'s Hertogenbosch,Grass,Grass,0,31,31,1.0,1.0,pair_overlap_verified+exact_normalized_location+date_window+surface_agreement+draw_compatible+absolute_round_label,accepted,29,International,Outdoor,2017-06-12,2017-06-18,0,31,1.0,2017-06-12,32,I,exact_normalized_location,True,True,absolute_round_label,1.0,1.0,1.0,1.0,False,2017-M010,'s Hertogenbosch,1.0,1.0,2017-1094,Gstaad,0.032258,0.032258,31,31
2017,Acapulco,Abierto Mexicano,2017-M004,Acapulco,Clay,Hard,0,31,31,1.0,1.0,pair_overlap_verified+exact_normalized_location+date_window+draw_compatible+absolute_round_label,accepted,12,International,Outdoor,2017-02-27,2017-03-05,0,31,1.0,2017-02-27,32,I,exact_normalized_location,False,True,absolute_round_label,1.0,1.0,1.0,1.0,False,2017-M004,Acapulco,1.0,1.0,2017-0300,Luxembourg,0.0,0.0,31,31
2017,Auckland,ASB Classic,2017-1049,Auckland,Hard,Hard,-1,31,31,1.0,1.0,pair_overlap_verified+exact_normalized_location+date_window+surface_agreement+draw_compatible+absolute_round_label,accepted,1,International,Outdoor,2017-01-01,2017-01-07,0,31,1.0,2017-01-02,32,I,exact_normalized_location,True,True,absolute_round_label,1.0,1.0,1.0,1.0,False,2017-1049,Auckland,1.0,1.0,2017-1074,Hong Kong,0.032258,0.032258,31,31
2017,Bastad,Ericsson Open,2017-1048,Bastad,Clay,Clay,0,31,31,1.0,1.0,pair_overlap_verified+exact_normalized_location+date_window+surface_agreement+draw_compatible+absolute_round_label,accepted,37,International,Outdoor,2017-07-24,2017-07-30,0,31,1.0,2017-07-24,32,I,exact_normalized_location,True,True,absolute_round_label,1.0,1.0,0.903226,0.903226,False,2017-1048,Bastad,1.0,1.0,2017-0300,Luxembourg,0.0,0.0,31,31
2017,Beijing,China Open,2017-M015,Beijing,Hard,Hard,-2,60,60,1.0,1.0,pair_overlap_verified+exact_normalized_location+date_window+surface_agreement+draw_compatible+absolute_round_label,accepted,52,Premier,Outdoor,2017-09-30,2017-10-08,0,60,1.0,2017-10-02,64,PM,exact_normalized_location,True,True,absolute_round_label,1.0,1.0,0.95,0.95,False,2017-M015,Beijing,1.0,1.0,2017-0806,Toronto,0.016667,0.018182,60,60
2017,Biel,Ladies Open Biel Bienne,2017-1098,Biel,Hard,Hard,0,31,31,1.0,1.0,pair_overlap_verified+exact_normalized_location+date_window+surface_agreement+draw_compatible+absolute_round_label,accepted,18,International,Indoor,2017-04-10,2017-04-16,0,31,1.0,2017-04-10,32,I,exact_normalized_location,True,True,absolute_round_label,1.0,1.0,1.0,1.0,False,2017-1098,Biel,1.0,1.0,2017-0300,Luxembourg,0.0,0.0,31,31
2017,Birmingham,AEGON Classic,2017-1052,Birmingham,Grass,Grass,0,31,31,1.0,1.0,pair_overlap_verified+exact_normalized_location+date_window+surface_agreement+draw_compatible+absolute_round_label,accepted,31,Premier,Outdoor,2017-06-19,2017-06-25,0,31,1.0,2017-06-19,32,P,exact_normalized_location,True,True,absolute_round_label,1.0,1.0,0.903226,0.903226,False,2017-1052,Birmingham,1.0,1.0,2017-0806,Toronto,0.032258,0.018182,31,31
2017,Bogota,Copa Claro Colsanitas,2017-0894,Bogota,Clay,Clay,0,31,31,1.0,1.0,pair_overlap_verified+exact_normalized_location+date_window+surface_agreement+draw_compatible+absolute_round_label,accepted,19,International,Outdoor,2017-04-10,2017-04-15,0,31,1.0,2017-04-10,32,I,exact_normalized_location,True,True,absolute_round_label,1.0,1.0,1.0,1.0,False,2017-0894,Bogota,1.0,1.0,2017-0300,Luxembourg,0.0,0.0,31,31
2017,Brisbane,Brisbane International,2017-M020,Brisbane,Hard,Hard,-1,29,29,1.0,1.0,pair_overlap_verified+exact_normalized_location+date_window+surface_agreement+draw_compatible+absolute_round_label,accepted,2,Premier,Outdoor,2017-01-01,2017-01-07,0,29,1.0,2017-01-02,32,I,exact_normalized_location,True,True,absolute_round_label,1.0,1.0,1.0,1.0,False,2017-M020,Brisbane,1.0,1.0,2017-1003,Doha,0.034483,0.037037,29,29
2017,Bucharest,Bucharest Open,2017-1079,Bucharest,Clay,Clay,0,31,31,1.0,1.0,pair_overlap_verified+exact_normalized_location+date_window+surface_agreement+draw_compatible+absolute_round_label,accepted,35,International,Outdoor,2017-07-17,2017-07-23,0,31,1.0,2017-07-17,32,I,exact_normalized_location,True,True,absolute_round_label,1.0,1.0,0.967742,0.967742,False,2017-1079,Bucharest,1.0,1.0,2017-0300,Luxembourg,0.0,0.0,31,31
2017,Budapest,Hungarian Ladies Open,2017-1097,Budapest,Hard,Hard,0,31,31,1.0,1.0,pair_overlap_verified+exact_normalized_location+date_window+surface_agreement+draw_compatible+absolute_round_label,accepted,10,International,Indoor,2017-02-20,2017-02-26,0,31,1.0,2017-02-20,32,I,exact_normalized_location,True,True,absolute_round_label,1.0,1.0,0.967742,0.967742,False,2017-1097,Budapest,1.0,1.0,2017-1080,Nottingham,0.032258,0.032258,31,31
2017,Charleston,Family Circle Cup,2017-0804,Charleston,Clay,Clay,0,55,55,1.0,1.0,pair_overlap_verified+exact_normalized_location+date_window+surface_agreement+draw_compatible+absolute_round_label,accepted,16,Premier,Outdoor,2017-04-03,2017-04-09,0,55,1.0,2017-04-03,64,P,exact_normalized_location,True,True,absolute_round_label,1.0,1.0,0.963636,0.963636,False,2017-0804,Charleston,1.0,1.0,2017-1049,Auckland,0.018182,0.032258,55,55
2017,Cincinnati,Western & Southern Financial Group Women's Open,2017-M024,Cincinnati,Hard,Hard,0,55,55,1.0,1.0,pair_overlap_verified+exact_normalized_location+date_window+surface_agreement+draw_compatible+absolute_round_label,accepted,42,Premier,Outdoor,2017-08-14,2017-08-20,0,55,1.0,2017-08-14,64,P,exact_normalized_location,True,True,absolute_round_label,1.0,1.0,0.963636,0.963636,False,2017-M024,Cincinnati,1.0,1.0,2017-0806,Toronto,0.018182,0.018182,55,55
2017,Doha,Qatar Total Open,2017-1003,Doha,Hard,Hard,0,27,27,1.0,1.0,pair_overlap_verified+exact_normalized_location+date_window+surface_agreement+draw_compatible+absolute_round_label,accepted,9,Premier,Outdoor,2017-02-13,2017-02-18,0,27,1.0,2017-02-13,32,P,exact_normalized_location,True,True,absolute_round_label,1.0,1.0,1.0,1.0,False,2017-1003,Doha,1.0,1.0,2017-M001,Sydney,0.037037,0.034483,27,27
2017,Dubai,Dubai Duty Free Tennis Championships,2017-0718,Dubai,Hard,Hard,-1,55,55,1.0,1.0,pair_overlap_verified+exact_normalized_location+date_window+surface_agreement+draw_compatible+absolute_round_label,accepted,11,Premier,Outdoor,2017-02-19,2017-02-25,0,55,1.0,2017-02-20,64,P,exact_normalized_location,True,True,absolute_round_label,1.0,1.0,1.0,1.0,False,2017-0718,Dubai,1.0,1.0,2017-M009,Rome,0.036364,0.036364,55,55
2017,Eastbourne,AEGON International,2017-M016,Eastbourne,Grass,Grass,-1,47,47,1.0,1.0,pair_overlap_verified+exact_normalized_location+date_window+surface_agreement+draw_compatible+absolute_round_label,accepted,33,Premier,Outdoor,2017-06-25,2017-07-01,0,47,1.0,2017-06-26,64,P,exact_normalized_location,True,True,absolute_round_label,1.0,1.0,0.978723,0.978723,False,2017-M016,Eastbourne,1.0,1.0,2017-0808,Singapore,0.021277,0.066667,47,47
2017,Gstaad,Ladies Championship Gstaad,2017-1094,Gstaad,Clay,Clay,0,31,31,1.0,1.0,pair_overlap_verified+exact_normalized_location+date_window+surface_agreement+draw_compatible+absolute_round_label,accepted,36,International,Outdoor,2017-07-17,2017-07-23,0,31,1.0,2017-07-17,32,I,exact_normalized_location,True,True,absolute_round_label,1.0,1.0,1.0,1.0,False,2017-1094,Gstaad,1.0,1.0,2017-M010,'s Hertogenbosch,0.032258,0.032258,31,31
2017,Guangzhou,Guangzhou Open,2017-1023,Guangzhou,Hard,Hard,0,31,31,1.0,1.0,pair_overlap_verified+exact_normalized_location+date_window+surface_agreement+draw_compatible+absolute_round_label,accepted,47,International,Outdoor,2017-09-18,2017-09-23,0,31,1.0,2017-09-18,32,I,exact_normalized_location,True,True,absolute_round_label,1.0,1.0,0.903226,0.903226,False,2017-1023,Guangzhou,1.0,1.0,2017-0300,Luxembourg,0.0,0.0,31,31
2017,Hobart,Hobart International,2017-1050,Hobart,Hard,Hard,-1,31,31,1.0,1.0,pair_overlap_verified+exact_normalized_location+date_window+surface_agreement+draw_compatible+absolute_round_label,accepted,4,International,Outdoor,2017-01-08,2017-01-14,0,31,1.0,2017-01-09,32,I,exact_normalized_location,True,True,absolute_round_label,1.0,1.0,1.0,1.0,False,2017-1050,Hobart,1.0,1.0,2017-0300,Luxembourg,0.0,0.0,31,31
2017,Hong Kong,Prudential Hong Kong Tennis Open,2017-1074,Hong Kong,Hard,Hard,0,31,31,1.0,1.0,pair_overlap_verified+exact_normalized_location+date_window+surface_agreement+draw_compatible+absolute_round_label,accepted,53,International,Outdoor,2017-10-09,2017-10-15,0,31,1.0,2017-10-09,32,I,exact_normalized_location,True,True,absolute_round_label,1.0,1.0,0.83871,0.83871,True,2017-1074,Hong Kong,1.0,1.0,2017-1049,Auckland,0.032258,0.032258,31,31
2017,Indian Wells,BNP Paribas Open,2017-M006,Indian Wells,Hard,Hard,2,95,95,1.0,1.0,pair_overlap_verified+exact_normalized_location+date_window+surface_agreement+draw_compatible+absolute_round_label,accepted,14,Premier,Outdoor,2017-03-08,2017-03-19,0,95,1.0,2017-03-06,128,PM,exact_normalized_location,True,True,absolute_round_label,1.0,1.0,0.978947,0.978947,False,2017-M006,Indian Wells,1.0,1.0,2017-0808,Singapore,0.010526,0.066667,95,95
2017,Istanbul,Istanbul Cup,2017-1027,Istanbul,Clay,Clay,0,31,31,1.0,1.0,pair_overlap_verified+exact_normalized_location+date_window+surface_agreement+draw_compatible+absolute_round_label,accepted,20,International,Outdoor,2017-04-24,2017-04-30,0,31,1.0,2017-04-24,32,I,exact_normalized_location,True,True,absolute_round_label,1.0,1.0,0.967742,0.967742,False,2017-1027,Istanbul,1.0,1.0,2017-0300,Luxembourg,0.0,0.0,31,31
2017,Kuala Lumpur,Malaysia Open,2017-1041,Kuala Lumpur,Hard,Hard,0,31,31,1.0,1.0,pair_overlap_verified+exact_normalized_location+date_window+surface_agreement+draw_compatible+absolute_round_label,accepted,13,International,Outdoor,2017-02-27,2017-03-05,0,31,1.0,2017-02-27,32,I,exact_normalized_location,True,True,absolute_round_label,1.0,1.0,0.967742,0.967742,False,2017-1041,Kuala Lumpur,1.0,1.0,2017-0300,Luxembourg,0.0,0.0,31,31
2017,Linz,Generali Ladies Linz,2017-0528,Linz,Hard,Hard,0,31,31,1.0,1.0,pair_overlap_verified+exact_normalized_location+date_window+surface_agreement+draw_compatible+absolute_round_label,accepted,54,International,Indoor,2017-10-09,2017-10-15,0,31,1.0,2017-10-09,32,I,exact_normalized_location,True,True,absolute_round_label,1.0,1.0,0.935484,0.935484,False,2017-0528,Linz,1.0,1.0,2017-1075,Wuhan,0.032258,0.018182,31,31
2017,London,Wimbledon,2017-540,Wimbledon,Grass,Grass,0,127,127,1.0,1.0,pair_overlap_verified+exact_normalized_tournament+date_window+surface_agreement+draw_compatible+absolute_round_label,accepted,34,Grand Slam,Outdoor,2017-07-03,2017-07-15,0,127,1.0,2017-07-03,128,G,exact_normalized_tournament,True,True,absolute_round_label,1.0,1.0,0.992126,0.992126,False,2017-540,Wimbledon,1.0,1.0,2017-M007,Miami,0.023622,0.031579,127,127
2017,Luxembourg,BGL BNP Paribas Luxembourg Open,2017-0300,Luxembourg,Hard,Hard,0,31,31,1.0,1.0,pair_overlap_verified+exact_normalized_location+date_window+surface_agreement+draw_compatible+absolute_round_label,accepted,56,International,Indoor,2017-10-16,2017-10-21,0,31,1.0,2017-10-16,32,I,exact_normalized_location,True,True,absolute_round_label,1.0,1.0,1.0,1.0,False,2017-0300,Luxembourg,1.0,1.0,2017-0405,Tokyo,0.0,0.0,31,31
2017,Madrid,Mutua Madrid Open,2017-M021,Madrid,Clay,Clay,-2,63,63,1.0,1.0,pair_overlap_verified+exact_normalized_location+date_window+surface_agreement+draw_compatible+absolute_round_label,accepted,24,Premier,Outdoor,2017-05-06,2017-05-13,0,63,1.0,2017-05-08,64,PM,exact_normalized_location,True,True,absolute_round_label,1.0,1.0,0.984127,0.984127,False,2017-M021,Madrid,1.0,1.0,2017-M007,Miami,0.015873,0.010526,63,63
2017,Mallorca,Mallorca Open,2017-1091,Calvia,Grass,Grass,0,31,31,1.0,1.0,pair_overlap_verified+name_unmatched+date_window+surface_agreement+draw_compatible+absolute_round_label,accepted,32,International,Outdoor,2017-06-19,2017-06-25,0,31,1.0,2017-06-19,32,I,none,True,True,absolute_round_label,1.0,1.0,1.0,1.0,False,2017-1091,Calvia,1.0,1.0,2017-0300,Luxembourg,0.0,0.0,31,31
2017,Melbourne,Australian Open,2017-580,Australian Open,Hard,Hard,0,127,127,1.0,1.0,pair_overlap_verified+exact_normalized_tournament+date_window+surface_agreement+draw_compatible+absolute_round_label,accepted,6,Grand Slam,Outdoor,2017-01-16,2017-01-28,0,127,1.0,2017-01-16,128,G,exact_normalized_tournament,True,True,absolute_round_label,1.0,1.0,0.96063,0.96063,False,2017-580,Australian Open,1.0,1.0,2017-0718,Dubai,0.007874,0.018182,127,127
2017,Miami,Sony Ericsson Open,2017-M007,Miami,Hard,Hard,1,95,95,1.0,1.0,pair_overlap_verified+exact_normalized_location+date_window+surface_agreement+draw_compatible+absolute_round_label,accepted,15,Premier,Outdoor,2017-03-21,2017-04-01,0,95,1.0,2017-03-20,128,PM,exact_normalized_location,True,True,absolute_round_label,1.0,1.0,0.989474,0.989474,False,2017-M007,Miami,1.0,1.0,2017-540,Wimbledon,0.031579,0.023622,95,95
2017,Monterrey,Monterrey Open,2017-1039,Monterrey,Hard,Hard,0,31,31,1.0,1.0,pair_overlap_verified+exact_normalized_location+date_window+surface_agreement+draw_compatible+absolute_round_label,accepted,17,International,Outdoor,2017-04-03,2017-04-09,0,31,1.0,2017-04-03,32,I,exact_normalized_location,True,True,absolute_round_label,1.0,1.0,1.0,1.0,False,2017-1039,Monterrey,1.0,1.0,2017-0656,Quebec City,0.032258,0.032258,31,31
2017,Moscow,Kremlin Cup,2017-M014,Moscow,Hard,Hard,0,27,27,1.0,1.0,pair_overlap_verified+exact_normalized_location+date_window+surface_agreement+draw_compatible+absolute_round_label,accepted,57,Premier,Indoor,2017-10-16,2017-10-21,0,27,1.0,2017-10-16,32,I,exact_normalized_location,True,True,absolute_round_label,1.0,1.0,0.925926,0.925926,False,2017-M014,Moscow,1.0,1.0,2017-0602,New Haven,0.037037,0.034483,27,27
2017,Nanchang,Jiangxi Women's Tennis Open,2017-1077,Nanchang,Hard,Hard,0,31,31,1.0,1.0,pair_overlap_verified+exact_normalized_location+date_window+surface_agreement+draw_compatible+absolute_round_label,accepted,38,International,Outdoor,2017-07-24,2017-07-30,0,31,1.0,2017-07-24,32,I,exact_normalized_location,True,True,absolute_round_label,1.0,1.0,1.0,1.0,False,2017-1077,Nanchang,1.0,1.0,2017-0300,Luxembourg,0.0,0.0,31,31
2017,New Haven,Connecticut Open,2017-0602,New Haven,Hard,Hard,-1,29,29,1.0,1.0,pair_overlap_verified+exact_normalized_location+date_window+surface_agreement+draw_compatible+absolute_round_label,accepted,43,Premier,Outdoor,2017-08-20,2017-08-26,0,29,1.0,2017-08-21,32,P,exact_normalized_location,True,True,absolute_round_label,1.0,1.0,0.827586,0.827586,True,2017-0602,New Haven,1.0,1.0,2017-M014,Moscow,0.034483,0.037037,29,29
2017,New York,US Open,2017-560,US Open,Hard,Hard,0,127,127,1.0,1.0,pair_overlap_verified+exact_normalized_tournament+date_window+surface_agreement+draw_compatible+absolute_round_label,accepted,44,Grand Slam,Outdoor,2017-08-28,2017-09-09,0,127,1.0,2017-08-28,128,G,exact_normalized_tournament,True,True,absolute_round_label,1.0,1.0,0.96063,0.96063,False,2017-560,US Open,1.0,1.0,2017-540,Wimbledon,0.015748,0.015748,127,127
2017,Nottingham,Aegon Open,2017-1080,Nottingham,Grass,Grass,0,31,31,0.967742,0.967742,pair_overlap_verified+exact_normalized_location+date_window+surface_agreement+draw_compatible+absolute_round_label,accepted,30,International,Outdoor,2017-06-12,2017-06-18,0,31,1.0,2017-06-12,32,I,exact_normalized_location,True,True,absolute_round_label,1.0,1.0,0.967742,0.967742,False,2017-1080,Nottingham,0.967742,0.967742,2017-1097,Budapest,0.032258,0.032258,31,31
2017,Nürnberg,Nürnberger Versicherungscup,2017-1068,Nurnberg,Clay,Clay,-1,31,31,1.0,1.0,pair_overlap_verified+exact_normalized_location+date_window+surface_agreement+draw_compatible+absolute_round_label,accepted,26,International,Outdoor,2017-05-21,2017-05-27,0,31,1.0,2017-05-22,32,I,exact_normalized_location,True,True,absolute_round_label,1.0,1.0,1.0,1.0,False,2017-1068,Nurnberg,1.0,1.0,2017-0300,Luxembourg,0.0,0.0,31,31
2017,Paris,French Open,2017-520,Roland Garros,Clay,Clay,-1,127,127,1.0,1.0,pair_overlap_verified+name_unmatched+date_window+surface_agreement+draw_compatible+absolute_round_label,accepted,28,Grand Slam,Outdoor,2017-05-28,2017-06-10,0,127,1.0,2017-05-29,128,G,none,True,True,absolute_round_label,1.0,1.0,0.984252,0.984252,False,2017-520,Roland Garros,1.0,1.0,2017-0804,Charleston,0.007874,0.018182,127,127
2017,Prague,J&T Banka Prague Open,2017-1082,Prague,Clay,Clay,0,31,31,0.935484,0.935484,pair_overlap_verified+exact_normalized_location+date_window+surface_agreement+draw_compatible+absolute_round_label,accepted,22,International,Outdoor,2017-05-01,2017-05-06,0,31,1.0,2017-05-01,32,I,exact_normalized_location,True,True,absolute_round_label,0.935484,0.935484,0.935484,0.935484,False,2017-1082,Prague,0.935484,0.935484,2017-M015,Beijing,0.032258,0.016667,31,31
2017,Quebec,Coupe Banque Nationale,2017-0656,Quebec City,Hard,Hard,0,31,31,1.0,1.0,pair_overlap_verified+token_overlap+date_window+surface_agreement+draw_compatible+absolute_round_label,accepted,45,International,Indoor,2017-09-11,2017-09-17,0,31,1.0,2017-09-11,32,I,token_overlap,True,True,absolute_round_label,1.0,1.0,1.0,1.0,False,2017-0656,Quebec City,1.0,1.0,2017-1039,Monterrey,0.032258,0.032258,31,31
2017,Rabat,Grand Prix SAR Lalla Meryem,2017-1005,Rabat,Clay,Clay,0,31,31,1.0,1.0,pair_overlap_verified+exact_normalized_location+date_window+surface_agreement+draw_compatible+absolute_round_label,accepted,23,International,Outdoor,2017-05-01,2017-05-06,0,31,1.0,2017-05-01,32,I,exact_normalized_location,True,True,absolute_round_label,1.0,1.0,0.903226,0.903226,False,2017-1005,Rabat,1.0,1.0,2017-0300,Luxembourg,0.0,0.0,31,31
2017,Rome,Internazionali BNL d'Italia,2017-M009,Rome,Clay,Clay,0,55,55,1.0,1.0,pair_overlap_verified+exact_normalized_location+date_window+surface_agreement+draw_compatible+absolute_round_label,accepted,25,Premier,Outdoor,2017-05-15,2017-05-21,0,55,1.0,2017-05-15,64,P,exact_normalized_location,True,True,absolute_round_label,1.0,1.0,0.927273,0.927273,False,2017-M009,Rome,1.0,1.0,2017-0718,Dubai,0.036364,0.036364,55,55
2017,Seoul,Korea Open,2017-1024,Seoul,Hard,Hard,0,31,31,1.0,1.0,pair_overlap_verified+exact_normalized_location+date_window+surface_agreement+draw_compatible+absolute_round_label,accepted,48,International,Outdoor,2017-09-18,2017-09-24,0,31,1.0,2017-09-18,32,I,exact_normalized_location,True,True,absolute_round_label,1.0,1.0,1.0,1.0,False,2017-1024,Seoul,1.0,1.0,2017-0300,Luxembourg,0.0,0.0,31,31
2017,Shenzhen,Shenzhen Open,2017-1063,Shenzhen,Hard,Hard,-1,31,31,1.0,1.0,pair_overlap_verified+exact_normalized_location+date_window+surface_agreement+draw_compatible+absolute_round_label,accepted,3,International,Outdoor,2017-01-01,2017-01-07,0,31,1.0,2017-01-02,32,I,exact_normalized_location,True,True,absolute_round_label,1.0,1.0,1.0,1.0,False,2017-1063,Shenzhen,1.0,1.0,2017-0300,Luxembourg,0.0,0.0,31,31
2017,Singapore,BNP Paribas WTA Finals,2017-0808,Singapore,Hard,Hard,-1,15,15,1.0,1.0,pair_overlap_verified+exact_normalized_location+date_window+surface_agreement+draw_compatible+absolute_round_label,accepted,58,Tour Championships,Indoor,2017-10-22,2017-10-29,0,15,1.0,2017-10-23,8,F,exact_normalized_location,True,True,absolute_round_label,1.0,1.0,1.0,1.0,False,2017-0808,Singapore,1.0,1.0,2017-W-FC-2017-WG-M-CZE-ESP-01,Fed Cup WG R1: CZE vs ESP,0.066667,0.25,15,15
2017,St. Petersburg,Ladies Trophy,2017-1086,St. Petersburg,Hard,Hard,0,27,27,1.0,1.0,pair_overlap_verified+exact_normalized_location+date_window+surface_agreement+draw_compatible+absolute_round_label,accepted,7,International,Indoor,2017-01-30,2017-02-05,0,27,1.0,2017-01-30,32,P,exact_normalized_location,True,True,absolute_round_label,1.0,1.0,0.925926,0.925926,False,2017-1086,St. Petersburg,1.0,1.0,2017-0300,Luxembourg,0.0,0.0,27,27
2017,Stanford,Bank of the West Classic,2017-0703,Stanford,Hard,Hard,0,27,27,1.0,1.0,pair_overlap_verified+exact_normalized_location+date_window+surface_agreement+draw_compatible+absolute_round_label,accepted,39,Premier,Outdoor,2017-07-31,2017-08-06,0,27,1.0,2017-07-31,32,P,exact_normalized_location,True,True,absolute_round_label,1.0,1.0,1.0,1.0,False,2017-0703,Stanford,1.0,1.0,2017-0300,Luxembourg,0.0,0.0,27,27
2017,Strasbourg,Internationaux de Strasbourg,2017-0406,Strasbourg,Clay,Clay,-1,31,31,1.0,1.0,pair_overlap_verified+exact_normalized_location+date_window+surface_agreement+draw_compatible+absolute_round_label,accepted,27,International,Outdoor,2017-05-21,2017-05-27,0,31,1.0,2017-05-22,32,I,exact_normalized_location,True,True,absolute_round_label,1.0,1.0,0.83871,0.83871,True,2017-0406,Strasbourg,1.0,1.0,2017-0300,Luxembourg,0.0,0.0,31,31
2017,Stuttgart,Porsche Tennis Grand Prix,2017-1051,Stuttgart,Clay,Clay,1,27,27,1.0,1.0,pair_overlap_verified+exact_normalized_location+date_window+surface_agreement+draw_compatible+absolute_round_label,accepted,21,Premier,Outdoor,2017-04-25,2017-04-30,0,27,1.0,2017-04-24,32,P,exact_normalized_location,True,True,absolute_round_label,1.0,1.0,1.0,1.0,False,2017-1051,Stuttgart,1.0,1.0,2017-0806,Toronto,0.037037,0.018182,27,27
2017,Sydney,Apai International,2017-M001,Sydney,Hard,Hard,-1,29,29,1.0,1.0,pair_overlap_verified+exact_normalized_location+date_window+surface_agreement+draw_compatible+absolute_round_label,accepted,5,Premier,Outdoor,2017-01-08,2017-01-13,0,29,1.0,2017-01-09,32,I,exact_normalized_location,True,True,absolute_round_label,1.0,1.0,0.931034,0.931034,False,2017-M001,Sydney,1.0,1.0,2017-1003,Doha,0.034483,0.037037,29,29
2017,Taipei,Taiwan Open,2017-1096,Taipei,Hard,Hard,0,31,31,1.0,1.0,pair_overlap_verified+exact_normalized_location+date_window+surface_agreement+draw_compatible+absolute_round_label,accepted,8,International,Outdoor,2017-01-30,2017-02-05,0,31,1.0,2017-01-30,32,I,exact_normalized_location,True,True,absolute_round_label,1.0,1.0,0.967742,0.967742,False,2017-1096,Taipei,1.0,1.0,2017-0300,Luxembourg,0.0,0.0,31,31
2017,Tashkent,Tashkent Open,2017-0825,Tashkent,Hard,Hard,0,31,31,1.0,1.0,pair_overlap_verified+exact_normalized_location+date_window+surface_agreement+draw_compatible+absolute_round_label,accepted,50,International,Outdoor,2017-09-25,2017-09-30,0,31,1.0,2017-09-25,32,I,exact_normalized_location,True,True,absolute_round_label,1.0,1.0,0.903226,0.903226,False,2017-0825,Tashkent,1.0,1.0,2017-0300,Luxembourg,0.0,0.0,31,31
2017,Tianjin,Tianjin Open,2017-1076,Tianjin,Hard,Hard,2,31,31,1.0,1.0,pair_overlap_verified+exact_normalized_location+date_window+surface_agreement+draw_compatible+absolute_round_label,accepted,55,International,Outdoor,2017-10-11,2017-10-15,0,31,1.0,2017-10-09,32,I,exact_normalized_location,True,True,absolute_round_label,1.0,1.0,0.967742,0.967742,False,2017-1076,Tianjin,1.0,1.0,2017-0300,Luxembourg,0.0,0.0,31,31
2017,Tokyo,Japan Women's Tennis Open,2017-0405,Tokyo,Hard,Hard,0,31,31,1.0,1.0,pair_overlap_verified+exact_normalized_location+date_window+surface_agreement+draw_compatible+absolute_round_label,accepted,46,International,Outdoor,2017-09-11,2017-09-17,0,31,1.0,2017-09-11,32,I,exact_normalized_location,True,True,absolute_round_label,1.0,1.0,1.0,1.0,False,2017-0405,Tokyo,1.0,1.0,2017-0300,Luxembourg,0.0,0.0,31,31
2017,Tokyo,Toray Pan Pacific Open,2017-1056,Tokyo,Hard,Hard,0,27,27,1.0,1.0,pair_overlap_verified+exact_normalized_location+date_window+surface_agreement+draw_compatible+absolute_round_label,accepted,49,Premier,Outdoor,2017-09-18,2017-09-24,0,27,1.0,2017-09-18,32,P,exact_normalized_location,True,True,absolute_round_label,1.0,1.0,0.962963,0.962963,False,2017-1056,Tokyo,1.0,1.0,2017-0300,Luxembourg,0.0,0.0,27,27
2017,Toronto,Rogers Cup,2017-0806,Toronto,Hard,Hard,0,55,55,1.0,1.0,pair_overlap_verified+exact_normalized_location+date_window+surface_agreement+draw_compatible+absolute_round_label,accepted,41,Premier,Outdoor,2017-08-07,2017-08-13,0,55,1.0,2017-08-07,64,P,exact_normalized_location,True,True,absolute_round_label,1.0,1.0,0.963636,0.963636,False,2017-0806,Toronto,1.0,1.0,2017-0718,Dubai,0.018182,0.018182,55,55
2017,Washington,Citi Open,2017-M035,Washington,Hard,Hard,0,31,31,1.0,1.0,pair_overlap_verified+exact_normalized_location+date_window+surface_agreement+draw_compatible+absolute_round_label,accepted,40,International,Outdoor,2017-07-31,2017-08-06,0,31,1.0,2017-07-31,32,I,exact_normalized_location,True,True,absolute_round_label,1.0,1.0,1.0,1.0,False,2017-M035,Washington,1.0,1.0,2017-M024,Cincinnati,0.032258,0.018182,31,31
2017,Wuhan,Wuhan Open,2017-1075,Wuhan,Hard,Hard,-1,55,55,1.0,1.0,pair_overlap_verified+exact_normalized_location+date_window+surface_agreement+draw_compatible+absolute_round_label,accepted,51,Premier,Outdoor,2017-09-24,2017-09-30,0,55,1.0,2017-09-25,64,P,exact_normalized_location,True,True,absolute_round_label,1.0,1.0,0.981818,0.981818,False,2017-1075,Wuhan,1.0,1.0,2017-0528,Linz,0.018182,0.032258,55,55
2017,Zhuhai,WTA Elite Trophy,2017-1081,Zhuhai,Hard,Hard,0,15,15,1.0,1.0,pair_overlap_verified+exact_normalized_location+date_window+surface_agreement+draw_compatible+absolute_round_label,accepted,59,Tour Championships,Indoor,2017-10-31,2017-11-05,0,15,1.0,2017-10-31,12,F,exact_normalized_location,True,True,absolute_round_label,1.0,1.0,1.0,1.0,False,2017-1081,Zhuhai,1.0,1.0,2017-0300,Luxembourg,0.0,0.0,15,15
2018,'s-Hertogenbosch,Ricoh Open,2018-M010,s-Hertogenbosch,Grass,Grass,0,31,31,1.0,1.0,pair_overlap_verified+exact_normalized_location+date_window+surface_agreement+draw_compatible+absolute_round_label,accepted,29,International,Outdoor,2018-06-11,2018-06-17,0,31,1.0,2018-06-11,32,I,exact_normalized_location,True,True,absolute_round_label,1.0,1.0,0.870968,0.870968,True,2018-M010,s-Hertogenbosch,1.0,1.0,2018-1068,Nurnberg,0.032258,0.032258,31,31
2018,Acapulco,Abierto Mexicano,2018-M004,Acapulco,Clay,Hard,0,31,31,1.0,1.0,pair_overlap_verified+exact_normalized_location+date_window+draw_compatible+absolute_round_label,accepted,12,International,Outdoor,2018-02-26,2018-03-04,0,31,1.0,2018-02-26,32,I,exact_normalized_location,False,True,absolute_round_label,1.0,1.0,0.83871,0.83871,True,2018-M004,Acapulco,1.0,1.0,2018-0300,Luxembourg,0.0,0.0,31,31
2018,Auckland,ASB Classic,2018-1049,Auckland,Hard,Hard,-1,31,31,1.0,1.0,pair_overlap_verified+exact_normalized_location+date_window+surface_agreement+draw_compatible+absolute_round_label,accepted,1,International,Outdoor,2017-12-31,2018-01-07,0,31,1.0,2018-01-01,32,I,exact_normalized_location,True,True,absolute_round_label,1.0,1.0,0.935484,0.935484,False,2018-1049,Auckland,1.0,1.0,2018-1050,Hobart,0.032258,0.032258,31,31
2018,Beijing,China Open,2018-M015,Beijing,Hard,Hard,-2,60,60,1.0,1.0,pair_overlap_verified+exact_normalized_location+date_window+surface_agreement+draw_compatible+absolute_round_label,accepted,52,Premier,Outdoor,2018-09-29,2018-10-07,0,60,1.0,2018-10-01,64,PM,exact_normalized_location,True,True,absolute_round_label,1.0,1.0,0.966667,0.966667,False,2018-M015,Beijing,1.0,1.0,2018-1082,Prague,0.016667,0.032258,60,60
2018,Birmingham,AEGON Classic,2018-1052,Birmingham,Grass,Grass,0,31,31,1.0,1.0,pair_overlap_verified+exact_normalized_location+date_window+surface_agreement+draw_compatible+absolute_round_label,accepted,31,Premier,Outdoor,2018-06-18,2018-06-24,0,31,1.0,2018-06-18,32,P,exact_normalized_location,True,True,absolute_round_label,1.0,1.0,0.935484,0.935484,False,2018-1052,Birmingham,1.0,1.0,2018-1086,St. Petersburg,0.032258,0.037037,31,31
2018,Bogota,Copa Claro Colsanitas,2018-0894,Bogota,Clay,Clay,0,31,31,1.0,1.0,pair_overlap_verified+exact_normalized_location+date_window+surface_agreement+draw_compatible+absolute_round_label,accepted,18,International,Outdoor,2018-04-09,2018-04-15,0,31,1.0,2018-04-09,32,I,exact_normalized_location,True,True,absolute_round_label,1.0,1.0,1.0,1.0,False,2018-0894,Bogota,1.0,1.0,2018-1076,Tianjin,0.032258,0.032258,31,31
2018,Brisbane,Brisbane International,2018-M020,Brisbane,Hard,Hard,-1,29,29,1.0,1.0,pair_overlap_verified+exact_normalized_location+date_window+surface_agreement+draw_compatible+absolute_round_label,accepted,2,Premier,Outdoor,2017-12-31,2018-01-06,0,29,1.0,2018-01-01,32,P,exact_normalized_location,True,True,absolute_round_label,1.0,1.0,1.0,1.0,False,2018-M020,Brisbane,1.0,1.0,2018-0602,New Haven,0.034483,0.034483,29,29
2018,Bucharest,Bucharest Open,2018-1079,Bucharest,Clay,Clay,0,31,31,1.0,1.0,pair_overlap_verified+exact_normalized_location+date_window+surface_agreement+draw_compatible+absolute_round_label,accepted,35,International,Outdoor,2018-07-16,2018-07-22,0,31,1.0,2018-07-16,32,I,exact_normalized_location,True,True,absolute_round_label,1.0,1.0,1.0,1.0,False,2018-1079,Bucharest,1.0,1.0,2018-1076,Tianjin,0.032258,0.032258,31,31
2018,Budapest,Hungarian Ladies Open,2018-1097,Budapest,Hard,Hard,0,31,31,1.0,1.0,pair_overlap_verified+exact_normalized_location+date_window+surface_agreement+draw_compatible+absolute_round_label,accepted,10,International,Indoor,2018-02-19,2018-02-25,0,31,1.0,2018-02-19,32,I,exact_normalized_location,True,True,absolute_round_label,1.0,1.0,0.83871,0.83871,True,2018-1097,Budapest,1.0,1.0,2018-1101,Lugano,0.032258,0.032258,31,31
2018,Charleston,Family Circle Cup,2018-0804,Charleston,Clay,Clay,0,55,55,1.0,1.0,pair_overlap_verified+exact_normalized_location+date_window+surface_agreement+draw_compatible+absolute_round_label,accepted,15|16,Premier,Outdoor,2018-04-02,2018-04-08,0,55,1.0,2018-04-02,64,P,exact_normalized_location,True,True,absolute_round_label,1.0,1.0,0.963636,0.963636,False,2018-0804,Charleston,1.0,1.0,2018-0806,Montreal,0.018182,0.018182,55,55
2018,Cincinnati,Western & Southern Financial Group Women's Open,2018-M024,Cincinnati,Hard,Hard,0,55,55,1.0,1.0,pair_overlap_verified+exact_normalized_location+date_window+surface_agreement+draw_compatible+absolute_round_label,accepted,42,Premier,Outdoor,2018-08-13,2018-08-19,0,55,1.0,2018-08-13,64,PM,exact_normalized_location,True,True,absolute_round_label,1.0,1.0,0.945455,0.945455,False,2018-M024,Cincinnati,1.0,1.0,2018-M015,Beijing,0.018182,0.016667,55,55
2018,Doha,Qatar Total Open,2018-1003,Doha,Hard,Hard,0,55,55,1.0,1.0,pair_overlap_verified+exact_normalized_location+date_window+surface_agreement+draw_compatible+absolute_round_label,accepted,9,Premier,Outdoor,2018-02-12,2018-02-18,0,55,1.0,2018-02-12,64,P,exact_normalized_location,True,True,absolute_round_label,1.0,1.0,1.0,1.0,False,2018-1003,Doha,1.0,1.0,2018-0602,New Haven,0.018182,0.034483,55,55
2018,Dubai,Dubai Duty Free Tennis Championships,2018-0718,Dubai,Hard,Hard,0,27,27,1.0,1.0,pair_overlap_verified+exact_normalized_location+date_window+surface_agreement+draw_compatible+absolute_round_label,accepted,11,Premier,Outdoor,2018-02-19,2018-02-24,0,27,1.0,2018-02-19,32,P,exact_normalized_location,True,True,absolute_round_label,1.0,1.0,1.0,1.0,False,2018-0718,Dubai,1.0,1.0,2018-1003,Doha,0.037037,0.018182,27,27
2018,Eastbourne,Eastbourne International,2018-M016,Eastbourne,Grass,Grass,-1,47,47,1.0,1.0,pair_overlap_verified+exact_normalized_location+date_window+surface_agreement+draw_compatible+absolute_round_label,accepted,33,Premier,Outdoor,2018-06-24,2018-06-30,0,47,1.0,2018-06-25,64,P,exact_normalized_location,True,True,absolute_round_label,1.0,1.0,0.978723,0.978723,False,2018-M016,Eastbourne,1.0,1.0,2018-M009,Rome,0.021277,0.018182,47,47
2018,Gstaad,Ladies Championship Gstaad,2018-1094,Gstaad,Clay,Clay,0,31,31,1.0,1.0,pair_overlap_verified+exact_normalized_location+date_window+surface_agreement+draw_compatible+absolute_round_label,accepted,36,International,Outdoor,2018-07-16,2018-07-22,0,31,1.0,2018-07-16,32,I,exact_normalized_location,True,True,absolute_round_label,1.0,1.0,0.935484,0.935484,False,2018-1094,Gstaad,1.0,1.0,2018-0300,Luxembourg,0.0,0.0,31,31
2018,Guangzhou,Guangzhou Open,2018-1023,Guangzhou,Hard,Hard,0,31,31,1.0,1.0,pair_overlap_verified+exact_normalized_location+date_window+surface_agreement+draw_compatible+absolute_round_label,accepted,47,International,Outdoor,2018-09-17,2018-09-22,0,31,1.0,2018-09-17,32,I,exact_normalized_location,True,True,absolute_round_label,1.0,1.0,0.83871,0.83871,True,2018-1023,Guangzhou,1.0,1.0,2018-0300,Luxembourg,0.0,0.0,31,31
2018,Hiroshima,Japan Women's Tennis Open,2018-0405,Hiroshima,Hard,Hard,0,31,31,1.0,1.0,pair_overlap_verified+exact_normalized_location+date_window+surface_agreement+draw_compatible+absolute_round_label,accepted,45,International,Outdoor,2018-09-10,2018-09-16,0,31,1.0,2018-09-10,32,I,exact_normalized_location,True,True,absolute_round_label,1.0,1.0,0.935484,0.935484,False,2018-0405,Hiroshima,1.0,1.0,2018-0825,Tashkent,0.032258,0.032258,31,31
2018,Hobart,Hobart International,2018-1050,Hobart,Hard,Hard,-1,31,31,1.0,1.0,pair_overlap_verified+exact_normalized_location+date_window+surface_agreement+draw_compatible+absolute_round_label,accepted,4,International,Outdoor,2018-01-07,2018-01-13,0,31,1.0,2018-01-08,32,I,exact_normalized_location,True,True,absolute_round_label,1.0,1.0,1.0,1.0,False,2018-1050,Hobart,1.0,1.0,2018-1049,Auckland,0.032258,0.032258,31,31
2018,Hong Kong,Prudential Hong Kong Tennis Open,2018-1074,Hong Kong,Hard,Hard,0,31,31,1.0,1.0,pair_overlap_verified+exact_normalized_location+date_window+surface_agreement+draw_compatible+absolute_round_label,accepted,53,International,Outdoor,2018-10-08,2018-10-14,0,31,1.0,2018-10-08,32,I,exact_normalized_location,True,True,absolute_round_label,1.0,1.0,0.903226,0.903226,False,2018-1074,Hong Kong,1.0,1.0,2018-1096,Taipei,0.064516,0.064516,31,31
2018,Indian Wells,BNP Paribas Open,2018-M006,Indian Wells,Hard,Hard,2,95,95,1.0,1.0,pair_overlap_verified+exact_normalized_location+date_window+surface_agreement+draw_compatible+absolute_round_label,accepted,13,Premier,Outdoor,2018-03-07,2018-03-18,0,95,1.0,2018-03-05,128,PM,exact_normalized_location,True,True,absolute_round_label,1.0,1.0,0.978947,0.978947,False,2018-M006,Indian Wells,1.0,1.0,2018-520,Roland Garros,0.021053,0.015748,95,95
2018,Istanbul,Istanbul Cup,2018-1027,Istanbul,Clay,Clay,0,31,31,1.0,1.0,pair_overlap_verified+exact_normalized_location+date_window+surface_agreement+draw_compatible+absolute_round_label,accepted,20,International,Outdoor,2018-04-23,2018-04-29,0,31,1.0,2018-04-23,32,I,exact_normalized_location,True,True,absolute_round_label,1.0,1.0,1.0,1.0,False,2018-1027,Istanbul,1.0,1.0,2018-1024,Seoul,0.032258,0.032258,31,31
2018,Linz,Generali Ladies Linz,2018-0528,Linz,Hard,Hard,0,31,31,1.0,1.0,pair_overlap_verified+exact_normalized_location+date_window+surface_agreement+draw_compatible+absolute_round_label,accepted,54,International,Indoor,2018-10-08,2018-10-14,0,31,1.0,2018-10-08,32,I,exact_normalized_location,True,True,absolute_round_label,1.0,1.0,0.967742,0.967742,False,2018-0528,Linz,1.0,1.0,2018-0300,Luxembourg,0.0,0.0,31,31
2018,London,Wimbledon,2018-540,Wimbledon,Grass,Grass,0,127,127,1.0,1.0,pair_overlap_verified+exact_normalized_tournament+date_window+surface_agreement+draw_compatible+absolute_round_label,accepted,34,Grand Slam,Outdoor,2018-07-02,2018-07-14,0,127,1.0,2018-07-02,128,G,exact_normalized_tournament,True,True,absolute_round_label,1.0,1.0,0.96063,0.96063,False,2018-540,Wimbledon,1.0,1.0,2018-1003,Doha,0.007874,0.018182,127,127
2018,Lugano,Samsung Open,2018-1101,Lugano,Clay,Clay,2,31,31,1.0,1.0,pair_overlap_verified+exact_normalized_location+date_window+surface_agreement+draw_compatible+absolute_round_label,accepted,19,International,Outdoor,2018-04-11,2018-04-15,0,31,1.0,2018-04-09,32,I,exact_normalized_location,True,True,absolute_round_label,1.0,1.0,1.0,1.0,False,2018-1101,Lugano,1.0,1.0,2018-1097,Budapest,0.032258,0.032258,31,31
2018,Luxembourg,BGL BNP Paribas Luxembourg Open,2018-0300,Luxembourg,Hard,Hard,0,31,31,1.0,1.0,pair_overlap_verified+exact_normalized_location+date_window+surface_agreement+draw_compatible+absolute_round_label,accepted,56,International,Indoor,2018-10-15,2018-10-20,0,31,1.0,2018-10-15,32,I,exact_normalized_location,True,True,absolute_round_label,1.0,1.0,0.935484,0.935484,False,2018-0300,Luxembourg,1.0,1.0,2018-1105,Moscow,0.032258,0.032258,31,31
2018,Madrid,Mutua Madrid Open,2018-M021,Madrid,Clay,Clay,-2,63,63,1.0,1.0,pair_overlap_verified+exact_normalized_location+date_window+surface_agreement+draw_compatible+absolute_round_label,accepted,24,Premier,Outdoor,2018-05-05,2018-05-12,0,63,1.0,2018-05-07,64,PM,exact_normalized_location,True,True,absolute_round_label,1.0,1.0,0.984127,0.984127,False,2018-M021,Madrid,1.0,1.0,2018-0806,Montreal,0.015873,0.018182,63,63
2018,Mallorca,Mallorca Open,2018-1091,Mallorca,Grass,Grass,0,31,31,1.0,1.0,pair_overlap_verified+exact_normalized_location+date_window+surface_agreement+draw_compatible+absolute_round_label,accepted,32,International,Outdoor,2018-06-18,2018-06-24,0,31,1.0,2018-06-18,32,I,exact_normalized_location,True,True,absolute_round_label,1.0,1.0,0.935484,0.935484,False,2018-1091,Mallorca,1.0,1.0,2018-0300,Luxembourg,0.0,0.0,31,31
2018,Melbourne,Australian Open,2018-580,Australian Open,Hard,Hard,0,127,127,1.0,1.0,pair_overlap_verified+exact_normalized_tournament+date_window+surface_agreement+draw_compatible+absolute_round_label,accepted,6,Grand Slam,Outdoor,2018-01-15,2018-01-27,0,127,1.0,2018-01-15,128,G,exact_normalized_tournament,True,True,absolute_round_label,1.0,1.0,0.968504,0.968504,False,2018-580,Australian Open,1.0,1.0,2018-560,US Open,0.007874,0.007874,127,127
2018,Miami,Sony Ericsson Open,2018-M007,Miami,Hard,Hard,1,95,95,1.0,1.0,pair_overlap_verified+exact_normalized_location+date_window+surface_agreement+draw_compatible+absolute_round_label,accepted,14,Premier,Outdoor,2018-03-20,2018-03-31,0,95,1.0,2018-03-19,128,PM,exact_normalized_location,True,True,absolute_round_label,1.0,1.0,0.978947,0.978947,False,2018-M007,Miami,1.0,1.0,2018-0808,Singapore,0.010526,0.066667,95,95
2018,Monterrey,Monterrey Open,2018-1039,Monterrey,Hard,Hard,0,31,31,1.0,1.0,pair_overlap_verified+exact_normalized_location+date_window+surface_agreement+draw_compatible+absolute_round_label,accepted,17,International,Outdoor,2018-04-02,2018-04-08,0,31,1.0,2018-04-02,32,I,exact_normalized_location,True,True,absolute_round_label,1.0,1.0,1.0,1.0,False,2018-1039,Monterrey,1.0,1.0,2018-0300,Luxembourg,0.0,0.0,31,31
2018,Montreal,Rogers Cup,2018-0806,Montreal,Hard,Hard,0,55,55,1.0,1.0,pair_overlap_verified+exact_normalized_location+date_window+surface_agreement+draw_compatible+absolute_round_label,accepted,41,Premier,Outdoor,2018-08-06,2018-08-12,0,55,1.0,2018-08-06,64,P,exact_normalized_location,True,True,absolute_round_label,1.0,1.0,0.981818,0.981818,False,2018-0806,Montreal,1.0,1.0,2018-0804,Charleston,0.018182,0.018182,55,55
2018,Moscow,Kremlin Cup,2018-M014,Moscow,Hard,Hard,0,27,27,1.0,1.0,pair_overlap_verified+exact_normalized_location+date_window+surface_agreement+draw_compatible+absolute_round_label,accepted,57,Premier,Indoor,2018-10-15,2018-10-20,0,27,1.0,2018-10-15,32,P,exact_normalized_location,True,True,absolute_round_label,1.0,1.0,0.925926,0.925926,False,2018-M014,Moscow,1.0,1.0,2018-1086,St. Petersburg,0.037037,0.037037,27,27
2018,Moscow,Moscow River Cup,2018-1105,Moscow,Clay,Clay,0,31,31,1.0,1.0,pair_overlap_verified+exact_normalized_location+date_window+surface_agreement+draw_compatible+absolute_round_label,accepted,37,International,Outdoor,2018-07-23,2018-07-29,0,31,1.0,2018-07-23,32,I,exact_normalized_location,True,True,absolute_round_label,1.0,1.0,0.903226,0.903226,False,2018-1105,Moscow,1.0,1.0,2018-0300,Luxembourg,0.032258,0.032258,31,31
2018,Nanchang,Jiangxi Women's Tennis Open,2018-1077,Nanchang,Hard,Hard,0,31,31,1.0,1.0,pair_overlap_verified+exact_normalized_location+date_window+surface_agreement+draw_compatible+absolute_round_label,accepted,38,International,Outdoor,2018-07-23,2018-07-29,0,31,1.0,2018-07-23,32,I,exact_normalized_location,True,True,absolute_round_label,1.0,1.0,1.0,1.0,False,2018-1077,Nanchang,1.0,1.0,2018-0300,Luxembourg,0.0,0.0,31,31
2018,New Haven,Connecticut Open,2018-0602,New Haven,Hard,Hard,-1,29,29,1.0,1.0,pair_overlap_verified+exact_normalized_location+date_window+surface_agreement+draw_compatible+absolute_round_label,accepted,43,Premier,Outdoor,2018-08-19,2018-08-25,0,29,1.0,2018-08-20,32,P,exact_normalized_location,True,True,absolute_round_label,1.0,1.0,0.931034,0.931034,False,2018-0602,New Haven,1.0,1.0,2018-M020,Brisbane,0.034483,0.034483,29,29
2018,New York,US Open,2018-560,US Open,Hard,Hard,0,127,127,1.0,1.0,pair_overlap_verified+exact_normalized_tournament+date_window+surface_agreement+draw_compatible+absolute_round_label,accepted,44,Grand Slam,Outdoor,2018-08-27,2018-09-08,0,127,1.0,2018-08-27,128,G,exact_normalized_tournament,True,True,absolute_round_label,1.0,1.0,0.968504,0.968504,False,2018-560,US Open,1.0,1.0,2018-580,Australian Open,0.007874,0.007874,127,127
2018,Nottingham,Aegon Open,2018-1080,Nottingham,Grass,Grass,0,31,31,0.967742,0.967742,pair_overlap_verified+exact_normalized_location+date_window+surface_agreement+draw_compatible+absolute_round_label,accepted,30,International,Outdoor,2018-06-11,2018-06-17,0,31,1.0,2018-06-11,32,I,exact_normalized_location,True,True,absolute_round_label,1.0,1.0,0.967742,0.967742,False,2018-1080,Nottingham,0.967742,0.967742,2018-M006,Indian Wells,0.032258,0.010526,31,31
2018,Nürnberg,Nürnberger Versicherungscup,2018-1068,Nurnberg,Clay,Clay,-1,31,31,1.0,1.0,pair_overlap_verified+exact_normalized_location+date_window+surface_agreement+draw_compatible+absolute_round_label,accepted,26,International,Outdoor,2018-05-20,2018-05-26,0,31,1.0,2018-05-21,32,I,exact_normalized_location,True,True,absolute_round_label,1.0,1.0,0.967742,0.967742,False,2018-1068,Nurnberg,1.0,1.0,2018-M010,s-Hertogenbosch,0.032258,0.032258,31,31
2018,Paris,French Open,2018-520,Roland Garros,Clay,Clay,-1,127,127,1.0,1.0,pair_overlap_verified+name_unmatched+date_window+surface_agreement+draw_compatible+absolute_round_label,accepted,28,Grand Slam,Outdoor,2018-05-27,2018-06-09,0,127,1.0,2018-05-28,128,G,none,True,True,absolute_round_label,1.0,1.0,0.944882,0.944882,False,2018-520,Roland Garros,1.0,1.0,2018-M006,Indian Wells,0.015748,0.021053,127,127
2018,Prague,J&T Banka Prague Open,2018-1082,Prague,Clay,Clay,0,31,31,1.0,1.0,pair_overlap_verified+exact_normalized_location+date_window+surface_agreement+draw_compatible+absolute_round_label,accepted,22,International,Outdoor,2018-04-30,2018-05-05,0,31,1.0,2018-04-30,32,I,exact_normalized_location,True,True,absolute_round_label,1.0,1.0,0.935484,0.935484,False,2018-1082,Prague,1.0,1.0,2018-M015,Beijing,0.032258,0.016667,31,31
2018,Quebec,Coupe Banque Nationale,2018-0656,Quebec City,Hard,Hard,0,31,31,1.0,1.0,pair_overlap_verified+token_overlap+date_window+surface_agreement+draw_compatible+absolute_round_label,accepted,46,International,Indoor,2018-09-10,2018-09-16,0,31,1.0,2018-09-10,32,I,token_overlap,True,True,absolute_round_label,1.0,1.0,1.0,1.0,False,2018-0656,Quebec City,1.0,1.0,2018-0300,Luxembourg,0.0,0.0,31,31
2018,Rabat,Grand Prix SAR Lalla Meryem,2018-1005,Rabat,Clay,Clay,0,31,31,1.0,1.0,pair_overlap_verified+exact_normalized_location+date_window+surface_agreement+draw_compatible+absolute_round_label,accepted,23,International,Outdoor,2018-04-30,2018-05-05,0,31,1.0,2018-04-30,32,I,exact_normalized_location,True,True,absolute_round_label,1.0,1.0,1.0,1.0,False,2018-1005,Rabat,1.0,1.0,2018-0300,Luxembourg,0.0,0.0,31,31
2018,Rome,Internazionali BNL d'Italia,2018-M009,Rome,Clay,Clay,0,55,55,1.0,1.0,pair_overlap_verified+exact_normalized_location+date_window+surface_agreement+draw_compatible+absolute_round_label,accepted,25,Premier,Outdoor,2018-05-14,2018-05-20,0,55,1.0,2018-05-14,64,P,exact_normalized_location,True,True,absolute_round_label,1.0,1.0,0.945455,0.945455,False,2018-M009,Rome,1.0,1.0,2018-0806,Montreal,0.018182,0.018182,55,55
2018,San Jose,Mubadala Silicon Valley Classic,2018-0703,San Jose,Hard,Hard,0,27,27,1.0,1.0,pair_overlap_verified+exact_normalized_location+date_window+surface_agreement+draw_compatible+absolute_round_label,accepted,39,Premier,Outdoor,2018-07-30,2018-08-05,0,27,1.0,2018-07-30,32,P,exact_normalized_location,True,True,absolute_round_label,1.0,1.0,1.0,1.0,False,2018-0703,San Jose,1.0,1.0,2018-0300,Luxembourg,0.0,0.0,27,27
2018,Seoul,Korea Open,2018-1024,Seoul,Hard,Hard,0,31,31,1.0,1.0,pair_overlap_verified+exact_normalized_location+date_window+surface_agreement+draw_compatible+absolute_round_label,accepted,48,International,Outdoor,2018-09-17,2018-09-23,0,31,1.0,2018-09-17,32,I,exact_normalized_location,True,True,absolute_round_label,1.0,1.0,1.0,1.0,False,2018-1024,Seoul,1.0,1.0,2018-1027,Istanbul,0.032258,0.032258,31,31
2018,Shenzhen,Shenzhen Open,2018-1063,Shenzhen,Hard,Hard,-1,31,31,1.0,1.0,pair_overlap_verified+exact_normalized_location+date_window+surface_agreement+draw_compatible+absolute_round_label,accepted,3,International,Outdoor,2017-12-31,2018-01-06,0,31,1.0,2018-01-01,32,I,exact_normalized_location,True,True,absolute_round_label,1.0,1.0,1.0,1.0,False,2018-1063,Shenzhen,1.0,1.0,2018-0804,Charleston,0.032258,0.018182,31,31
2018,Singapore,BNP Paribas WTA Finals,2018-0808,Singapore,Hard,Hard,-1,15,15,1.0,1.0,pair_overlap_verified+exact_normalized_location+date_window+surface_agreement+draw_compatible+absolute_round_label,accepted,58,Tour Championships,Indoor,2018-10-21,2018-10-28,0,15,1.0,2018-10-22,8,F,exact_normalized_location,True,True,absolute_round_label,1.0,1.0,1.0,1.0,False,2018-0808,Singapore,1.0,1.0,2018-M007,Miami,0.066667,0.010526,15,15
2018,St. Petersburg,Ladies Trophy,2018-1086,St. Petersburg,Hard,Hard,-25,27,27,1.0,1.0,pair_overlap_verified+exact_normalized_location+date_window+surface_agreement+draw_compatible+absolute_round_label,accepted,7,International,Indoor,2018-01-04,2018-02-03,0,26,0.962963,2018-01-29,32,P,exact_normalized_location,True,True,absolute_round_label,1.0,1.0,0.962963,0.962963,False,2018-1086,St. Petersburg,1.0,1.0,2018-M014,Moscow,0.037037,0.037037,27,27
2018,Strasbourg,Internationaux de Strasbourg,2018-0406,Strasbourg,Clay,Clay,-1,31,31,1.0,1.0,pair_overlap_verified+exact_normalized_location+date_window+surface_agreement+draw_compatible+absolute_round_label,accepted,27,International,Outdoor,2018-05-20,2018-05-26,0,31,1.0,2018-05-21,32,I,exact_normalized_location,True,True,absolute_round_label,1.0,1.0,0.935484,0.935484,False,2018-0406,Strasbourg,1.0,1.0,2018-0300,Luxembourg,0.0,0.0,31,31
2018,Stuttgart,Porsche Tennis Grand Prix,2018-1051,Stuttgart,Clay,Clay,0,27,27,1.0,1.0,pair_overlap_verified+exact_normalized_location+date_window+surface_agreement+draw_compatible+absolute_round_label,accepted,21,Premier,Indoor,2018-04-23,2018-04-29,0,27,1.0,2018-04-23,32,P,exact_normalized_location,True,True,absolute_round_label,1.0,1.0,1.0,1.0,False,2018-1051,Stuttgart,1.0,1.0,2018-1056,Tokyo,0.037037,0.037037,27,27
2018,Sydney,Sydney International,2018-M001,Sydney,Hard,Hard,-1,29,29,1.0,1.0,pair_overlap_verified+exact_normalized_location+date_window+surface_agreement+draw_compatible+absolute_round_label,accepted,5,Premier,Outdoor,2018-01-07,2018-01-13,0,29,1.0,2018-01-08,32,P,exact_normalized_location,True,True,absolute_round_label,1.0,1.0,0.862069,0.862069,True,2018-M001,Sydney,1.0,1.0,2018-1081,Zhuhai,0.034483,0.066667,29,29
2018,Taipei,Taiwan Open,2018-1096,Taipei,Hard,Hard,-25,31,31,1.0,1.0,pair_overlap_verified+exact_normalized_location+date_window+surface_agreement+draw_compatible+absolute_round_label,accepted,8,International,Outdoor,2018-01-04,2018-02-03,0,30,0.967742,2018-01-29,32,I,exact_normalized_location,True,True,absolute_round_label,1.0,1.0,0.83871,0.83871,True,2018-1096,Taipei,1.0,1.0,2018-1074,Hong Kong,0.064516,0.064516,31,31
2018,Tashkent,Tashkent Open,2018-0825,Tashkent,Hard,Hard,0,31,31,1.0,1.0,pair_overlap_verified+exact_normalized_location+date_window+surface_agreement+draw_compatible+absolute_round_label,accepted,50,International,Outdoor,2018-09-24,2018-09-29,0,31,1.0,2018-09-24,32,I,exact_normalized_location,True,True,absolute_round_label,1.0,1.0,0.870968,0.870968,True,2018-0825,Tashkent,1.0,1.0,2018-0405,Hiroshima,0.032258,0.032258,31,31
2018,Tianjin,Tianjin Open,2018-1076,Tianjin,Hard,Hard,0,31,31,1.0,1.0,pair_overlap_verified+exact_normalized_location+date_window+surface_agreement+draw_compatible+absolute_round_label,accepted,55,International,Outdoor,2018-10-08,2018-10-14,0,31,1.0,2018-10-08,32,I,exact_normalized_location,True,True,absolute_round_label,1.0,1.0,0.967742,0.967742,False,2018-1076,Tianjin,1.0,1.0,2018-0894,Bogota,0.032258,0.032258,31,31
2018,Tokyo,Toray Pan Pacific Open,2018-1056,Tokyo,Hard,Hard,0,27,27,1.0,1.0,pair_overlap_verified+exact_normalized_location+date_window+surface_agreement+draw_compatible+absolute_round_label,accepted,49,Premier,Outdoor,2018-09-17,2018-09-23,0,27,1.0,2018-09-17,32,P,exact_normalized_location,True,True,absolute_round_label,1.0,1.0,0.925926,0.925926,False,2018-1056,Tokyo,1.0,1.0,2018-1051,Stuttgart,0.037037,0.037037,27,27
2018,Washington,Citi Open,2018-M035,Washington,Hard,Hard,0,31,31,1.0,1.0,pair_overlap_verified+exact_normalized_location+date_window+surface_agreement+draw_compatible+absolute_round_label,accepted,40,International,Outdoor,2018-07-30,2018-08-05,0,31,1.0,2018-07-30,32,I,exact_normalized_location,True,True,absolute_round_label,1.0,1.0,1.0,1.0,False,2018-M035,Washington,1.0,1.0,2018-0300,Luxembourg,0.0,0.0,31,31
2018,Wuhan,Wuhan Open,2018-1075,Wuhan,Hard,Hard,-1,55,55,1.0,1.0,pair_overlap_verified+exact_normalized_location+date_window+surface_agreement+draw_compatible+absolute_round_label,accepted,51,Premier,Outdoor,2018-09-23,2018-09-29,0,55,1.0,2018-09-24,64,P,exact_normalized_location,True,True,absolute_round_label,1.0,1.0,0.945455,0.945455,False,2018-1075,Wuhan,1.0,1.0,2018-1003,Doha,0.018182,0.018182,55,55
2018,Zhuhai,WTA Elite Trophy,2018-1081,Zhuhai,Hard,Hard,1,15,15,1.0,1.0,pair_overlap_verified+exact_normalized_location+date_window+surface_agreement+draw_compatible+relative_round_depth,accepted,59,Tour Championships,Indoor,2018-10-30,2018-11-04,0,15,1.0,2018-10-29,12,F,exact_normalized_location,True,True,relative_round_depth,1.0,1.0,1.0,1.0,False,2018-1081,Zhuhai,1.0,1.0,2018-1074,Hong Kong,0.066667,0.032258,15,15
2019,'s-Hertogenbosch,Rosmalen Grass Court Championships,2019-M010,S-Hertogenbosch,Grass,Grass,0,31,31,1.0,1.0,pair_overlap_verified+exact_normalized_location+date_window+surface_agreement+draw_compatible+absolute_round_label,accepted,28,International,Outdoor,2019-06-10,2019-06-16,0,31,1.0,2019-06-10,32,I,exact_normalized_location,True,True,absolute_round_label,1.0,1.0,0.967742,0.967742,False,2019-M010,S-Hertogenbosch,1.0,1.0,2019-M014,Moscow,0.032258,0.037037,31,31
2019,Acapulco,Abierto Mexicano,2019-M004,Acapulco,Clay,Hard,0,31,31,1.0,1.0,pair_overlap_verified+exact_normalized_location+date_window+draw_compatible+absolute_round_label,accepted,12,International,Outdoor,2019-02-25,2019-03-03,0,31,1.0,2019-02-25,32,I,exact_normalized_location,False,True,absolute_round_label,1.0,1.0,0.967742,0.967742,False,2019-M004,Acapulco,1.0,1.0,2019-0703,San Jose,0.032258,0.037037,31,31
2019,Auckland,ASB Classic,2019-1049,Auckland,Hard,Hard,0,31,31,1.0,1.0,pair_overlap_verified+exact_normalized_location+date_window+surface_agreement+draw_compatible+absolute_round_label,accepted,1,International,Outdoor,2018-12-31,2019-01-06,0,31,1.0,2018-12-31,32,I,exact_normalized_location,True,True,absolute_round_label,1.0,1.0,0.870968,0.870968,True,2019-1049,Auckland,1.0,1.0,2019-0718,Dubai,0.032258,0.018182,31,31
2019,Beijing,China Open,2019-M015,Beijing,Hard,Hard,-2,59,59,1.0,1.0,pair_overlap_verified+exact_normalized_location+date_window+surface_agreement+draw_compatible+absolute_round_label,accepted,52,Premier,Outdoor,2019-09-28,2019-10-06,0,59,1.0,2019-09-30,64,PM,exact_normalized_location,True,True,absolute_round_label,1.0,1.0,1.0,1.0,False,2019-M015,Beijing,1.0,1.0,2019-0808,Shenzhen Finals,0.016949,0.066667,59,59
2019,Birmingham,Birmingham Classic,2019-1052,Birmingham,Grass,Grass,0,31,31,1.0,1.0,pair_overlap_verified+exact_normalized_location+date_window+surface_agreement+draw_compatible+absolute_round_label,accepted,30,Premier,Outdoor,2019-06-17,2019-06-23,0,31,1.0,2019-06-17,32,P,exact_normalized_location,True,True,absolute_round_label,1.0,1.0,1.0,1.0,False,2019-1052,Birmingham,1.0,1.0,2019-1076,Tianjin,0.032258,0.032258,31,31
2019,Bogota,Copa Claro Colsanitas,2019-0894,Bogota,Clay,Clay,0,31,31,1.0,1.0,pair_overlap_verified+exact_normalized_location+date_window+surface_agreement+draw_compatible+absolute_round_label,accepted,17,International,Outdoor,2019-04-08,2019-04-14,0,31,1.0,2019-04-08,32,I,exact_normalized_location,True,True,absolute_round_label,1.0,1.0,1.0,1.0,False,2019-0894,Bogota,1.0,1.0,2019-560,Us Open,0.032258,0.007874,31,31
2019,Brisbane,Brisbane International,2019-M020,Brisbane,Hard,Hard,0,29,29,1.0,1.0,pair_overlap_verified+exact_normalized_location+date_window+surface_agreement+draw_compatible+absolute_round_label,accepted,2,Premier,Outdoor,2018-12-31,2019-01-06,0,29,1.0,2018-12-31,32,P,exact_normalized_location,True,True,absolute_round_label,1.0,1.0,0.965517,0.965517,False,2019-M020,Brisbane,1.0,1.0,2019-0806,Toronto,0.034483,0.018182,29,29
2019,Bucharest,Bucharest Open,2019-1079,Bucharest,Clay,Clay,0,31,31,1.0,1.0,pair_overlap_verified+exact_normalized_location+date_window+surface_agreement+draw_compatible+absolute_round_label,accepted,34,International,Outdoor,2019-07-15,2019-07-21,0,31,1.0,2019-07-15,32,I,exact_normalized_location,True,True,absolute_round_label,1.0,1.0,0.903226,0.903226,False,2019-1079,Bucharest,1.0,1.0,2019-0300,Luxembourg,0.0,0.0,31,31
2019,Budapest,Hungarian Ladies Open,2019-1097,Budapest,Hard,Hard,0,31,31,1.0,1.0,pair_overlap_verified+exact_normalized_location+date_window+surface_agreement+draw_compatible+absolute_round_label,accepted,10,International,Indoor,2019-02-18,2019-02-24,0,31,1.0,2019-02-18,32,I,exact_normalized_location,True,True,absolute_round_label,1.0,1.0,0.903226,0.903226,False,2019-1097,Budapest,1.0,1.0,2019-1072,Limoges,0.032258,0.032258,31,31
2019,Charleston,Family Circle Cup,2019-0804,Charleston,Clay,Clay,0,55,55,1.0,1.0,pair_overlap_verified+exact_normalized_location+date_window+surface_agreement+draw_compatible+absolute_round_label,accepted,15,Premier,Outdoor,2019-04-01,2019-04-07,0,55,1.0,2019-04-01,64,P,exact_normalized_location,True,True,absolute_round_label,1.0,1.0,0.963636,0.963636,False,2019-0804,Charleston,1.0,1.0,2019-1049,Auckland,0.018182,0.032258,55,55
2019,Cincinnati,Western & Southern Financial Group Women's Open,2019-M024,Cincinnati,Hard,Hard,0,55,55,1.0,1.0,pair_overlap_verified+exact_normalized_location+date_window+surface_agreement+draw_compatible+absolute_round_label,accepted,41,Premier,Outdoor,2019-08-12,2019-08-18,0,55,1.0,2019-08-12,64,P,exact_normalized_location,True,True,absolute_round_label,1.0,1.0,0.981818,0.981818,False,2019-M024,Cincinnati,1.0,1.0,2019-1051,Stuttgart,0.018182,0.037037,55,55
2019,Doha,Qatar Total Open,2019-1003,Doha,Hard,Hard,0,27,27,1.0,1.0,pair_overlap_verified+exact_normalized_location+date_window+surface_agreement+draw_compatible+absolute_round_label,accepted,9,Premier,Outdoor,2019-02-11,2019-02-16,0,27,1.0,2019-02-11,32,P,exact_normalized_location,True,True,absolute_round_label,1.0,1.0,1.0,1.0,False,2019-1003,Doha,1.0,1.0,2019-0718,Dubai,0.074074,0.036364,27,27
2019,Dubai,Dubai Duty Free Tennis Championships,2019-0718,Dubai,Hard,Hard,-1,55,55,1.0,1.0,pair_overlap_verified+exact_normalized_location+date_window+surface_agreement+draw_compatible+absolute_round_label,accepted,11,Premier,Outdoor,2019-02-17,2019-02-23,0,55,1.0,2019-02-18,64,P,exact_normalized_location,True,True,absolute_round_label,1.0,1.0,0.927273,0.927273,False,2019-0718,Dubai,1.0,1.0,2019-1003,Doha,0.036364,0.074074,55,55
2019,Eastbourne,Eastbourne International,2019-M016,Eastbourne,Grass,Grass,-1,55,55,1.0,1.0,pair_overlap_verified+exact_normalized_location+date_window+surface_agreement+draw_compatible+absolute_round_label,accepted,32,Premier,Outdoor,2019-06-23,2019-06-29,0,55,1.0,2019-06-24,64,P,exact_normalized_location,True,True,absolute_round_label,1.0,1.0,0.963636,0.963636,False,2019-M016,Eastbourne,1.0,1.0,2019-0300,Luxembourg,0.0,0.0,55,55
2019,Guangzhou,Guangzhou Open,2019-1023,Guangzhou,Hard,Hard,0,31,31,1.0,1.0,pair_overlap_verified+exact_normalized_location+date_window+surface_agreement+draw_compatible+absolute_round_label,accepted,47,International,Outdoor,2019-09-16,2019-09-21,0,31,1.0,2019-09-16,32,I,exact_normalized_location,True,True,absolute_round_label,1.0,1.0,0.967742,0.967742,False,2019-1023,Guangzhou,1.0,1.0,2019-1076,Tianjin,0.032258,0.032258,31,31
2019,Hiroshima,Japan Women's Tennis Open,2019-0405,Hiroshima,Hard,Hard,0,31,31,1.0,1.0,pair_overlap_verified+exact_normalized_location+date_window+surface_agreement+draw_compatible+absolute_round_label,accepted,44,International,Outdoor,2019-09-09,2019-09-15,0,31,1.0,2019-09-09,32,I,exact_normalized_location,True,True,absolute_round_label,1.0,1.0,1.0,1.0,False,2019-0405,Hiroshima,1.0,1.0,2019-0528,Linz,0.032258,0.032258,31,31
2019,Hobart,Hobart International,2019-1050,Hobart,Hard,Hard,0,31,31,1.0,1.0,pair_overlap_verified+exact_normalized_location+date_window+surface_agreement+draw_compatible+absolute_round_label,accepted,4,International,Outdoor,2019-01-07,2019-01-12,0,31,1.0,2019-01-07,32,I,exact_normalized_location,True,True,absolute_round_label,1.0,1.0,0.903226,0.903226,False,2019-1050,Hobart,1.0,1.0,2019-1072,Limoges,0.032258,0.032258,31,31
2019,Hua Hin,Thailand Open,2019-1096,Hua Hin,Hard,Hard,0,31,31,1.0,1.0,pair_overlap_verified+exact_normalized_location+date_window+surface_agreement+draw_compatible+absolute_round_label,accepted,7,International,Outdoor,2019-01-28,2019-02-03,0,31,1.0,2019-01-28,32,I,exact_normalized_location,True,True,absolute_round_label,1.0,1.0,0.935484,0.935484,False,2019-1096,Hua Hin,1.0,1.0,2019-1024,Seoul,0.032258,0.032258,31,31
2019,Indian Wells,BNP Paribas Open,2019-M006,Indian Wells,Hard,Hard,2,95,95,1.0,1.0,pair_overlap_verified+exact_normalized_location+date_window+surface_agreement+draw_compatible+absolute_round_label,accepted,13,Premier,Outdoor,2019-03-06,2019-03-17,0,95,1.0,2019-03-04,128,PM,exact_normalized_location,True,True,absolute_round_label,1.0,1.0,0.926316,0.926316,False,2019-M006,Indian Wells,1.0,1.0,2019-0806,Toronto,0.010526,0.018182,95,95
2019,Istanbul,Istanbul Cup,2019-1027,Istanbul,Clay,Clay,0,31,31,1.0,1.0,pair_overlap_verified+exact_normalized_location+date_window+surface_agreement+draw_compatible+absolute_round_label,accepted,19,International,Outdoor,2019-04-22,2019-04-28,0,31,1.0,2019-04-22,32,I,exact_normalized_location,True,True,absolute_round_label,1.0,1.0,0.903226,0.903226,False,2019-1027,Istanbul,1.0,1.0,2019-0300,Luxembourg,0.0,0.0,31,31
2019,Jurmala,Baltic Open,2019-2006,Jurmala,Clay,Clay,0,31,31,1.0,1.0,pair_overlap_verified+exact_normalized_location+date_window+surface_agreement+draw_compatible+absolute_round_label,accepted,36,International,Outdoor,2019-07-22,2019-07-28,0,31,1.0,2019-07-22,32,I,exact_normalized_location,True,True,absolute_round_label,1.0,1.0,1.0,1.0,False,2019-2006,Jurmala,1.0,1.0,2019-0300,Luxembourg,0.0,0.0,31,31
2019,Lausanne,Ladies Open Lausanne,2019-1094,Lausanne,Clay,Clay,0,31,31,1.0,1.0,pair_overlap_verified+exact_normalized_location+date_window+surface_agreement+draw_compatible+absolute_round_label,accepted,35,International,Outdoor,2019-07-15,2019-07-21,0,31,1.0,2019-07-15,32,I,exact_normalized_location,True,True,absolute_round_label,1.0,1.0,0.935484,0.935484,False,2019-1094,Lausanne,1.0,1.0,2019-0466,Palermo,0.032258,0.032258,31,31
2019,Linz,Generali Ladies Linz,2019-0528,Linz,Hard,Hard,0,31,31,1.0,1.0,pair_overlap_verified+exact_normalized_location+date_window+surface_agreement+draw_compatible+absolute_round_label,accepted,53,International,Indoor,2019-10-07,2019-10-13,0,31,1.0,2019-10-07,32,I,exact_normalized_location,True,True,absolute_round_label,1.0,1.0,0.83871,0.83871,True,2019-0528,Linz,1.0,1.0,2019-0405,Hiroshima,0.032258,0.032258,31,31
2019,London,Wimbledon,2019-540,Wimbledon,Grass,Grass,0,127,127,1.0,1.0,pair_overlap_verified+exact_normalized_tournament+date_window+surface_agreement+draw_compatible+absolute_round_label,accepted,33,Grand Slam,Outdoor,2019-07-01,2019-07-13,0,127,1.0,2019-07-01,128,G,exact_normalized_tournament,True,True,absolute_round_label,1.0,1.0,0.976378,0.976378,False,2019-540,Wimbledon,1.0,1.0,2019-1003,Doha,0.015748,0.074074,127,127
2019,Lugano,Samsung Open,2019-1101,Lugano,Clay,Clay,0,31,31,1.0,1.0,pair_overlap_verified+exact_normalized_location+date_window+surface_agreement+draw_compatible+absolute_round_label,accepted,18,International,Outdoor,2019-04-08,2019-04-14,0,31,1.0,2019-04-08,32,I,exact_normalized_location,True,True,absolute_round_label,1.0,1.0,0.935484,0.935484,False,2019-1101,Lugano,1.0,1.0,2019-0300,Luxembourg,0.0,0.0,31,31
2019,Luxembourg,BGL BNP Paribas Luxembourg Open,2019-0300,Luxembourg,Hard,Hard,0,31,31,1.0,1.0,pair_overlap_verified+exact_normalized_location+date_window+surface_agreement+draw_compatible+absolute_round_label,accepted,55,International,Indoor,2019-10-14,2019-10-20,0,31,1.0,2019-10-14,32,I,exact_normalized_location,True,True,absolute_round_label,1.0,1.0,0.935484,0.935484,False,2019-0300,Luxembourg,1.0,1.0,2019-0405,Hiroshima,0.0,0.0,31,31
2019,Madrid,Mutua Madrid Open,2019-M021,Madrid,Clay,Clay,-2,63,63,1.0,1.0,pair_overlap_verified+exact_normalized_location+date_window+surface_agreement+draw_compatible+absolute_round_label,accepted,23,Premier,Outdoor,2019-05-04,2019-05-11,0,63,1.0,2019-05-06,64,PM,exact_normalized_location,True,True,absolute_round_label,1.0,1.0,0.888889,0.888889,True,2019-M021,Madrid,1.0,1.0,2019-M009,Rome,0.015873,0.018182,63,63
2019,Mallorca,Mallorca Open,2019-1091,Mallorca,Grass,Grass,0,31,31,1.0,1.0,pair_overlap_verified+exact_normalized_location+date_window+surface_agreement+draw_compatible+absolute_round_label,accepted,31,International,Outdoor,2019-06-17,2019-06-23,0,31,1.0,2019-06-17,32,I,exact_normalized_location,True,True,absolute_round_label,1.0,1.0,0.967742,0.967742,False,2019-1091,Mallorca,1.0,1.0,2019-1050,Hobart,0.032258,0.032258,31,31
2019,Melbourne,Australian Open,2019-580,Australian Open,Hard,Hard,0,127,127,1.0,1.0,pair_overlap_verified+exact_normalized_tournament+date_window+surface_agreement+draw_compatible+absolute_round_label,accepted,6,Grand Slam,Outdoor,2019-01-14,2019-01-26,0,127,1.0,2019-01-14,128,G,exact_normalized_tournament,True,True,absolute_round_label,1.0,1.0,0.976378,0.976378,False,2019-580,Australian Open,1.0,1.0,2019-560,Us Open,0.023622,0.023622,127,127
2019,Miami,Sony Ericsson Open,2019-M007,Miami,Hard,Hard,2,95,95,1.0,1.0,pair_overlap_verified+exact_normalized_location+date_window+surface_agreement+draw_compatible+absolute_round_label,accepted,14,Premier,Outdoor,2019-03-20,2019-03-30,0,95,1.0,2019-03-18,128,PM,exact_normalized_location,True,True,absolute_round_label,1.0,1.0,0.968421,0.968421,False,2019-M007,Miami,1.0,1.0,2019-0808,Shenzhen Finals,0.010526,0.066667,95,95
2019,Monterrey,Monterrey Open,2019-1039,Monterrey,Hard,Hard,0,31,31,1.0,1.0,pair_overlap_verified+exact_normalized_location+date_window+surface_agreement+draw_compatible+absolute_round_label,accepted,16,International,Outdoor,2019-04-01,2019-04-07,0,31,1.0,2019-04-01,32,I,exact_normalized_location,True,True,absolute_round_label,1.0,1.0,1.0,1.0,False,2019-1039,Monterrey,1.0,1.0,2019-0300,Luxembourg,0.0,0.0,31,31
2019,Moscow,Kremlin Cup,2019-M014,Moscow,Hard,Hard,0,27,27,1.0,1.0,pair_overlap_verified+exact_normalized_location+date_window+surface_agreement+draw_compatible+absolute_round_label,accepted,56,Premier,Indoor,2019-10-14,2019-10-20,0,27,1.0,2019-10-14,32,I,exact_normalized_location,True,True,absolute_round_label,1.0,1.0,1.0,1.0,False,2019-M014,Moscow,1.0,1.0,2019-1068,Nurnberg,0.037037,0.032258,27,27
2019,Nanchang,Jiangxi Women's Tennis Open,2019-1077,Nanchang,Hard,Hard,0,31,31,1.0,1.0,pair_overlap_verified+exact_normalized_location+date_window+surface_agreement+draw_compatible+absolute_round_label,accepted,45,International,Outdoor,2019-09-09,2019-09-15,0,31,1.0,2019-09-09,32,I,exact_normalized_location,True,True,absolute_round_label,1.0,1.0,0.903226,0.903226,False,2019-1077,Nanchang,1.0,1.0,2019-0300,Luxembourg,0.0,0.0,31,31
2019,New York,Bronx Open,2019-2010,New York,Hard,Hard,-1,29,29,1.0,1.0,pair_overlap_verified+exact_normalized_location+date_window+surface_agreement+draw_compatible+absolute_round_label,accepted,42,International,Outdoor,2019-08-18,2019-08-24,0,29,1.0,2019-08-19,32,I,exact_normalized_location,True,True,absolute_round_label,1.0,1.0,0.931034,0.931034,False,2019-2010,New York,1.0,1.0,2019-0300,Luxembourg,0.0,0.0,29,29
2019,New York,US Open,2019-560,Us Open,Hard,Hard,0,127,127,1.0,1.0,pair_overlap_verified+exact_normalized_tournament+date_window+surface_agreement+draw_compatible+absolute_round_label,accepted,43,Grand Slam,Outdoor,2019-08-26,2019-09-07,0,127,1.0,2019-08-26,128,G,exact_normalized_tournament,True,True,absolute_round_label,1.0,1.0,0.976378,0.976378,False,2019-560,Us Open,1.0,1.0,2019-580,Australian Open,0.023622,0.023622,127,127
2019,Nottingham,Nottingham Open,2019-1080,Nottingham,Grass,Grass,2,31,31,1.0,1.0,pair_overlap_verified+exact_normalized_location+date_window+surface_agreement+draw_compatible+absolute_round_label,accepted,29,International,Outdoor,2019-06-12,2019-06-16,0,31,1.0,2019-06-10,32,I,exact_normalized_location,True,True,absolute_round_label,1.0,1.0,1.0,1.0,False,2019-1080,Nottingham,1.0,1.0,2019-1063,Shenzhen,0.032258,0.032258,31,31
2019,Nürnberg,Nürnberger Versicherungscup,2019-1068,Nurnberg,Clay,Clay,-1,31,31,0.935484,0.935484,pair_overlap_verified+exact_normalized_location+date_window+surface_agreement+draw_compatible+absolute_round_label,accepted,25,International,Outdoor,2019-05-19,2019-05-25,0,31,1.0,2019-05-20,32,I,exact_normalized_location,True,True,absolute_round_label,0.935484,0.935484,0.935484,0.935484,False,2019-1068,Nurnberg,0.935484,0.935484,2019-M014,Moscow,0.032258,0.037037,31,31
2019,Osaka,Toray Pan Pacific Open Tennis Tournament,2019-1056,Osaka,Hard,Hard,0,27,27,1.0,1.0,pair_overlap_verified+exact_normalized_location+date_window+surface_agreement+draw_compatible+absolute_round_label,accepted,48,Premier,Outdoor,2019-09-16,2019-09-22,0,27,1.0,2019-09-16,32,I,exact_normalized_location,True,True,absolute_round_label,1.0,1.0,1.0,1.0,False,2019-1056,Osaka,1.0,1.0,2019-M024,Cincinnati,0.037037,0.018182,27,27
2019,Palermo,Internazionali Femminili di Palermo,2019-0466,Palermo,Clay,Clay,0,31,31,1.0,1.0,pair_overlap_verified+exact_normalized_location+date_window+surface_agreement+draw_compatible+absolute_round_label,accepted,37,International,Outdoor,2019-07-22,2019-07-28,0,31,1.0,2019-07-22,32,I,exact_normalized_location,True,True,absolute_round_label,1.0,1.0,0.903226,0.903226,False,2019-0466,Palermo,1.0,1.0,2019-1094,Lausanne,0.032258,0.032258,31,31
2019,Paris,French Open,2019-520,Roland Garros,Clay,Clay,-1,127,127,1.0,1.0,pair_overlap_verified+name_unmatched+date_window+surface_agreement+draw_compatible+absolute_round_label,accepted,27,Grand Slam,Outdoor,2019-05-26,2019-06-08,0,127,1.0,2019-05-27,128,G,none,True,True,absolute_round_label,1.0,1.0,0.952756,0.952756,False,2019-520,Roland Garros,1.0,1.0,2019-1075,Wuhan,0.015748,0.036364,127,127
2019,Prague,J&T Banka Prague Open,2019-1082,Prague,Clay,Clay,1,31,31,1.0,1.0,pair_overlap_verified+exact_normalized_location+date_window+surface_agreement+draw_compatible+absolute_round_label,accepted,21,International,Outdoor,2019-04-30,2019-05-04,0,31,1.0,2019-04-29,32,I,exact_normalized_location,True,True,absolute_round_label,1.0,1.0,0.967742,0.967742,False,2019-1082,Prague,1.0,1.0,2019-0300,Luxembourg,0.0,0.0,31,31
2019,Rabat,Grand Prix SAR Lalla Meryem,2019-1005,Rabat,Clay,Clay,0,31,31,1.0,1.0,pair_overlap_verified+exact_normalized_location+date_window+surface_agreement+draw_compatible+absolute_round_label,accepted,22,International,Outdoor,2019-04-29,2019-05-04,0,31,1.0,2019-04-29,32,I,exact_normalized_location,True,True,absolute_round_label,1.0,1.0,0.967742,0.967742,False,2019-1005,Rabat,1.0,1.0,2019-0300,Luxembourg,0.0,0.0,31,31
2019,Rome,Internazionali BNL d'Italia,2019-M009,Rome,Clay,Clay,0,55,55,1.0,1.0,pair_overlap_verified+exact_normalized_location+date_window+surface_agreement+draw_compatible+absolute_round_label,accepted,24,Premier,Outdoor,2019-05-13,2019-05-19,0,55,1.0,2019-05-13,64,P,exact_normalized_location,True,True,absolute_round_label,1.0,1.0,0.963636,0.963636,False,2019-M009,Rome,1.0,1.0,2019-1003,Doha,0.018182,0.037037,55,55
2019,San Jose,Mubadala Silicon Valley Classic,2019-0703,San Jose,Hard,Hard,0,27,27,1.0,1.0,pair_overlap_verified+exact_normalized_location+date_window+surface_agreement+draw_compatible+absolute_round_label,accepted,38,Premier,Outdoor,2019-07-29,2019-08-05,0,27,1.0,2019-07-29,32,P,exact_normalized_location,True,True,absolute_round_label,1.0,1.0,1.0,1.0,False,2019-0703,San Jose,1.0,1.0,2019-M004,Acapulco,0.037037,0.032258,27,27
2019,Seoul,Korea Open,2019-1024,Seoul,Hard,Hard,0,31,31,1.0,1.0,pair_overlap_verified+exact_normalized_location+date_window+surface_agreement+draw_compatible+absolute_round_label,accepted,49,International,Outdoor,2019-09-16,2019-09-22,0,31,1.0,2019-09-16,32,I,exact_normalized_location,True,True,absolute_round_label,1.0,1.0,1.0,1.0,False,2019-1024,Seoul,1.0,1.0,2019-1096,Hua Hin,0.032258,0.032258,31,31
2019,Shenzhen,Shenzhen Open,2019-1063,Shenzhen,Hard,Hard,-1,31,31,1.0,1.0,pair_overlap_verified+exact_normalized_location+date_window+surface_agreement+draw_compatible+absolute_round_label,accepted,3,International,Outdoor,2018-12-30,2019-01-05,0,31,1.0,2018-12-31,32,I,exact_normalized_location,True,True,absolute_round_label,1.0,1.0,1.0,1.0,False,2019-1063,Shenzhen,1.0,1.0,2019-1080,Nottingham,0.032258,0.032258,31,31
2019,Shenzhen,WTA Finals,2019-0808,Shenzhen Finals,Hard,Hard,-1,15,15,1.0,1.0,pair_overlap_verified+core_location+date_window+surface_agreement+draw_compatible+absolute_round_label,accepted,58,Tour Championships,Indoor,2019-10-27,2019-11-03,0,15,1.0,2019-10-28,8,F,core_location,True,True,absolute_round_label,1.0,1.0,1.0,1.0,False,2019-0808,Shenzhen Finals,1.0,1.0,2019-M015,Beijing,0.066667,0.016949,15,15
2019,St. Petersburg,Ladies Trophy,2019-1086,St. Petersburg,Hard,Hard,0,27,27,1.0,1.0,pair_overlap_verified+exact_normalized_location+date_window+surface_agreement+draw_compatible+absolute_round_label,accepted,8,International,Indoor,2019-01-28,2019-02-03,0,27,1.0,2019-01-28,32,P,exact_normalized_location,True,True,absolute_round_label,1.0,1.0,0.962963,0.962963,False,2019-1086,St. Petersburg,1.0,1.0,2019-0300,Luxembourg,0.0,0.0,27,27
2019,Strasbourg,Internationaux de Strasbourg,2019-0406,Strasbourg,Clay,Clay,-1,31,31,1.0,1.0,pair_overlap_verified+exact_normalized_location+date_window+surface_agreement+draw_compatible+absolute_round_label,accepted,26,International,Outdoor,2019-05-19,2019-05-25,0,31,1.0,2019-05-20,32,I,exact_normalized_location,True,True,absolute_round_label,1.0,1.0,0.903226,0.903226,False,2019-0406,Strasbourg,1.0,1.0,2019-0300,Luxembourg,0.0,0.0,31,31
2019,Stuttgart,Porsche Tennis Grand Prix,2019-1051,Stuttgart,Clay,Clay,1,27,27,1.0,1.0,pair_overlap_verified+exact_normalized_location+date_window+surface_agreement+draw_compatible+absolute_round_label,accepted,20,Premier,Indoor,2019-04-23,2019-04-28,0,27,1.0,2019-04-22,32,P,exact_normalized_location,True,True,absolute_round_label,1.0,1.0,1.0,1.0,False,2019-1051,Stuttgart,1.0,1.0,2019-M024,Cincinnati,0.037037,0.018182,27,27
2019,Sydney,Sydney International,2019-M001,Sydney,Hard,Hard,0,29,29,1.0,1.0,pair_overlap_verified+exact_normalized_location+date_window+surface_agreement+draw_compatible+absolute_round_label,accepted,5,Premier,Outdoor,2019-01-07,2019-01-12,0,29,1.0,2019-01-07,32,P,exact_normalized_location,True,True,absolute_round_label,1.0,1.0,0.965517,0.965517,False,2019-M001,Sydney,1.0,1.0,2019-1003,Doha,0.034483,0.037037,29,29
2019,Tashkent,Tashkent Open,2019-0825,Tashkent,Hard,Hard,0,31,31,1.0,1.0,pair_overlap_verified+exact_normalized_location+date_window+surface_agreement+draw_compatible+absolute_round_label,accepted,50,International,Outdoor,2019-09-23,2019-09-28,0,31,1.0,2019-09-23,32,I,exact_normalized_location,True,True,absolute_round_label,1.0,1.0,0.903226,0.903226,False,2019-0825,Tashkent,1.0,1.0,2019-0300,Luxembourg,0.0,0.0,31,31
2019,Tianjin,Tianjin Open,2019-1076,Tianjin,Hard,Hard,0,31,31,1.0,1.0,pair_overlap_verified+exact_normalized_location+date_window+surface_agreement+draw_compatible+absolute_round_label,accepted,54,International,Outdoor,2019-10-07,2019-10-13,0,31,1.0,2019-10-07,32,I,exact_normalized_location,True,True,absolute_round_label,1.0,1.0,1.0,1.0,False,2019-1076,Tianjin,1.0,1.0,2019-1023,Guangzhou,0.032258,0.032258,31,31
2019,Toronto,Rogers Cup,2019-0806,Toronto,Hard,Hard,0,55,55,1.0,1.0,pair_overlap_verified+exact_normalized_location+date_window+surface_agreement+draw_compatible+absolute_round_label,accepted,40,Premier,Outdoor,2019-08-05,2019-08-11,0,55,1.0,2019-08-05,64,P,exact_normalized_location,True,True,absolute_round_label,1.0,1.0,1.0,1.0,False,2019-0806,Toronto,1.0,1.0,2019-M020,Brisbane,0.018182,0.034483,55,55
2019,Washington,Citi Open,2019-M035,Washington,Hard,Hard,0,31,31,1.0,1.0,pair_overlap_verified+exact_normalized_location+date_window+surface_agreement+draw_compatible+absolute_round_label,accepted,39,International,Outdoor,2019-07-29,2019-08-04,0,31,1.0,2019-07-29,32,I,exact_normalized_location,True,True,absolute_round_label,1.0,1.0,1.0,1.0,False,2019-M035,Washington,1.0,1.0,2019-0300,Luxembourg,0.0,0.0,31,31
2019,Wuhan,Wuhan Open,2019-1075,Wuhan,Hard,Hard,-1,55,55,1.0,1.0,pair_overlap_verified+exact_normalized_location+date_window+surface_agreement+draw_compatible+absolute_round_label,accepted,51,Premier,Outdoor,2019-09-22,2019-09-28,0,55,1.0,2019-09-23,64,P,exact_normalized_location,True,True,absolute_round_label,1.0,1.0,0.981818,0.981818,False,2019-1075,Wuhan,1.0,1.0,2019-0718,Dubai,0.018182,0.018182,55,55
2019,Zhengzhou,Zhengzhou Open,2019-2008,Zhengzhou,Hard,Hard,0,27,27,1.0,1.0,pair_overlap_verified+exact_normalized_location+date_window+surface_agreement+draw_compatible+absolute_round_label,accepted,46,International,Outdoor,2019-09-09,2019-09-15,0,27,1.0,2019-09-09,32,P,exact_normalized_location,True,True,absolute_round_label,1.0,1.0,1.0,1.0,False,2019-2008,Zhengzhou,1.0,1.0,2019-1096,Hua Hin,0.037037,0.032258,27,27
2019,Zhuhai,WTA Elite Trophy,2019-1081,Zhuhai,Hard,Hard,0,15,15,1.0,1.0,pair_overlap_verified+exact_normalized_location+date_window+surface_agreement+draw_compatible+absolute_round_label,accepted,57,Tour Championships,Indoor,2019-10-22,2019-10-27,0,15,1.0,2019-10-22,12,F,exact_normalized_location,True,True,absolute_round_label,1.0,1.0,1.0,1.0,False,2019-1081,Zhuhai,1.0,1.0,2019-0300,Luxembourg,0.0,0.0,15,15
2020,Acapulco,Abierto Mexicano,2020-M004,Acapulco,Clay,Hard,0,31,31,1.0,1.0,pair_overlap_verified+exact_normalized_location+date_window+draw_compatible+absolute_round_label,accepted,10,International,Outdoor,2020-02-24,2020-03-01,0,31,1.0,2020-02-24,32,I,exact_normalized_location,False,True,absolute_round_label,1.0,1.0,1.0,1.0,False,2020-M004,Acapulco,1.0,1.0,2020-1049,Auckland,0.0,0.0,31,31
2020,Adelaide,Adelaide International,2020-M056,Adelaide,Hard,Hard,0,29,29,0.965517,0.965517,pair_overlap_verified+exact_normalized_location+date_window+surface_agreement+draw_compatible+absolute_round_label,accepted,4,Premier,Outdoor,2020-01-13,2020-01-18,0,29,1.0,2020-01-13,32,P,exact_normalized_location,True,True,absolute_round_label,1.0,1.0,0.965517,0.965517,False,2020-M056,Adelaide,0.965517,0.965517,2020-1086,St. Petersburg,0.034483,0.037037,29,29
2020,Auckland,ASB Classic,2020-1049,Auckland,Hard,Hard,0,31,31,1.0,1.0,pair_overlap_verified+exact_normalized_location+date_window+surface_agreement+draw_compatible+absolute_round_label,accepted,1,International,Outdoor,2020-01-06,2020-01-12,0,31,1.0,2020-01-06,32,I,exact_normalized_location,True,True,absolute_round_label,1.0,1.0,0.935484,0.935484,False,2020-1049,Auckland,1.0,1.0,2020-0800,Brisbane,0.0,0.0,31,31
2020,Brisbane,Brisbane International,2020-0800,Brisbane,Hard,Hard,0,29,29,1.0,1.0,pair_overlap_verified+exact_normalized_location+date_window+surface_agreement+draw_compatible+absolute_round_label,accepted,2,Premier,Outdoor,2020-01-06,2020-01-12,0,29,1.0,2020-01-06,32,P,exact_normalized_location,True,True,absolute_round_label,1.0,1.0,1.0,1.0,False,2020-0800,Brisbane,1.0,1.0,2020-1049,Auckland,0.0,0.0,29,29
2020,Doha,Qatar Total Open,2020-1003,Doha,Hard,Hard,-1,55,55,1.0,1.0,pair_overlap_verified+exact_normalized_location+date_window+surface_agreement+draw_compatible+absolute_round_label,accepted,11,Premier,Outdoor,2020-02-23,2020-02-29,0,55,1.0,2020-02-24,64,P,exact_normalized_location,True,True,absolute_round_label,1.0,1.0,1.0,1.0,False,2020-1003,Doha,1.0,1.0,2020-1049,Auckland,0.0,0.0,55,55
2020,Dubai,Dubai Duty Free Tennis Championships,2020-0718,Dubai,Hard,Hard,0,29,29,1.0,1.0,pair_overlap_verified+exact_normalized_location+date_window+surface_agreement+draw_compatible+absolute_round_label,accepted,9,Premier,Outdoor,2020-02-17,2020-02-22,0,29,1.0,2020-02-17,32,P,exact_normalized_location,True,True,absolute_round_label,1.0,1.0,1.0,1.0,False,2020-0718,Dubai,1.0,1.0,2020-1049,Auckland,0.0,0.0,29,29
2020,Hobart,Hobart International,2020-1050,Hobart,Hard,Hard,0,31,31,0.935484,0.935484,pair_overlap_verified+exact_normalized_location+date_window+surface_agreement+draw_compatible+absolute_round_label,accepted,5,International,Outdoor,2020-01-13,2020-01-18,0,31,1.0,2020-01-13,32,I,exact_normalized_location,True,True,absolute_round_label,1.0,1.0,0.806452,0.806452,True,2020-1050,Hobart,0.935484,0.935484,2020-1063,Shenzhen,0.032258,0.032258,31,31
2020,Hua Hin,Thailand Open,2020-1096,Hua Hin,Hard,Hard,0,31,31,0.967742,0.967742,pair_overlap_verified+exact_normalized_location+date_window+surface_agreement+draw_compatible+absolute_round_label,accepted,7,International,Outdoor,2020-02-10,2020-02-16,0,31,1.0,2020-02-10,32,I,exact_normalized_location,True,True,absolute_round_label,0.967742,0.967742,0.903226,0.903226,False,2020-1096,Hua Hin,0.967742,0.967742,2020-1049,Auckland,0.0,0.0,31,31
2020,Istanbul,Istanbul Cup,2020-2020,Istanbul,Clay,Clay,1,29,29,1.0,1.0,pair_overlap_verified+exact_normalized_location+date_window+surface_agreement+draw_compatible+absolute_round_label,accepted,18,International,Outdoor,2020-09-08,2020-09-13,0,29,1.0,2020-09-07,32,I,exact_normalized_location,True,True,absolute_round_label,1.0,1.0,0.965517,0.965517,False,2020-2020,Istanbul,1.0,1.0,2020-1049,Auckland,0.0,0.0,29,29
2020,Lexington,Top Seed Open,2020-2022,Lexington,Hard,Hard,0,31,31,1.0,1.0,pair_overlap_verified+exact_normalized_location+date_window+surface_agreement+draw_compatible+absolute_round_label,accepted,15,International,Outdoor,2020-08-10,2020-08-16,0,31,1.0,2020-08-10,32,I,exact_normalized_location,True,True,absolute_round_label,1.0,1.0,1.0,1.0,False,2020-2022,Lexington,1.0,1.0,2020-1049,Auckland,0.0,0.0,31,31
2020,Lyon,Lyon Open,2020-2011,Lyon,Hard,Hard,0,31,31,1.0,1.0,pair_overlap_verified+exact_normalized_location+date_window+surface_agreement+draw_compatible+absolute_round_label,accepted,12,International,Indoor,2020-03-02,2020-03-08,0,31,1.0,2020-03-02,32,I,exact_normalized_location,True,True,absolute_round_label,1.0,1.0,0.903226,0.903226,False,2020-2011,Lyon,1.0,1.0,2020-1049,Auckland,0.0,0.0,31,31
2020,Melbourne,Australian Open,2020-580,Australian Open,Hard,Hard,0,127,127,1.0,1.0,pair_overlap_verified+exact_normalized_tournament+date_window+surface_agreement+draw_compatible+absolute_round_label,accepted,6,Grand Slam,Outdoor,2020-01-20,2020-02-01,0,127,1.0,2020-01-20,128,G,exact_normalized_tournament,True,True,absolute_round_label,1.0,1.0,0.984252,0.984252,False,2020-580,Australian Open,1.0,1.0,2020-1049,Auckland,0.0,0.0,127,127
2020,Monterrey,Monterrey Open,2020-1039,Monterrey,Hard,Hard,0,31,31,1.0,1.0,pair_overlap_verified+exact_normalized_location+date_window+surface_agreement+draw_compatible+absolute_round_label,accepted,13,International,Outdoor,2020-03-02,2020-03-08,0,31,1.0,2020-03-02,32,I,exact_normalized_location,True,True,absolute_round_label,1.0,1.0,0.967742,0.967742,False,2020-1039,Monterrey,1.0,1.0,2020-1049,Auckland,0.0,0.0,31,31
2020,New York,US Open,2020-560,Us Open,Hard,Hard,0,127,127,1.0,1.0,pair_overlap_verified+exact_normalized_tournament+date_window+surface_agreement+draw_compatible+absolute_round_label,accepted,19,Grand Slam,Outdoor,2020-08-31,2020-09-12,0,127,1.0,2020-08-31,128,G,exact_normalized_tournament,True,True,absolute_round_label,1.0,1.0,0.976378,0.976378,False,2020-560,Us Open,1.0,1.0,2020-1082,Prague,0.007874,0.032258,127,127
2020,New York,Western & Southern Financial Group Women's Open,2020-M024,Cincinnati,Hard,Hard,-2,55,55,1.0,1.0,pair_overlap_verified+name_unmatched+date_window+surface_agreement+draw_compatible+absolute_round_label,accepted,17,Premier,Outdoor,2020-08-22,2020-08-29,0,55,1.0,2020-08-24,64,P,none,True,True,absolute_round_label,1.0,1.0,1.0,1.0,False,2020-M024,Cincinnati,1.0,1.0,2020-1049,Auckland,0.0,0.0,55,55
2020,Ostrava,Ostrava Open,2020-2025,Ostrava,Clay,Hard,0,27,27,1.0,1.0,pair_overlap_verified+exact_normalized_location+date_window+draw_compatible+absolute_round_label,accepted,23,International,Indoor,2020-10-19,2020-10-25,0,27,1.0,2020-10-19,32,P,exact_normalized_location,False,True,absolute_round_label,1.0,1.0,1.0,1.0,False,2020-2025,Ostrava,1.0,1.0,2020-560,Us Open,0.037037,0.007874,27,27
2020,Palermo,Internazionali Femminili di Palermo,2020-0466,Palermo,Clay,Clay,0,31,31,1.0,1.0,pair_overlap_verified+exact_normalized_location+date_window+surface_agreement+draw_compatible+absolute_round_label,accepted,14,International,Outdoor,2020-08-03,2020-08-09,0,31,1.0,2020-08-03,32,I,exact_normalized_location,True,True,absolute_round_label,1.0,1.0,1.0,1.0,False,2020-0466,Palermo,1.0,1.0,2020-1049,Auckland,0.0,0.0,31,31
2020,Paris,French Open,2020-520,Roland Garros,Clay,Clay,-1,127,127,0.984252,0.984252,pair_overlap_verified+name_unmatched+date_window+surface_agreement+draw_compatible+absolute_round_label,accepted,22,Grand Slam,Outdoor,2020-09-27,2020-10-10,0,127,1.0,2020-09-28,128,G,none,True,True,absolute_round_label,0.984252,0.984252,0.968504,0.968504,False,2020-520,Roland Garros,0.984252,0.984252,2020-560,Us Open,0.007874,0.007874,127,127
2020,Prague,J&T Banka Prague Open,2020-1082,Prague,Clay,Clay,0,31,31,1.0,1.0,pair_overlap_verified+exact_normalized_location+date_window+surface_agreement+draw_compatible+absolute_round_label,accepted,16,International,Outdoor,2020-08-10,2020-08-16,0,31,1.0,2020-08-10,32,I,exact_normalized_location,True,True,absolute_round_label,1.0,1.0,0.967742,0.967742,False,2020-1082,Prague,1.0,1.0,2020-560,Us Open,0.032258,0.007874,31,31
2020,Rome,Internazionali BNL d'Italia,2020-M009,Rome,Clay,Clay,0,55,55,1.0,1.0,pair_overlap_verified+exact_normalized_location+date_window+surface_agreement+draw_compatible+absolute_round_label,accepted,20,Premier,Outdoor,2020-09-14,2020-09-21,0,55,1.0,2020-09-14,64,P,exact_normalized_location,True,True,absolute_round_label,1.0,1.0,1.0,1.0,False,2020-M009,Rome,1.0,1.0,2020-1049,Auckland,0.0,0.0,55,55
2020,Shenzhen,Shenzhen Open,2020-1063,Shenzhen,Hard,Hard,-1,31,31,1.0,1.0,pair_overlap_verified+exact_normalized_location+date_window+surface_agreement+draw_compatible+absolute_round_label,accepted,3,International,Outdoor,2020-01-05,2020-01-11,0,31,1.0,2020-01-06,32,I,exact_normalized_location,True,True,absolute_round_label,1.0,1.0,1.0,1.0,False,2020-1063,Shenzhen,1.0,1.0,2020-1050,Hobart,0.032258,0.032258,31,31
2020,St. Petersburg,Ladies Trophy,2020-1086,St. Petersburg,Hard,Hard,0,27,27,1.0,1.0,pair_overlap_verified+exact_normalized_location+date_window+surface_agreement+draw_compatible+absolute_round_label,accepted,8,International,Indoor,2020-02-10,2020-02-16,0,27,1.0,2020-02-10,32,P,exact_normalized_location,True,True,absolute_round_label,1.0,1.0,0.962963,0.962963,False,2020-1086,St. Petersburg,1.0,1.0,2020-M056,Adelaide,0.037037,0.034483,27,27
2020,Strasbourg,Internationaux de Strasbourg,2020-0406,Strasbourg,Clay,Clay,-1,29,29,1.0,1.0,pair_overlap_verified+exact_normalized_location+date_window+surface_agreement+draw_compatible+absolute_round_label,accepted,21,International,Outdoor,2020-09-20,2020-09-26,0,29,1.0,2020-09-21,32,I,exact_normalized_location,True,True,absolute_round_label,1.0,1.0,0.965517,0.965517,False,2020-0406,Strasbourg,1.0,1.0,2020-1050,Hobart,0.034483,0.032258,29,29
2021,Abu Dhabi,Abu Dhabi WTA Women's Tennis Open,2021-2028,Abu Dhabi,Hard,Hard,0,63,63,1.0,1.0,pair_overlap_verified+exact_normalized_location+date_window+surface_agreement+draw_compatible+absolute_round_label,accepted,1,WTA500,Outdoor,2021-01-06,2021-01-13,0,63,1.0,2021-01-06,64,P,exact_normalized_location,True,True,absolute_round_label,1.0,1.0,1.0,1.0,False,2021-2028,Abu Dhabi,1.0,1.0,2021-2041,Parma,0.015873,0.032258,63,63
2021,Adelaide,Adelaide International,2021-2030,Adelaide,Hard,Hard,0,27,27,1.0,1.0,pair_overlap_verified+exact_normalized_location+date_window+surface_agreement+draw_compatible+absolute_round_label,accepted,7,WTA500,Outdoor,2021-02-22,2021-02-27,0,27,1.0,2021-02-22,32,P,exact_normalized_location,True,True,absolute_round_label,1.0,1.0,0.888889,0.888889,True,2021-2030,Adelaide,1.0,1.0,2021-2028,Abu Dhabi,0.0,0.0,27,27
2021,Bad Homburg,Bad Homburg Open,2021-2017,Bad Homburg,Grass,Grass,-1,31,31,1.0,1.0,pair_overlap_verified+exact_normalized_location+date_window+surface_agreement+draw_compatible+absolute_round_label,accepted,29,WTA250,Outdoor,2021-06-20,2021-06-26,0,31,1.0,2021-06-21,32,W,exact_normalized_location,True,True,absolute_round_label,1.0,1.0,1.0,1.0,False,2021-2017,Bad Homburg,1.0,1.0,2021-2028,Abu Dhabi,0.0,0.0,31,31
2021,Belgrade,Serbia Ladies Open,2021-2035,Belgrade,Clay,Clay,-1,31,31,1.0,1.0,pair_overlap_verified+exact_normalized_location+date_window+surface_agreement+draw_compatible+absolute_round_label,accepted,22,WTA250,Outdoor,2021-05-16,2021-05-22,0,31,1.0,2021-05-17,32,W,exact_normalized_location,True,True,absolute_round_label,1.0,1.0,1.0,1.0,False,2021-2035,Belgrade,1.0,1.0,2021-2028,Abu Dhabi,0.0,0.0,31,31
2021,Berlin,Bett1Open,2021-2012,Berlin,Grass,Grass,0,27,27,1.0,1.0,pair_overlap_verified+exact_normalized_location+date_window+surface_agreement+draw_compatible+absolute_round_label,accepted,27,WTA500,Outdoor,2021-06-14,2021-06-20,0,27,1.0,2021-06-14,32,P,exact_normalized_location,True,True,absolute_round_label,1.0,1.0,1.0,1.0,False,2021-2012,Berlin,1.0,1.0,2021-W-FC-2021-FLS-M-RTF-SUI-01,BJK Cup Finals F: RTF vs SUI,0.037037,0.5,27,27
2021,Birmingham,Viking Classic,2021-1052,Birmingham,Grass,Grass,0,31,31,1.0,1.0,pair_overlap_verified+exact_normalized_location+date_window+surface_agreement+draw_compatible+absolute_round_label,accepted,28,WTA250,Outdoor,2021-06-14,2021-06-20,0,31,1.0,2021-06-14,32,I,exact_normalized_location,True,True,absolute_round_label,1.0,1.0,1.0,1.0,False,2021-1052,Birmingham,1.0,1.0,2021-2053,Nur-Sultan,0.032258,0.032258,31,31
2021,Bogota,Copa Colsanitas,2021-894,Bogota,Clay,Clay,0,31,31,1.0,1.0,pair_overlap_verified+exact_normalized_location+date_window+surface_agreement+draw_compatible+absolute_round_label,accepted,15,WTA250,Outdoor,2021-04-05,2021-04-11,0,31,1.0,2021-04-05,32,I,exact_normalized_location,True,True,absolute_round_label,1.0,1.0,1.0,1.0,False,2021-894,Bogota,1.0,1.0,2021-2028,Abu Dhabi,0.0,0.0,31,31
2021,Budapest,Budapest Open,2021-2036,Budapest,Clay,Clay,0,31,31,1.0,1.0,pair_overlap_verified+exact_normalized_location+date_window+surface_agreement+draw_compatible+absolute_round_label,accepted,33,WTA250,Outdoor,2021-07-12,2021-07-18,0,31,1.0,2021-07-12,32,I,exact_normalized_location,True,True,absolute_round_label,1.0,1.0,0.903226,0.903226,False,2021-2036,Budapest,1.0,1.0,2021-2053,Nur-Sultan,0.032258,0.032258,31,31
2021,Charleston,MUSC Health Women's Open,2021-2033,Charleston 2,Clay,Clay,0,31,31,1.0,1.0,pair_overlap_verified+core_location+date_window+surface_agreement+draw_compatible+absolute_round_label,accepted,17,WTA250,Outdoor,2021-04-12,2021-04-18,0,31,1.0,2021-04-12,32,W,core_location,True,True,absolute_round_label,1.0,1.0,0.967742,0.967742,False,2021-2033,Charleston 2,1.0,1.0,2021-2028,Abu Dhabi,0.0,0.0,31,31
2021,Charleston,Volvo Car Open,2021-804,Charleston 1,Clay,Clay,0,55,55,0.981818,0.981818,pair_overlap_verified+core_location+date_window+surface_agreement+draw_compatible+absolute_round_label,accepted,16,WTA500,Outdoor,2021-04-05,2021-04-11,0,55,1.0,2021-04-05,64,P,core_location,True,True,absolute_round_label,0.981818,0.981818,0.945455,0.945455,False,2021-804,Charleston 1,0.981818,0.981818,2021-580,Australian Open,0.018182,0.007874,55,55
2021,Chicago,Chicago Fall Tennis Classic,2021-2048,Chicago 2,Hard,Hard,0,55,55,1.0,1.0,pair_overlap_verified+core_location+date_window+surface_agreement+draw_compatible+absolute_round_label,accepted,48,WTA500,Outdoor,2021-09-27,2021-10-03,0,55,1.0,2021-09-27,64,P,core_location,True,True,absolute_round_label,1.0,1.0,0.963636,0.963636,False,2021-2048,Chicago 2,1.0,1.0,2021-2026,Yarra Valley Classic,0.018182,0.018868,55,55
2021,Chicago,Chicago Women's Opeen,2021-2047,Chicago 1,Hard,Hard,-1,31,31,0.967742,0.967742,pair_overlap_verified+core_location+date_window+surface_agreement+draw_compatible+absolute_round_label,accepted,42,WTA250,Outdoor,2021-08-22,2021-08-28,0,31,1.0,2021-08-23,32,W,core_location,True,True,absolute_round_label,1.0,1.0,0.967742,0.967742,False,2021-2047,Chicago 1,0.967742,0.967742,2021-2028,Abu Dhabi,0.0,0.0,31,31
2021,Cincinnati,Western & Southern Financial Group Women's Open,2021-1017,Cincinnati,Hard,Hard,0,55,55,1.0,1.0,pair_overlap_verified+exact_normalized_location+date_window+surface_agreement+draw_compatible+absolute_round_label,accepted,41,WTA1000,Outdoor,2021-08-16,2021-08-22,0,55,1.0,2021-08-16,64,P,exact_normalized_location,True,True,absolute_round_label,1.0,1.0,1.0,1.0,False,2021-1017,Cincinnati,1.0,1.0,2021-650,Tokyo Olympics,0.018182,0.015625,55,55
2021,Cleveland,Tennis in the Land,2021-2040,Cleveland,Hard,Hard,-1,31,31,1.0,1.0,pair_overlap_verified+exact_normalized_location+date_window+surface_agreement+draw_compatible+absolute_round_label,accepted,43,WTA250,Outdoor,2021-08-22,2021-08-28,0,31,1.0,2021-08-23,32,W,exact_normalized_location,True,True,absolute_round_label,1.0,1.0,1.0,1.0,False,2021-2040,Cleveland,1.0,1.0,2021-2028,Abu Dhabi,0.0,0.0,31,31
2021,Cluj-Napoca,Transylvania Open,2021-2050,Cluj-Napoca 2,Hard,Hard,0,31,31,1.0,1.0,pair_overlap_verified+core_location+date_window+surface_agreement+draw_compatible+absolute_round_label,accepted,53,WTA250,Indoor,2021-10-25,2021-10-31,0,31,1.0,2021-10-25,32,I,core_location,True,True,absolute_round_label,1.0,1.0,1.0,1.0,False,2021-2050,Cluj-Napoca 2,1.0,1.0,2021-2028,Abu Dhabi,0.0,0.0,31,31
2021,Courmayeur,Courmayeur Ladies Open,2021-2046,Courmayeur,Hard,Hard,0,31,31,1.0,1.0,pair_overlap_verified+exact_normalized_location+date_window+surface_agreement+draw_compatible+absolute_round_label,accepted,54,WTA250,Indoor,2021-10-25,2021-10-31,0,31,1.0,2021-10-25,32,I,exact_normalized_location,True,True,absolute_round_label,1.0,1.0,0.935484,0.935484,False,2021-2046,Courmayeur,1.0,1.0,2021-2028,Abu Dhabi,0.0,0.0,31,31
2021,Doha,Qatar Total Open,2021-1003,Doha,Hard,Hard,0,27,27,1.0,1.0,pair_overlap_verified+exact_normalized_location+date_window+surface_agreement+draw_compatible+absolute_round_label,accepted,8,WTA500,Outdoor,2021-03-01,2021-03-06,0,27,1.0,2021-03-01,32,P,exact_normalized_location,True,True,absolute_round_label,1.0,1.0,1.0,1.0,False,2021-1003,Doha,1.0,1.0,2021-2032,Grampians Trophy,0.037037,0.038462,27,27
2021,Dubai,Dubai Duty Free Tennis Championships,2021-718,Dubai,Hard,Hard,0,55,55,1.0,1.0,pair_overlap_verified+exact_normalized_location+date_window+surface_agreement+draw_compatible+absolute_round_label,accepted,10,WTA500,Outdoor,2021-03-07,2021-03-13,0,55,1.0,2021-03-07,64,P,exact_normalized_location,True,True,absolute_round_label,1.0,1.0,1.0,1.0,False,2021-718,Dubai,1.0,1.0,2021-2029,Gippsland Trophy,0.018182,0.019608,55,55
2021,Eastbourne,Viking International,2021-710,Eastbourne,Grass,Grass,1,31,31,1.0,1.0,pair_overlap_verified+exact_normalized_location+date_window+surface_agreement+draw_compatible+absolute_round_label,accepted,30,WTA500,Outdoor,2021-06-22,2021-06-26,0,31,1.0,2021-06-21,32,W,exact_normalized_location,True,True,absolute_round_label,1.0,1.0,1.0,1.0,False,2021-710,Eastbourne,1.0,1.0,2021-650,Tokyo Olympics,0.032258,0.015625,31,31
2021,Gdynia,Poland Open,2021-2037,Gdynia,Clay,Clay,0,31,31,1.0,1.0,pair_overlap_verified+exact_normalized_location+date_window+surface_agreement+draw_compatible+absolute_round_label,accepted,36,WTA250,Outdoor,2021-07-19,2021-07-25,0,31,1.0,2021-07-19,32,I,exact_normalized_location,True,True,absolute_round_label,1.0,1.0,0.806452,0.806452,True,2021-2037,Gdynia,1.0,1.0,2021-2043,Cluj-Napoca 1,0.032258,0.033333,31,31
2021,Guadalajara,Abierto Zapopan,2021-2002,Guadalajara,Hard,Hard,0,31,31,1.0,1.0,pair_overlap_verified+exact_normalized_location+date_window+surface_agreement+draw_compatible+absolute_round_label,accepted,11,WTA250,Outdoor,2021-03-08,2021-03-14,0,31,1.0,2021-03-08,32,I,exact_normalized_location,True,True,absolute_round_label,1.0,1.0,1.0,1.0,False,2021-2002,Guadalajara,1.0,1.0,2021-2028,Abu Dhabi,0.0,0.0,31,31
2021,Guadalajara,WTA Finals,2021-808,Guadalajara Finals,Hard,Hard,0,15,15,1.0,1.0,pair_overlap_verified+core_location+date_window+surface_agreement+draw_compatible+absolute_round_label,accepted,56,Tour Championships,Indoor,2021-11-10,2021-11-18,0,15,1.0,2021-11-10,8,F,core_location,True,True,absolute_round_label,1.0,1.0,1.0,1.0,False,2021-808,Guadalajara Finals,1.0,1.0,2021-2032,Grampians Trophy,0.066667,0.038462,15,15
2021,Hamburg,European Open,2021-2042,Hamburg,Clay,Clay,1,27,27,1.0,1.0,pair_overlap_verified+exact_normalized_location+date_window+surface_agreement+draw_compatible+absolute_round_label,accepted,32,WTA250|WTA251|WTA252|WTA253|WTA254|WTA255|WTA256|WTA257|WTA258|WTA259|WTA260|WTA261|WTA262|WTA263|WTA264|WTA265|WTA266|WTA267|WTA268|WTA269|WTA270|WTA271|WTA272|WTA273|WTA274|WTA275|WTA276,Outdoor,2021-07-06,2021-07-11,0,27,1.0,2021-07-05,32,I,exact_normalized_location,True,True,absolute_round_label,1.0,1.0,1.0,1.0,False,2021-2042,Hamburg,1.0,1.0,2021-2028,Abu Dhabi,0.0,0.0,27,27
2021,Indian Wells,BNP Paribas Open,2021-609,Indian Wells,Hard,Hard,0,95,95,1.0,1.0,pair_overlap_verified+exact_normalized_location+date_window+surface_agreement+draw_compatible+absolute_round_label,accepted,50,WTA1000,Outdoor,2021-10-06,2021-10-17,0,95,1.0,2021-10-06,128,P,exact_normalized_location,True,True,absolute_round_label,1.0,1.0,0.989474,0.989474,False,2021-609,Indian Wells,1.0,1.0,2021-1038,Madrid,0.010526,0.015873,95,95
2021,Istanbul,Istanbul Cup,2021-2020,Istanbul,Clay,Clay,0,31,31,1.0,1.0,pair_overlap_verified+exact_normalized_location+date_window+surface_agreement+draw_compatible+absolute_round_label,accepted,18,WTA250,Outdoor,2021-04-19,2021-04-25,0,31,1.0,2021-04-19,32,I,exact_normalized_location,True,True,absolute_round_label,1.0,1.0,0.967742,0.967742,False,2021-2020,Istanbul,1.0,1.0,2021-2028,Abu Dhabi,0.0,0.0,31,31
2021,Lausanne,Ladies Open Lausanne,2021-1094,Lausanne,Clay,Clay,0,31,31,1.0,1.0,pair_overlap_verified+exact_normalized_location+date_window+surface_agreement+draw_compatible+absolute_round_label,accepted,34,WTA250,Outdoor,2021-07-12,2021-07-18,0,31,1.0,2021-07-12,32,I,exact_normalized_location,True,True,absolute_round_label,1.0,1.0,1.0,1.0,False,2021-1094,Lausanne,1.0,1.0,2021-300,Luxembourg,0.032258,0.034483,31,31
2021,Linz,Generali Ladies Linz Open,2021-528,Linz,Hard,Hard,-1,27,27,1.0,1.0,pair_overlap_verified+exact_normalized_location+date_window+surface_agreement+draw_compatible+absolute_round_label,accepted,55,WTA250,Indoor,2021-11-07,2021-11-12,0,27,1.0,2021-11-08,32,I,exact_normalized_location,True,True,absolute_round_label,1.0,1.0,0.962963,0.962963,False,2021-528,Linz,1.0,1.0,2021-2044,Portoroz,0.037037,0.032258,27,27
2021,London,Wimbledon,2021-540,Wimbledon,Grass,Grass,0,127,127,1.0,1.0,pair_overlap_verified+exact_normalized_tournament+date_window+surface_agreement+draw_compatible+absolute_round_label,accepted,31,Grand Slam,Outdoor,2021-06-28,2021-07-10,0,127,1.0,2021-06-28,128,G,exact_normalized_tournament,True,True,absolute_round_label,1.0,1.0,0.992126,0.992126,False,2021-540,Wimbledon,1.0,1.0,2021-580,Australian Open,0.007874,0.007874,127,127
2021,Luxembourg,Luxembourg Open,2021-300,Luxembourg,Hard,Hard,0,29,29,1.0,1.0,pair_overlap_verified+exact_normalized_location+date_window+surface_agreement+draw_compatible+absolute_round_label,accepted,45,WTA250,Indoor,2021-09-13,2021-09-19,0,29,1.0,2021-09-13,32,I,exact_normalized_location,True,True,absolute_round_label,1.0,1.0,1.0,1.0,False,2021-300,Luxembourg,1.0,1.0,2021-1094,Lausanne,0.034483,0.032258,29,29
2021,Lyon,Lyon Open,2021-2011,Lyon,Hard,Hard,0,31,31,1.0,1.0,pair_overlap_verified+exact_normalized_location+date_window+surface_agreement+draw_compatible+absolute_round_label,accepted,9,WTA250,Indoor,2021-03-01,2021-03-07,0,31,1.0,2021-03-01,32,I,exact_normalized_location,True,True,absolute_round_label,1.0,1.0,0.967742,0.967742,False,2021-2011,Lyon,1.0,1.0,2021-2028,Abu Dhabi,0.0,0.0,31,31
2021,Madrid,Mutua Madrid Open,2021-1038,Madrid,Clay,Clay,0,63,63,1.0,1.0,pair_overlap_verified+exact_normalized_location+date_window+surface_agreement+draw_compatible+absolute_round_label,accepted,20,WTA1000,Outdoor,2021-04-29,2021-05-08,0,63,1.0,2021-04-29,64,P,exact_normalized_location,True,True,absolute_round_label,1.0,1.0,0.984127,0.984127,False,2021-1038,Madrid,1.0,1.0,2021-1003,Doha,0.015873,0.037037,63,63
2021,Melbourne,Australian Open,2021-580,Australian Open,Hard,Hard,0,127,127,1.0,1.0,pair_overlap_verified+exact_normalized_tournament+date_window+surface_agreement+draw_compatible+absolute_round_label,accepted,5,Grand Slam,Outdoor,2021-02-08,2021-02-20,0,127,1.0,2021-02-08,128,G,exact_normalized_tournament,True,True,absolute_round_label,1.0,1.0,0.976378,0.976378,False,2021-580,Australian Open,1.0,1.0,2021-718,Dubai,0.007874,0.018182,127,127
2021,Melbourne,Gippsland Trophy,2021-2029,Gippsland Trophy,Hard,Hard,-1,53,51,0.962264,1.0,pair_overlap_verified+exact_normalized_tournament+date_window+surface_agreement+draw_compatible+absolute_round_label,accepted,3,WTA500,Outdoor,2021-01-30,2021-02-07,0,53,1.0,2021-01-31,54,P,exact_normalized_tournament,True,True,absolute_round_label,0.962264,1.0,0.962264,1.0,False,2021-2029,Gippsland Trophy,0.962264,1.0,2021-1052,Birmingham,0.018868,0.032258,53,51
2021,Melbourne,Grampians Trophy,2021-2032,Grampians Trophy,Hard,Hard,-1,27,26,0.962963,1.0,pair_overlap_verified+exact_normalized_tournament+date_window+surface_agreement+draw_compatible+absolute_round_label,accepted,2,WTA500,Outdoor,2021-02-02,2021-02-07,0,27,1.0,2021-02-03,32,P,exact_normalized_tournament,True,True,absolute_round_label,0.962963,1.0,0.962963,1.0,False,2021-2032,Grampians Trophy,0.962963,1.0,2021-1003,Doha,0.037037,0.037037,27,26
2021,Melbourne,Phillip Island Trophy,2021-2027,Phillip Island Trophy,Hard,Hard,0,55,55,1.0,1.0,pair_overlap_verified+exact_normalized_tournament+date_window+surface_agreement+draw_compatible+absolute_round_label,accepted,6,WTA250,Outdoor,2021-02-13,2021-02-19,0,55,1.0,2021-02-13,64,I,exact_normalized_tournament,True,True,absolute_round_label,1.0,1.0,1.0,1.0,False,2021-2027,Phillip Island Trophy,1.0,1.0,2021-2028,Abu Dhabi,0.0,0.0,55,55
2021,Melbourne,Yarra Valley Classic,2021-2026,Yarra Valley Classic,Hard,Hard,-1,53,53,1.0,1.0,pair_overlap_verified+exact_normalized_tournament+date_window+surface_agreement+draw_compatible+absolute_round_label,accepted,4,WTA500,Outdoor,2021-01-30,2021-02-07,0,53,1.0,2021-01-31,64,P,exact_normalized_tournament,True,True,absolute_round_label,1.0,1.0,0.962264,0.962264,False,2021-2026,Yarra Valley Classic,1.0,1.0,2021-2048,Chicago 2,0.018868,0.018182,53,53
2021,Miami,Miami Open,2021-902,Miami,Hard,Hard,1,95,95,1.0,1.0,pair_overlap_verified+exact_normalized_location+date_window+surface_agreement+draw_compatible+absolute_round_label,accepted,14,WTA1000,Outdoor,2021-03-23,2021-04-03,0,95,1.0,2021-03-22,128,P,exact_normalized_location,True,True,absolute_round_label,1.0,1.0,0.978947,0.978947,False,2021-902,Miami,1.0,1.0,2021-1051,Stuttgart,0.010526,0.037037,95,95
2021,Monterrey,Monterrey Open,2021-1039,Monterrey,Hard,Hard,0,31,31,1.0,1.0,pair_overlap_verified+exact_normalized_location+date_window+surface_agreement+draw_compatible+absolute_round_label,accepted,12,WTA250,Outdoor,2021-03-15,2021-03-21,0,31,1.0,2021-03-15,32,I,exact_normalized_location,True,True,absolute_round_label,1.0,1.0,0.903226,0.903226,False,2021-1039,Monterrey,1.0,1.0,2021-2028,Abu Dhabi,0.0,0.0,31,31
2021,Montreal,Canadian Open,2021-806,Montreal,Hard,Hard,0,55,55,1.0,1.0,pair_overlap_verified+exact_normalized_location+date_window+surface_agreement+draw_compatible+absolute_round_label,accepted,40,WTA1000,Outdoor,2021-08-09,2021-08-15,0,55,1.0,2021-08-09,64,P,exact_normalized_location,True,True,absolute_round_label,1.0,1.0,1.0,1.0,False,2021-806,Montreal,1.0,1.0,2021-540,Wimbledon,0.018182,0.007874,55,55
2021,Moscow,Kremlin Cup,2021-730,Moscow,Hard,Hard,0,27,27,1.0,1.0,pair_overlap_verified+exact_normalized_location+date_window+surface_agreement+draw_compatible+absolute_round_label,accepted,51,WTA500,Indoor,2021-10-18,2021-10-24,0,27,1.0,2021-10-18,32,P,exact_normalized_location,True,True,absolute_round_label,1.0,1.0,1.0,1.0,False,2021-730,Moscow,1.0,1.0,2021-2029,Gippsland Trophy,0.037037,0.019608,27,27
2021,New York,US Open,2021-560,Us Open,Hard,Hard,0,127,127,1.0,1.0,pair_overlap_verified+exact_normalized_tournament+date_window+surface_agreement+draw_compatible+absolute_round_label,accepted,44,Grand Slam,Outdoor,2021-08-30,2021-09-11,0,127,1.0,2021-08-30,128,G,exact_normalized_tournament,True,True,absolute_round_label,1.0,1.0,0.992126,0.992126,False,2021-560,Us Open,1.0,1.0,2021-902,Miami,0.007874,0.010526,127,127
2021,Nottingham,Nottingham Open,2021-1080,Nottingham,Grass,Grass,-1,47,47,1.0,1.0,pair_overlap_verified+exact_normalized_location+date_window+surface_agreement+draw_compatible+absolute_round_label,accepted,26,WTA250,Outdoor,2021-06-06,2021-06-13,0,47,1.0,2021-06-07,64,I,exact_normalized_location,True,True,absolute_round_label,1.0,1.0,0.93617,0.93617,False,2021-1080,Nottingham,1.0,1.0,2021-2028,Abu Dhabi,0.0,0.0,47,47
2021,Nur-Sultan,Astana Open,2021-2053,Nur-Sultan,Hard,Hard,0,31,31,1.0,1.0,pair_overlap_verified+exact_normalized_location+date_window+surface_agreement+draw_compatible+absolute_round_label,accepted,49,WTA250,Indoor,2021-09-27,2021-10-02,0,31,1.0,2021-09-27,32,I,exact_normalized_location,True,True,absolute_round_label,1.0,1.0,1.0,1.0,False,2021-2053,Nur-Sultan,1.0,1.0,2021-1052,Birmingham,0.032258,0.032258,31,31
2021,Ostrava,Ostrava Open,2021-2025,Ostrava,Clay,Hard,0,27,27,1.0,1.0,pair_overlap_verified+exact_normalized_location+date_window+draw_compatible+absolute_round_label,accepted,47,WTA250,Indoor,2021-09-20,2021-09-26,0,27,1.0,2021-09-20,32,P,exact_normalized_location,False,True,absolute_round_label,1.0,1.0,1.0,1.0,False,2021-2025,Ostrava,1.0,1.0,2021-2032,Grampians Trophy,0.037037,0.038462,27,27
2021,Palermo,Internazionali Femminili di Palermo,2021-466,Palermo,Clay,Clay,0,31,31,1.0,1.0,pair_overlap_verified+exact_normalized_location+date_window+surface_agreement+draw_compatible+absolute_round_label,accepted,37,WTA250,Outdoor,2021-07-19,2021-07-25,0,31,1.0,2021-07-19,32,I,exact_normalized_location,True,True,absolute_round_label,1.0,1.0,1.0,1.0,False,2021-466,Palermo,1.0,1.0,2021-2028,Abu Dhabi,0.0,0.0,31,31
2021,Paris,French Open,2021-520,Roland Garros,Clay,Clay,-1,127,127,1.0,1.0,pair_overlap_verified+name_unmatched+date_window+surface_agreement+draw_compatible+absolute_round_label,accepted,25,Grand Slam,Outdoor,2021-05-30,2021-06-12,0,127,1.0,2021-05-31,128,G,none,True,True,absolute_round_label,1.0,1.0,0.984252,0.984252,False,2021-520,Roland Garros,1.0,1.0,2021-580,Australian Open,0.007874,0.007874,127,127
2021,Parma,Emilia-Romagna Open,2021-2041,Parma,Clay,Clay,-1,31,31,1.0,1.0,pair_overlap_verified+exact_normalized_location+date_window+surface_agreement+draw_compatible+absolute_round_label,accepted,23,WTA250,Outdoor,2021-05-16,2021-05-22,0,31,1.0,2021-05-17,32,W,exact_normalized_location,True,True,absolute_round_label,1.0,1.0,1.0,1.0,False,2021-2041,Parma,1.0,1.0,2021-703,San Jose,0.032258,0.037037,31,31
2021,Portoroz,Slovenia Open,2021-2044,Portoroz,Hard,Hard,0,31,31,0.935484,0.935484,pair_overlap_verified+exact_normalized_location+date_window+surface_agreement+draw_compatible+absolute_round_label,accepted,46,WTA250,Outdoor,2021-09-13,2021-09-19,0,31,1.0,2021-09-13,32,I,exact_normalized_location,True,True,absolute_round_label,0.935484,0.935484,0.870968,0.870968,True,2021-2044,Portoroz,0.935484,0.935484,2021-528,Linz,0.032258,0.037037,31,31
2021,Prague,Prague Open,2021-1082,Prague,Hard,Hard,0,31,31,1.0,1.0,pair_overlap_verified+exact_normalized_location+date_window+surface_agreement+draw_compatible+absolute_round_label,accepted,35,WTA250,Outdoor,2021-07-12,2021-07-18,0,31,1.0,2021-07-12,32,I,exact_normalized_location,True,True,absolute_round_label,1.0,1.0,0.806452,0.806452,True,2021-1082,Prague,1.0,1.0,2021-2028,Abu Dhabi,0.0,0.0,31,31
2021,Rome,Internazionali BNL d'Italia,2021-709,Rome,Clay,Clay,0,55,55,1.0,1.0,pair_overlap_verified+exact_normalized_location+date_window+surface_agreement+draw_compatible+absolute_round_label,accepted,21,WTA1000,Outdoor,2021-05-10,2021-05-16,0,55,1.0,2021-05-10,64,PM,exact_normalized_location,True,True,absolute_round_label,1.0,1.0,1.0,1.0,False,2021-709,Rome,1.0,1.0,2021-718,Dubai,0.018182,0.018182,55,55
2021,San Jose,Mubadala Silicon Valley Classic,2021-703,San Jose,Hard,Hard,0,27,27,1.0,1.0,pair_overlap_verified+exact_normalized_location+date_window+surface_agreement+draw_compatible+absolute_round_label,accepted,39,WTA500,Outdoor,2021-08-02,2021-08-09,0,27,1.0,2021-08-02,32,W,exact_normalized_location,True,True,absolute_round_label,1.0,1.0,1.0,1.0,False,2021-703,San Jose,1.0,1.0,2021-2041,Parma,0.037037,0.032258,27,27
2021,St. Petersburg,Ladies Trophy,2021-1086,St. Petersburg,Hard,Hard,0,27,27,0.962963,0.962963,pair_overlap_verified+exact_normalized_location+date_window+surface_agreement+draw_compatible+absolute_round_label,accepted,13,WTA500,Indoor,2021-03-15,2021-03-21,0,27,1.0,2021-03-15,32,P,exact_normalized_location,True,True,absolute_round_label,0.962963,0.962963,0.962963,0.962963,False,2021-1086,St. Petersburg,0.962963,0.962963,2021-2028,Abu Dhabi,0.0,0.0,27,27
2021,Strasbourg,Internationaux de Strasbourg,2021-406,Strasbourg,Clay,Clay,-1,31,31,1.0,1.0,pair_overlap_verified+exact_normalized_location+date_window+surface_agreement+draw_compatible+absolute_round_label,accepted,24,WTA250,Outdoor,2021-05-23,2021-05-29,0,31,1.0,2021-05-24,32,W,exact_normalized_location,True,True,absolute_round_label,1.0,1.0,1.0,1.0,False,2021-406,Strasbourg,1.0,1.0,2021-2028,Abu Dhabi,0.0,0.0,31,31
2021,Stuttgart,Porsche Tennis Grand Prix,2021-1051,Stuttgart,Clay,Clay,0,27,27,1.0,1.0,pair_overlap_verified+exact_normalized_location+date_window+surface_agreement+draw_compatible+absolute_round_label,accepted,19,WTA500,Indoor,2021-04-19,2021-04-25,0,27,1.0,2021-04-19,32,P,exact_normalized_location,True,True,absolute_round_label,1.0,1.0,1.0,1.0,False,2021-1051,Stuttgart,1.0,1.0,2021-902,Miami,0.037037,0.010526,27,27
2021,Tenerife,Tenerife Ladies Open,2021-2049,Tenerife,Hard,Hard,0,31,31,1.0,1.0,pair_overlap_verified+exact_normalized_location+date_window+surface_agreement+draw_compatible+absolute_round_label,accepted,52,WTA250,Outdoor,2021-10-18,2021-10-24,0,31,1.0,2021-10-18,32,I,exact_normalized_location,True,True,absolute_round_label,1.0,1.0,1.0,1.0,False,2021-2049,Tenerife,1.0,1.0,2021-2028,Abu Dhabi,0.0,0.0,31,31
2022,'s-Hertogenbosch,Rosmalen Grass Court Championships,2022-822,s Hertogenbosch,Grass,Grass,0,31,31,1.0,1.0,pair_overlap_verified+exact_normalized_location+date_window+surface_agreement+draw_compatible+absolute_round_label,accepted,24,WTA250,Outdoor,2022-06-06,2022-06-12,0,31,1.0,2022-06-06,32,I,exact_normalized_location,True,True,absolute_round_label,1.0,1.0,0.967742,0.967742,False,2022-822,s Hertogenbosch,1.0,1.0,2022-2012,Berlin,0.032258,0.032258,31,31
2022,Adelaide,Adelaide International 1,,,Hard,Hard,-7,60,31,0.516667,1.0,below_accept_threshold,ambiguous,1|4,WTA500,Outdoor,2022-01-03,2022-01-15,0,34,0.566667,2022-01-10,32,I,core_location,True,True,absolute_round_label,0.516667,1.0,0.5,0.967742,,2022-2030,Adelaide 2,0.516667,1.0,2022-2014,Adelaide 1,0.483333,1.0,60,31
2022,Adelaide,Adelaide International 1,2022-2014,Adelaide 1,Hard,Hard,0,29,29,1.0,1.0,pair_overlap_verified+core_location+date_window+surface_agreement+draw_compatible+absolute_round_label+split_by_td_event_number,accepted_split,1,WTA500,Outdoor,2022-01-03,2022-01-09,0,29,1.0,2022-01-03,30,P,core_location,True,True,absolute_round_label,1.0,1.0,0.965517,0.965517,False,2022-2014,Adelaide 1,1.0,1.0,2022-703,San Jose,0.034483,0.037037,29,29
2022,Adelaide,Adelaide International 1,2022-2030,Adelaide 2,Hard,Hard,0,31,31,1.0,1.0,pair_overlap_verified+core_location+date_window+surface_agreement+draw_compatible+absolute_round_label+split_by_td_event_number,accepted_split,4,WTA500,Outdoor,2022-01-10,2022-01-15,0,31,1.0,2022-01-10,32,I,core_location,True,True,absolute_round_label,1.0,1.0,0.967742,0.967742,False,2022-2030,Adelaide 2,1.0,1.0,2022-2014,Adelaide 1,0.0,0.0,31,31
2022,Bad Homburg,Bad Homburg Open,2022-2017,Bad Homburg,Grass,Grass,-1,31,31,1.0,1.0,pair_overlap_verified+exact_normalized_location+date_window+surface_agreement+draw_compatible+absolute_round_label,accepted,28,WTA250,Outdoor,2022-06-19,2022-06-25,0,31,1.0,2022-06-20,32,I,exact_normalized_location,True,True,absolute_round_label,1.0,1.0,1.0,1.0,False,2022-2017,Bad Homburg,1.0,1.0,2022-2059,Melbourne 2,0.032258,0.032258,31,31
2022,Berlin,Bett1Open,2022-2012,Berlin,Grass,Grass,0,31,31,1.0,1.0,pair_overlap_verified+exact_normalized_location+date_window+surface_agreement+draw_compatible+absolute_round_label,accepted,26,WTA500,Outdoor,2022-06-13,2022-06-19,0,31,1.0,2022-06-13,32,P,exact_normalized_location,True,True,absolute_round_label,1.0,1.0,1.0,1.0,False,2022-2012,Berlin,1.0,1.0,2022-822,s Hertogenbosch,0.032258,0.032258,31,31
2022,Birmingham,Rothesay Classic,2022-1052,Birmingham,Grass,Grass,0,31,31,1.0,1.0,pair_overlap_verified+exact_normalized_location+date_window+surface_agreement+draw_compatible+absolute_round_label,accepted,27,WTA250,Outdoor,2022-06-13,2022-06-19,0,31,1.0,2022-06-13,32,I,exact_normalized_location,True,True,absolute_round_label,1.0,1.0,1.0,1.0,False,2022-1052,Birmingham,1.0,1.0,2022-2014,Adelaide 1,0.0,0.0,31,31
2022,Bogota,Copa Colsanitas,2022-894,Bogota,Clay,Clay,0,31,31,1.0,1.0,pair_overlap_verified+exact_normalized_location+date_window+surface_agreement+draw_compatible+absolute_round_label,accepted,15,WTA250,Outdoor,2022-04-04,2022-04-10,0,31,1.0,2022-04-04,32,I,exact_normalized_location,True,True,absolute_round_label,1.0,1.0,1.0,1.0,False,2022-894,Bogota,1.0,1.0,2022-2014,Adelaide 1,0.0,0.0,31,31
2022,Budapest,Budapest Open,2022-2036,Budapest,Clay,Clay,0,31,31,1.0,1.0,pair_overlap_verified+exact_normalized_location+date_window+surface_agreement+draw_compatible+absolute_round_label,accepted,31,WTA250,Outdoor,2022-07-11,2022-07-17,0,31,1.0,2022-07-11,32,I,exact_normalized_location,True,True,absolute_round_label,1.0,1.0,1.0,1.0,False,2022-2036,Budapest,1.0,1.0,2022-2014,Adelaide 1,0.0,0.0,31,31
2022,Charleston,Charleston Open,2022-804,Charleston,Clay,Clay,0,55,55,1.0,1.0,pair_overlap_verified+exact_normalized_location+date_window+surface_agreement+draw_compatible+absolute_round_label,accepted,16,WTA500,Outdoor,2022-04-04,2022-04-10,0,55,1.0,2022-04-04,64,P,exact_normalized_location,True,True,absolute_round_label,1.0,1.0,1.0,1.0,False,2022-804,Charleston,1.0,1.0,2022-2014,Adelaide 1,0.0,0.0,55,55
2022,Chennai,Chennai Open,2022-2078,Chennai,Hard,Hard,0,31,31,1.0,1.0,pair_overlap_verified+exact_normalized_location+date_window+surface_agreement+draw_compatible+absolute_round_label,accepted,44,WTA250,Outdoor,2022-09-12,2022-09-18,0,31,1.0,2022-09-12,32,I,exact_normalized_location,True,True,absolute_round_label,1.0,1.0,0.967742,0.967742,False,2022-2078,Chennai,1.0,1.0,2022-2014,Adelaide 1,0.0,0.0,31,31
2022,Cincinnati,Western & Southern Financial Group Women's Open,2022-1017,Cincinnati,Hard,Hard,0,55,55,1.0,1.0,pair_overlap_verified+exact_normalized_location+date_window+surface_agreement+draw_compatible+absolute_round_label,accepted,40,WTA1000,Outdoor,2022-08-15,2022-08-21,0,55,1.0,2022-08-15,64,P,exact_normalized_location,True,True,absolute_round_label,1.0,1.0,1.0,1.0,False,2022-1017,Cincinnati,1.0,1.0,2022-2014,Adelaide 1,0.0,0.0,55,55
2022,Cleveland,Tennis in the Land,2022-2040,Cleveland,Hard,Hard,-1,31,31,1.0,1.0,pair_overlap_verified+exact_normalized_location+date_window+surface_agreement+draw_compatible+absolute_round_label,accepted,41,WTA250,Outdoor,2022-08-21,2022-08-27,0,31,1.0,2022-08-22,32,I,exact_normalized_location,True,True,absolute_round_label,1.0,1.0,1.0,1.0,False,2022-2040,Cleveland,1.0,1.0,2022-2014,Adelaide 1,0.0,0.0,31,31
2022,Cluj-Napoca,Transylvania Open,2022-2050,Cluj Napoca,Hard,Hard,0,31,31,1.0,1.0,pair_overlap_verified+exact_normalized_location+date_window+surface_agreement+draw_compatible+absolute_round_label,accepted,52,WTA250,Indoor,2022-10-10,2022-10-16,0,31,1.0,2022-10-10,32,I,exact_normalized_location,True,True,absolute_round_label,1.0,1.0,1.0,1.0,False,2022-2050,Cluj Napoca,1.0,1.0,2022-2014,Adelaide 1,0.0,0.0,31,31
2022,Doha,Qatar Open,2022-1003,Doha,Hard,Hard,-1,55,55,1.0,1.0,pair_overlap_verified+exact_normalized_location+date_window+surface_agreement+draw_compatible+absolute_round_label,accepted,9,WTA1000,Outdoor,2022-02-20,2022-02-26,0,55,1.0,2022-02-21,64,P,exact_normalized_location,True,True,absolute_round_label,1.0,1.0,1.0,1.0,False,2022-1003,Doha,1.0,1.0,2022-2060,Sydney,0.018182,0.034483,55,55
2022,Dubai,Dubai Duty Free Tennis Championships,2022-718,Dubai,Hard,Hard,0,31,31,0.935484,0.935484,pair_overlap_verified+exact_normalized_location+date_window+surface_agreement+draw_compatible+absolute_round_label,accepted,8,WTA500,Outdoor,2022-02-14,2022-02-19,0,31,1.0,2022-02-14,32,P,exact_normalized_location,True,True,absolute_round_label,1.0,1.0,0.935484,0.935484,False,2022-718,Dubai,0.935484,0.935484,2022-2058,Melbourne 1,0.032258,0.032258,31,31
2022,Eastbourne,Eastbourne International,2022-710,Eastbourne,Grass,Grass,-1,47,47,1.0,1.0,pair_overlap_verified+exact_normalized_location+date_window+surface_agreement+draw_compatible+absolute_round_label,accepted,29,WTA500,Outdoor,2022-06-19,2022-06-25,0,47,1.0,2022-06-20,64,P,exact_normalized_location,True,True,absolute_round_label,1.0,1.0,1.0,1.0,False,2022-710,Eastbourne,1.0,1.0,2022-2014,Adelaide 1,0.0,0.0,47,47
2022,Fort Worth,WTA Finals,2022-808,Fort Worth Finals,Hard,Hard,0,15,15,1.0,1.0,pair_overlap_verified+core_location+date_window+surface_agreement+draw_compatible+absolute_round_label,accepted,55,Tour Championships,Indoor,2022-10-31,2022-11-08,0,15,1.0,2022-10-31,8,F,core_location,True,True,absolute_round_label,1.0,1.0,1.0,1.0,False,2022-808,Fort Worth Finals,1.0,1.0,2022-2074,San Diego,0.066667,0.037037,15,15
2022,Granby,Championnats de Granby,2022-2070,Granby,Hard,Hard,-1,31,31,1.0,1.0,pair_overlap_verified+exact_normalized_location+date_window+surface_agreement+draw_compatible+absolute_round_label,accepted,42,WTA250,Outdoor,2022-08-21,2022-08-27,0,31,1.0,2022-08-22,32,I,exact_normalized_location,True,True,absolute_round_label,1.0,1.0,1.0,1.0,False,2022-2070,Granby,1.0,1.0,2022-2059,Melbourne 2,0.032258,0.032258,31,31
2022,Guadalajara,Abierto Zapopan,2022-2002,Guadalajara,Hard,Hard,0,31,31,1.0,1.0,pair_overlap_verified+exact_normalized_location+date_window+surface_agreement+draw_compatible+absolute_round_label,accepted,10,WTA250,Outdoor,2022-02-21,2022-02-28,0,31,1.0,2022-02-21,32,I,exact_normalized_location,True,True,absolute_round_label,1.0,1.0,0.967742,0.967742,False,2022-2002,Guadalajara,1.0,1.0,2022-2014,Adelaide 1,0.0,0.0,31,31
2022,Guadalajara,Guadalajara Open,2022-2075,Guadalajara 2,Hard,Hard,0,55,55,1.0,1.0,pair_overlap_verified+core_location+date_window+surface_agreement+draw_compatible+absolute_round_label,accepted,54,WTA1000,Outdoor,2022-10-17,2022-10-24,0,55,1.0,2022-10-17,64,P,core_location,True,True,absolute_round_label,1.0,1.0,1.0,1.0,False,2022-2075,Guadalajara 2,1.0,1.0,2022-2014,Adelaide 1,0.018182,0.034483,55,55
2022,Hamburg,European Open,2022-2042,Hamburg,Clay,Clay,-1,31,31,1.0,1.0,pair_overlap_verified+exact_normalized_location+date_window+surface_agreement+draw_compatible+absolute_round_label,accepted,33,WTA250,Outdoor,2022-07-17,2022-07-23,0,31,1.0,2022-07-18,32,I,exact_normalized_location,True,True,absolute_round_label,1.0,1.0,1.0,1.0,False,2022-2042,Hamburg,1.0,1.0,2022-406,Strasbourg,0.032258,0.032258,31,31
2022,Indian Wells,BNP Paribas Open,2022-609,Indian Wells,Hard,Hard,2,95,95,1.0,1.0,pair_overlap_verified+exact_normalized_location+date_window+surface_agreement+draw_compatible+absolute_round_label,accepted,13,WTA1000,Outdoor,2022-03-09,2022-03-20,0,95,1.0,2022-03-07,96,P,exact_normalized_location,True,True,absolute_round_label,1.0,1.0,1.0,1.0,False,2022-609,Indian Wells,1.0,1.0,2022-902,Miami,0.010526,0.010526,95,95
2022,Istanbul,Istanbul Cup,2022-2020,Istanbul,Clay,Clay,1,31,31,1.0,1.0,pair_overlap_verified+exact_normalized_location+date_window+surface_agreement+draw_compatible+absolute_round_label,accepted,17,WTA250,Outdoor,2022-04-19,2022-04-24,0,31,1.0,2022-04-18,32,I,exact_normalized_location,True,True,absolute_round_label,1.0,1.0,1.0,1.0,False,2022-2020,Istanbul,1.0,1.0,2022-2014,Adelaide 1,0.0,0.0,31,31
2022,Lausanne,Ladies Open Lausanne,2022-1094,Lausanne,Clay,Clay,0,31,31,1.0,1.0,pair_overlap_verified+exact_normalized_location+date_window+surface_agreement+draw_compatible+absolute_round_label,accepted,32,WTA250,Outdoor,2022-07-11,2022-07-17,0,31,1.0,2022-07-11,32,I,exact_normalized_location,True,True,absolute_round_label,1.0,1.0,1.0,1.0,False,2022-1094,Lausanne,1.0,1.0,2022-2014,Adelaide 1,0.0,0.0,31,31
2022,London,Wimbledon,2022-540,Wimbledon,Grass,Grass,0,127,127,1.0,1.0,pair_overlap_verified+exact_normalized_tournament+date_window+surface_agreement+draw_compatible+absolute_round_label,accepted,30,Grand Slam,Outdoor,2022-06-27,2022-07-09,0,127,1.0,2022-06-27,128,G,exact_normalized_tournament,True,True,absolute_round_label,1.0,1.0,1.0,1.0,False,2022-540,Wimbledon,1.0,1.0,2022-2017,Bad Homburg,0.007874,0.032258,127,127
2022,Lyon,Lyon Open,2022-2011,Lyon,Hard,Hard,0,31,31,1.0,1.0,pair_overlap_verified+exact_normalized_location+date_window+surface_agreement+draw_compatible+absolute_round_label,accepted,11,WTA250,Indoor,2022-02-28,2022-03-06,0,31,1.0,2022-02-28,32,I,exact_normalized_location,True,True,absolute_round_label,1.0,1.0,1.0,1.0,False,2022-2011,Lyon,1.0,1.0,2022-2014,Adelaide 1,0.0,0.0,31,31
2022,Madrid,Mutua Madrid Open,2022-1038,Madrid,Clay,Clay,0,63,63,1.0,1.0,pair_overlap_verified+exact_normalized_location+date_window+surface_agreement+draw_compatible+absolute_round_label,accepted,19,WTA1000,Outdoor,2022-04-28,2022-05-07,0,63,1.0,2022-04-28,64,P,exact_normalized_location,True,True,absolute_round_label,1.0,1.0,1.0,1.0,False,2022-1038,Madrid,1.0,1.0,2022-709,Rome,0.031746,0.036364,63,63
2022,Melbourne,Australian Open,2022-580,Australian Open,Hard,Hard,0,127,127,1.0,1.0,pair_overlap_verified+exact_normalized_tournament+date_window+surface_agreement+draw_compatible+absolute_round_label,accepted,6,Grand Slam,Outdoor,2022-01-17,2022-01-29,0,127,1.0,2022-01-17,128,G,exact_normalized_tournament,True,True,absolute_round_label,1.0,1.0,0.984252,0.984252,False,2022-580,Australian Open,1.0,1.0,2022-718,Dubai,0.007874,0.032258,127,127
2022,Melbourne,Melbourne Summer Set 1,2022-2058,Melbourne 1,Hard,Hard,1,31,31,1.0,1.0,pair_overlap_verified+core_location+date_window+surface_agreement+draw_compatible+absolute_round_label,accepted,2,WTA250,Outdoor,2022-01-04,2022-01-09,0,31,1.0,2022-01-03,32,I,core_location,True,True,absolute_round_label,1.0,1.0,0.967742,0.967742,False,2022-2058,Melbourne 1,1.0,1.0,2022-718,Dubai,0.032258,0.032258,31,31
2022,Melbourne,Melbourne Summer Set 2,2022-2059,Melbourne 2,Hard,Hard,1,31,31,1.0,1.0,pair_overlap_verified+core_location+date_window+surface_agreement+draw_compatible+absolute_round_label,accepted,3,WTA250,Outdoor,2022-01-04,2022-01-09,0,31,1.0,2022-01-03,32,I,core_location,True,True,absolute_round_label,1.0,1.0,1.0,1.0,False,2022-2059,Melbourne 2,1.0,1.0,2022-2017,Bad Homburg,0.032258,0.032258,31,31
2022,Miami,Miami Open,2022-902,Miami,Hard,Hard,1,95,95,1.0,1.0,pair_overlap_verified+exact_normalized_location+date_window+surface_agreement+draw_compatible+absolute_round_label,accepted,14,WTA1000,Outdoor,2022-03-22,2022-04-02,0,95,1.0,2022-03-21,96,P,exact_normalized_location,True,True,absolute_round_label,1.0,1.0,0.989474,0.989474,False,2022-902,Miami,1.0,1.0,2022-609,Indian Wells,0.010526,0.010526,95,95
2022,Monastir,Jasmin Open,2022-2072,Monastir,Hard,Hard,0,31,31,1.0,1.0,pair_overlap_verified+exact_normalized_location+date_window+surface_agreement+draw_compatible+absolute_round_label,accepted,50,WTA250,Outdoor,2022-10-03,2022-10-09,0,31,1.0,2022-10-03,32,I,exact_normalized_location,True,True,absolute_round_label,1.0,1.0,1.0,1.0,False,2022-2072,Monastir,1.0,1.0,2022-2014,Adelaide 1,0.0,0.0,31,31
2022,Monterrey,Monterrey Open,2022-1039,Monterrey,Hard,Hard,0,31,31,1.0,1.0,pair_overlap_verified+exact_normalized_location+date_window+surface_agreement+draw_compatible+absolute_round_label,accepted,12,WTA250,Outdoor,2022-02-28,2022-03-06,0,31,1.0,2022-02-28,32,I,exact_normalized_location,True,True,absolute_round_label,1.0,1.0,1.0,1.0,False,2022-1039,Monterrey,1.0,1.0,2022-2014,Adelaide 1,0.0,0.0,31,31
2022,New York,US Open,2022-560,Us Open,Hard,Hard,0,127,127,1.0,1.0,pair_overlap_verified+exact_normalized_tournament+date_window+surface_agreement+draw_compatible+absolute_round_label,accepted,43,Grand Slam,Outdoor,2022-08-29,2022-09-10,0,127,1.0,2022-08-29,128,G,exact_normalized_tournament,True,True,absolute_round_label,1.0,1.0,0.984252,0.984252,False,2022-560,Us Open,1.0,1.0,2022-709,Rome,0.015748,0.036364,127,127
2022,Nottingham,Nottingham Open,2022-1080,Nottingham,Grass,Grass,0,31,31,1.0,1.0,pair_overlap_verified+exact_normalized_location+date_window+surface_agreement+draw_compatible+absolute_round_label,accepted,25,WTA250,Outdoor,2022-06-06,2022-06-12,0,31,1.0,2022-06-06,32,I,exact_normalized_location,True,True,absolute_round_label,1.0,1.0,1.0,1.0,False,2022-1080,Nottingham,1.0,1.0,2022-2070,Granby,0.032258,0.032258,31,31
2022,Ostrava,Ostrava Open,2022-2025,Ostrava,Hard,Hard,0,27,27,1.0,1.0,pair_overlap_verified+exact_normalized_location+date_window+surface_agreement+draw_compatible+absolute_round_label,accepted,51,WTA500,Indoor,2022-10-03,2022-10-09,0,27,1.0,2022-10-03,32,P,exact_normalized_location,True,True,absolute_round_label,1.0,1.0,1.0,1.0,False,2022-2025,Ostrava,1.0,1.0,2022-2014,Adelaide 1,0.0,0.0,27,27
2022,Palermo,Internazionali Femminili di Palermo,2022-466,Palermo,Clay,Clay,0,31,31,1.0,1.0,pair_overlap_verified+exact_normalized_location+date_window+surface_agreement+draw_compatible+absolute_round_label,accepted,34,WTA250,Outdoor,2022-07-18,2022-07-24,0,31,1.0,2022-07-18,32,I,exact_normalized_location,True,True,absolute_round_label,1.0,1.0,1.0,1.0,False,2022-466,Palermo,1.0,1.0,2022-2059,Melbourne 2,0.032258,0.032258,31,31
2022,Paris,French Open,2022-520,Roland Garros,Clay,Clay,-1,127,127,1.0,1.0,pair_overlap_verified+name_unmatched+date_window+surface_agreement+draw_compatible+absolute_round_label,accepted,23,Grand Slam,Outdoor,2022-05-22,2022-06-04,0,127,1.0,2022-05-23,128,G,none,True,True,absolute_round_label,1.0,1.0,1.0,1.0,False,2022-520,Roland Garros,1.0,1.0,2022-902,Miami,0.007874,0.010526,127,127
2022,Parma,Parma Ladies Open,2022-2041,Parma,Clay,Clay,0,31,31,1.0,1.0,pair_overlap_verified+exact_normalized_location+date_window+surface_agreement+draw_compatible+absolute_round_label,accepted,48,WTA250,Outdoor,2022-09-26,2022-10-01,0,31,1.0,2022-09-26,32,I,exact_normalized_location,True,True,absolute_round_label,1.0,1.0,1.0,1.0,False,2022-2041,Parma,1.0,1.0,2022-2014,Adelaide 1,0.0,0.0,31,31
2022,Portoroz,Slovenia Open,2022-2044,Portoroz,Hard,Hard,0,31,31,1.0,1.0,pair_overlap_verified+exact_normalized_location+date_window+surface_agreement+draw_compatible+absolute_round_label,accepted,45,WTA250,Outdoor,2022-09-12,2022-09-18,0,31,1.0,2022-09-12,32,I,exact_normalized_location,True,True,absolute_round_label,1.0,1.0,1.0,1.0,False,2022-2044,Portoroz,1.0,1.0,2022-2014,Adelaide 1,0.0,0.0,31,31
2022,Prague,Prague Open,2022-1082,Prague,Hard,Hard,0,31,31,1.0,1.0,pair_overlap_verified+exact_normalized_location+date_window+surface_agreement+draw_compatible+absolute_round_label,accepted,35,WTA250,Outdoor,2022-07-25,2022-07-31,0,31,1.0,2022-07-25,32,I,exact_normalized_location,True,True,absolute_round_label,1.0,1.0,1.0,1.0,False,2022-1082,Prague,1.0,1.0,2022-2014,Adelaide 1,0.0,0.0,31,31
2022,Rabat,Grand Prix SAR Lalla Meryem,2022-1005,Rabat,Clay,Clay,-1,31,31,1.0,1.0,pair_overlap_verified+exact_normalized_location+date_window+surface_agreement+draw_compatible+absolute_round_label,accepted,21,WTA250,Outdoor,2022-05-15,2022-05-21,0,31,1.0,2022-05-16,32,I,exact_normalized_location,True,True,absolute_round_label,1.0,1.0,1.0,1.0,False,2022-1005,Rabat,1.0,1.0,2022-902,Miami,0.032258,0.010526,31,31
2022,Rome,Internazionali BNL d'Italia,2022-709,Rome,Clay,Clay,0,55,55,1.0,1.0,pair_overlap_verified+exact_normalized_location+date_window+surface_agreement+draw_compatible+absolute_round_label,accepted,20,WTA1000,Outdoor,2022-05-09,2022-05-15,0,55,1.0,2022-05-09,64,P,exact_normalized_location,True,True,absolute_round_label,1.0,1.0,1.0,1.0,False,2022-709,Rome,1.0,1.0,2022-1038,Madrid,0.036364,0.031746,55,55
2022,San Diego,San Diego Open,2022-2074,San Diego,Hard,Hard,0,27,27,1.0,1.0,pair_overlap_verified+exact_normalized_location+date_window+surface_agreement+draw_compatible+absolute_round_label,accepted,53,WTA250,Outdoor,2022-10-10,2022-10-17,0,27,1.0,2022-10-10,32,P,exact_normalized_location,True,True,absolute_round_label,1.0,1.0,1.0,1.0,False,2022-2074,San Diego,1.0,1.0,2022-808,Fort Worth Finals,0.037037,0.066667,27,27
2022,San Jose,Mubadala Silicon Valley Classic,2022-703,San Jose,Hard,Hard,0,27,27,1.0,1.0,pair_overlap_verified+exact_normalized_location+date_window+surface_agreement+draw_compatible+absolute_round_label,accepted,37,WTA500,Outdoor,2022-08-01,2022-08-08,0,27,1.0,2022-08-01,32,P,exact_normalized_location,True,True,absolute_round_label,1.0,1.0,0.962963,0.962963,False,2022-703,San Jose,1.0,1.0,2022-2014,Adelaide 1,0.037037,0.034483,27,27
2022,Seoul,Korea Open,2022-1024,Seoul,Hard,Hard,0,31,31,1.0,1.0,pair_overlap_verified+exact_normalized_location+date_window+surface_agreement+draw_compatible+absolute_round_label,accepted,46,WTA250,Outdoor,2022-09-19,2022-09-25,0,31,1.0,2022-09-19,32,I,exact_normalized_location,True,True,absolute_round_label,1.0,1.0,1.0,1.0,False,2022-1024,Seoul,1.0,1.0,2022-2014,Adelaide 1,0.0,0.0,31,31
2022,St. Petersburg,Ladies Trophy,2022-1086,St. Petersburg,Hard,Hard,0,31,31,1.0,1.0,pair_overlap_verified+exact_normalized_location+date_window+surface_agreement+draw_compatible+absolute_round_label,accepted,7,WTA500,Indoor,2022-02-07,2022-02-11,0,31,1.0,2022-02-07,32,P,exact_normalized_location,True,True,absolute_round_label,1.0,1.0,1.0,1.0,False,2022-1086,St. Petersburg,1.0,1.0,2022-1003,Doha,0.032258,0.018182,31,31
2022,Strasbourg,Internationaux de Strasbourg,2022-406,Strasbourg,Clay,Clay,-1,31,31,1.0,1.0,pair_overlap_verified+exact_normalized_location+date_window+surface_agreement+draw_compatible+absolute_round_label,accepted,22,WTA250,Outdoor,2022-05-15,2022-05-21,0,31,1.0,2022-05-16,32,I,exact_normalized_location,True,True,absolute_round_label,1.0,1.0,1.0,1.0,False,2022-406,Strasbourg,1.0,1.0,2022-2042,Hamburg,0.032258,0.032258,31,31
2022,Stuttgart,Porsche Tennis Grand Prix,2022-1051,Stuttgart,Clay,Clay,0,27,27,1.0,1.0,pair_overlap_verified+exact_normalized_location+date_window+surface_agreement+draw_compatible+absolute_round_label,accepted,18,WTA500,Indoor,2022-04-18,2022-04-24,0,27,1.0,2022-04-18,32,P,exact_normalized_location,True,True,absolute_round_label,1.0,1.0,0.962963,0.962963,False,2022-1051,Stuttgart,1.0,1.0,2022-2014,Adelaide 1,0.0,0.0,27,27
2022,Sydney,Sydney Tennis Classic,2022-2060,Sydney,Hard,Hard,0,29,29,1.0,1.0,pair_overlap_verified+exact_normalized_location+date_window+surface_agreement+draw_compatible+absolute_round_label,accepted,5,WTA500,Outdoor,2022-01-10,2022-01-15,0,29,1.0,2022-01-10,30,P,exact_normalized_location,True,True,absolute_round_label,1.0,1.0,1.0,1.0,False,2022-2060,Sydney,1.0,1.0,2022-1003,Doha,0.034483,0.018182,29,29
2022,Tallinn,Tallinn Open,2022-2073,Tallinn,Hard,Hard,0,31,31,1.0,1.0,pair_overlap_verified+exact_normalized_location+date_window+surface_agreement+draw_compatible+absolute_round_label,accepted,49,WTA250,Outdoor,2022-09-26,2022-10-02,0,31,1.0,2022-09-26,32,I,exact_normalized_location,True,True,absolute_round_label,1.0,1.0,0.967742,0.967742,False,2022-2073,Tallinn,1.0,1.0,2022-1080,Nottingham,0.032258,0.032258,31,31
2022,Tokyo,Toray Pan Pacific Open Tennis Tournament,2022-1056,Tokyo,Hard,Hard,0,27,27,1.0,1.0,pair_overlap_verified+exact_normalized_location+date_window+surface_agreement+draw_compatible+absolute_round_label,accepted,47,WTA500,Outdoor,2022-09-19,2022-09-25,0,27,1.0,2022-09-19,32,P,exact_normalized_location,True,True,absolute_round_label,1.0,1.0,1.0,1.0,False,2022-1056,Tokyo,1.0,1.0,2022-2014,Adelaide 1,0.0,0.0,27,27
2022,Toronto,Canadian Open,2022-806,Toronto,Hard,Hard,0,55,55,1.0,1.0,pair_overlap_verified+exact_normalized_location+date_window+surface_agreement+draw_compatible+absolute_round_label,accepted,39,WTA1000,Outdoor,2022-08-08,2022-08-14,0,55,1.0,2022-08-08,64,P,exact_normalized_location,True,True,absolute_round_label,1.0,1.0,0.981818,0.981818,False,2022-806,Toronto,1.0,1.0,2022-2014,Adelaide 1,0.0,0.0,55,55
2022,Warsaw,Poland Open,2022-2037,Warsaw,Clay,Clay,0,31,31,1.0,1.0,pair_overlap_verified+exact_normalized_location+date_window+surface_agreement+draw_compatible+absolute_round_label,accepted,36,WTA250,Outdoor,2022-07-25,2022-07-31,0,31,1.0,2022-07-25,32,I,exact_normalized_location,True,True,absolute_round_label,1.0,1.0,1.0,1.0,False,2022-2037,Warsaw,1.0,1.0,2022-466,Palermo,0.032258,0.032258,31,31
2022,Washington,Citi Open,2022-1045,Washington,Hard,Hard,0,31,31,1.0,1.0,pair_overlap_verified+exact_normalized_location+date_window+surface_agreement+draw_compatible+absolute_round_label,accepted,38,WTA250,Outdoor,2022-08-01,2022-08-07,0,31,1.0,2022-08-01,32,I,exact_normalized_location,True,True,absolute_round_label,1.0,1.0,1.0,1.0,False,2022-1045,Washington,1.0,1.0,2022-2014,Adelaide 1,0.0,0.0,31,31
2023,'s-Hertogenbosch,Rosmalen Grass Court Championships,2023-822,s Hertogenbosch,Grass,Grass,0,31,31,0.967742,0.967742,pair_overlap_verified+exact_normalized_location+date_window+surface_agreement+draw_compatible+absolute_round_label,accepted,25,WTA250,Outdoor,2023-06-12,2023-06-18,0,31,1.0,2023-06-12,32,I,exact_normalized_location,True,True,absolute_round_label,0.967742,0.967742,0.967742,0.967742,False,2023-822,s Hertogenbosch,0.967742,0.967742,2023-9900,United Cup,0.0,0.0,31,31
2023,Abu Dhabi,Abu Dhabi WTA Women's Tennis Open,2023-2088,Abu Dhabi,Hard,Hard,0,27,27,1.0,1.0,pair_overlap_verified+exact_normalized_location+date_window+surface_agreement+draw_compatible+absolute_round_label,accepted,8,WTA500,Outdoor,2023-02-06,2023-02-12,0,27,1.0,2023-02-06,32,P,exact_normalized_location,True,True,absolute_round_label,1.0,1.0,1.0,1.0,False,2023-2088,Abu Dhabi,1.0,1.0,2023-710,Eastbourne,0.037037,0.032258,27,27
2023,Adelaide,Adelaide International 1,2023-800,Adelaide 1,Hard,Hard,-1,29,29,1.0,1.0,pair_overlap_verified+core_location+date_window+surface_agreement+draw_compatible+absolute_round_label,accepted,1,WTA500,Outdoor,2023-01-01,2023-01-08,0,29,1.0,2023-01-02,32,P,core_location,True,True,absolute_round_label,1.0,1.0,1.0,1.0,False,2023-800,Adelaide 1,1.0,1.0,2023-1038,Madrid,0.034483,0.010526,29,29
2023,Adelaide,Adelaide International 2,2023-2014,Adelaide 2,Hard,Hard,0,29,29,1.0,1.0,pair_overlap_verified+core_location+date_window+surface_agreement+draw_compatible+absolute_round_label,accepted,3,WTA500,Outdoor,2023-01-09,2023-01-14,0,29,1.0,2023-01-09,32,P,core_location,True,True,absolute_round_label,1.0,1.0,0.965517,0.965517,False,2023-2014,Adelaide 2,1.0,1.0,2023-540,Wimbledon,0.034483,0.007874,29,29
2023,Auckland,ASB Classic,2023-1049,Auckland,Hard,Hard,0,31,30,0.967742,1.0,pair_overlap_verified+exact_normalized_location+date_window+surface_agreement+draw_compatible+absolute_round_label,accepted,2,WTA250,Outdoor,2023-01-02,2023-01-08,0,31,1.0,2023-01-02,32,I,exact_normalized_location,True,True,absolute_round_label,0.967742,1.0,0.870968,0.9,True,2023-1049,Auckland,0.967742,1.0,2023-9900,United Cup,0.0,0.0,31,30
2023,Austin,ATX Open,2023-2082,Austin,Hard,Hard,0,31,31,1.0,1.0,pair_overlap_verified+exact_normalized_location+date_window+surface_agreement+draw_compatible+absolute_round_label,accepted,13,WTA250,Outdoor,2023-02-27,2023-03-05,0,31,1.0,2023-02-27,32,I,exact_normalized_location,True,True,absolute_round_label,1.0,1.0,1.0,1.0,False,2023-2082,Austin,1.0,1.0,2023-560,Us Open,0.032258,0.007874,31,31
2023,Bad Homburg,Bad Homburg Open,2023-2017,Bad Homburg,Grass,Grass,-1,31,31,0.967742,0.967742,pair_overlap_verified+exact_normalized_location+date_window+surface_agreement+draw_compatible+absolute_round_label,accepted,29,WTA250,Outdoor,2023-06-25,2023-07-01,0,31,1.0,2023-06-26,32,I,exact_normalized_location,True,True,absolute_round_label,0.967742,0.967742,0.967742,0.967742,False,2023-2017,Bad Homburg,0.967742,0.967742,2023-9900,United Cup,0.0,0.0,31,31
2023,Beijing,China Open,2023-1020,Beijing,Hard,Hard,-2,59,59,1.0,1.0,pair_overlap_verified+exact_normalized_location+date_window+surface_agreement+draw_compatible+absolute_round_label,accepted,49,Premier,Outdoor,2023-09-30,2023-10-08,0,59,1.0,2023-10-02,64,PM,exact_normalized_location,True,True,absolute_round_label,1.0,1.0,1.0,1.0,False,2023-1020,Beijing,1.0,1.0,2023-718,Dubai,0.016949,0.018182,59,59
2023,Berlin,German Open,2023-2012,Berlin,Grass,Grass,0,31,31,1.0,1.0,pair_overlap_verified+exact_normalized_location+date_window+surface_agreement+draw_compatible+absolute_round_label,accepted,27,WTA500,Outdoor,2023-06-19,2023-06-25,0,31,1.0,2023-06-19,32,P,exact_normalized_location,True,True,absolute_round_label,1.0,1.0,1.0,1.0,False,2023-2012,Berlin,1.0,1.0,2023-9900,United Cup,0.0,0.0,31,31
2023,Birmingham,Rothesay Classic,2023-1052,Birmingham,Grass,Grass,0,31,31,1.0,1.0,pair_overlap_verified+exact_normalized_location+date_window+surface_agreement+draw_compatible+absolute_round_label,accepted,28,WTA250,Outdoor,2023-06-19,2023-06-25,0,31,1.0,2023-06-19,32,I,exact_normalized_location,True,True,absolute_round_label,1.0,1.0,1.0,1.0,False,2023-1052,Birmingham,1.0,1.0,2023-528,Linz,0.032258,0.032258,31,31
2023,Bogota,Copa Colsanitas,2023-894,Bogota,Clay,Clay,0,31,31,0.967742,0.967742,pair_overlap_verified+exact_normalized_location+date_window+surface_agreement+draw_compatible+absolute_round_label,accepted,17,WTA250,Outdoor,2023-04-03,2023-04-09,0,31,1.0,2023-04-03,32,I,exact_normalized_location,True,True,absolute_round_label,1.0,1.0,0.967742,0.967742,False,2023-894,Bogota,0.967742,0.967742,2023-9900,United Cup,0.0,0.0,31,31
2023,Budapest,Budapest Open,2023-2036,Budapest,Clay,Clay,0,31,31,0.967742,0.967742,pair_overlap_verified+exact_normalized_location+date_window+surface_agreement+draw_compatible+absolute_round_label,accepted,32,WTA250,Outdoor,2023-07-17,2023-07-23,0,31,1.0,2023-07-17,32,I,exact_normalized_location,True,True,absolute_round_label,0.967742,0.967742,0.967742,0.967742,False,2023-2036,Budapest,0.967742,0.967742,2023-9900,United Cup,0.0,0.0,31,31
2023,Cancun,WTA Finals,2023-808,Cancun Finals,Hard,Hard,-1,15,15,0.933333,0.933333,pair_overlap_verified+core_location+date_window+surface_agreement+draw_compatible+absolute_round_label,accepted,57,Tour Championships,Outdoor,2023-10-29,2023-11-06,0,15,1.0,2023-10-30,8,F,core_location,True,True,absolute_round_label,0.933333,0.933333,0.933333,0.933333,False,2023-808,Cancun Finals,0.933333,0.933333,2023-1003,Doha,0.066667,0.037037,15,15
2023,Charleston,Charleston Open,2023-804,Charleston,Clay,Clay,0,55,55,1.0,1.0,pair_overlap_verified+exact_normalized_location+date_window+surface_agreement+draw_compatible+absolute_round_label,accepted,18,WTA500,Outdoor,2023-04-03,2023-04-09,0,55,1.0,2023-04-03,64,P,exact_normalized_location,True,True,absolute_round_label,1.0,1.0,1.0,1.0,False,2023-804,Charleston,1.0,1.0,2023-2042,Hamburg,0.018182,0.032258,55,55
2023,Cincinnati,Western & Southern Financial Group Women's Open,2023-1017,Cincinnati,Hard,Hard,0,55,55,1.0,1.0,pair_overlap_verified+exact_normalized_location+date_window+surface_agreement+draw_compatible+absolute_round_label,accepted,40,WTA1000,Outdoor,2023-08-14,2023-08-20,0,55,1.0,2023-08-14,64,P,exact_normalized_location,True,True,absolute_round_label,1.0,1.0,1.0,1.0,False,2023-1017,Cincinnati,1.0,1.0,2023-1051,Stuttgart,0.018182,0.037037,55,55
2023,Cleveland,Tennis in the Land,2023-2040,Cleveland,Hard,Hard,-1,31,31,1.0,1.0,pair_overlap_verified+exact_normalized_location+date_window+surface_agreement+draw_compatible+absolute_round_label,accepted,41,WTA250,Outdoor,2023-08-20,2023-08-26,0,31,1.0,2023-08-21,32,I,exact_normalized_location,True,True,absolute_round_label,1.0,1.0,1.0,1.0,False,2023-2040,Cleveland,1.0,1.0,2023-9900,United Cup,0.0,0.0,31,31
2023,Cluj-Napoca,Transylvania Open,2023-2050,Cluj Napoca,Hard,Hard,0,31,31,1.0,1.0,pair_overlap_verified+exact_normalized_location+date_window+surface_agreement+draw_compatible+absolute_round_label,accepted,53,WTA250,Indoor,2023-10-16,2023-10-22,0,31,1.0,2023-10-16,32,I,exact_normalized_location,True,True,absolute_round_label,1.0,1.0,1.0,1.0,False,2023-2050,Cluj Napoca,1.0,1.0,2023-2037,Warsaw,0.032258,0.032258,31,31
2023,Doha,Qatar Open,2023-1003,Doha,Hard,Hard,0,27,27,1.0,1.0,pair_overlap_verified+exact_normalized_location+date_window+surface_agreement+draw_compatible+absolute_round_label,accepted,10,WTA500,Outdoor,2023-02-13,2023-02-18,0,27,1.0,2023-02-13,32,P,exact_normalized_location,True,True,absolute_round_label,1.0,1.0,1.0,1.0,False,2023-1003,Doha,1.0,1.0,2023-1056,Tokyo,0.074074,0.074074,27,27
2023,Dubai,Dubai Duty Free Tennis Championships,2023-718,Dubai,Hard,Hard,-1,55,55,1.0,1.0,pair_overlap_verified+exact_normalized_location+date_window+surface_agreement+draw_compatible+absolute_round_label,accepted,11,WTA1000,Outdoor,2023-02-19,2023-02-25,0,55,1.0,2023-02-20,64,P,exact_normalized_location,True,True,absolute_round_label,1.0,1.0,1.0,1.0,False,2023-718,Dubai,1.0,1.0,2023-1051,Stuttgart,0.036364,0.074074,55,55
2023,Eastbourne,Eastbourne International,2023-710,Eastbourne,Grass,Grass,0,31,31,1.0,1.0,pair_overlap_verified+exact_normalized_location+date_window+surface_agreement+draw_compatible+absolute_round_label,accepted,30,WTA500,Outdoor,2023-06-26,2023-07-01,0,31,1.0,2023-06-26,32,P,exact_normalized_location,True,True,absolute_round_label,1.0,1.0,1.0,1.0,False,2023-710,Eastbourne,1.0,1.0,2023-2088,Abu Dhabi,0.032258,0.037037,31,31
2023,Guadalajara,Guadalajara Open,2023-2075,Guadalajara,Hard,Hard,-1,55,55,1.0,1.0,pair_overlap_verified+exact_normalized_location+date_window+surface_agreement+draw_compatible+absolute_round_label,accepted,45,WTA1000,Outdoor,2023-09-17,2023-09-24,0,55,1.0,2023-09-18,64,P,exact_normalized_location,True,True,absolute_round_label,1.0,1.0,1.0,1.0,False,2023-2075,Guadalajara,1.0,1.0,2023-1045,Washington,0.018182,0.037037,55,55
2023,Guangzhou,Guangzhou Open,2023-1023,Guangzhou,Hard,Hard,0,31,31,1.0,1.0,pair_overlap_verified+exact_normalized_location+date_window+surface_agreement+draw_compatible+absolute_round_label,accepted,46,WTA250,Outdoor,2023-09-18,2023-09-23,0,31,1.0,2023-09-18,32,I,exact_normalized_location,True,True,absolute_round_label,1.0,1.0,1.0,1.0,False,2023-1023,Guangzhou,1.0,1.0,2023-1096,Hua Hin,0.032258,0.032258,31,31
2023,Hamburg,European Open,2023-2042,Hamburg,Clay,Clay,0,31,31,1.0,1.0,pair_overlap_verified+exact_normalized_location+date_window+surface_agreement+draw_compatible+absolute_round_label,accepted,34,WTA250,Outdoor,2023-07-23,2023-07-29,0,31,1.0,2023-07-23,32,I,exact_normalized_location,True,True,absolute_round_label,1.0,1.0,1.0,1.0,False,2023-2042,Hamburg,1.0,1.0,2023-804,Charleston,0.032258,0.018182,31,31
2023,Hobart,Hobart International,2023-1050,Hobart,Hard,Hard,0,31,31,1.0,1.0,pair_overlap_verified+exact_normalized_location+date_window+surface_agreement+draw_compatible+absolute_round_label,accepted,4,WTA250,Outdoor,2023-01-09,2023-01-14,0,31,1.0,2023-01-09,32,I,exact_normalized_location,True,True,absolute_round_label,1.0,1.0,1.0,1.0,False,2023-1050,Hobart,1.0,1.0,2023-1045,Washington,0.032258,0.037037,31,31
2023,Hong Kong,Hong Kong Tennis Open,2023-1074,Hong Kong,Hard,Hard,1,31,31,1.0,1.0,pair_overlap_verified+exact_normalized_location+date_window+surface_agreement+draw_compatible+absolute_round_label,accepted,50,WTA250,Outdoor,2023-10-10,2023-10-15,0,31,1.0,2023-10-09,32,I,exact_normalized_location,True,True,absolute_round_label,1.0,1.0,1.0,1.0,False,2023-1074,Hong Kong,1.0,1.0,2023-2085,Merida,0.032258,0.032258,31,31
2023,Hua Hin,Thailand Open,2023-1096,Hua Hin,Hard,Hard,0,31,31,1.0,1.0,pair_overlap_verified+exact_normalized_location+date_window+surface_agreement+draw_compatible+absolute_round_label,accepted,6,WTA250,Outdoor,2023-01-30,2023-02-05,0,31,1.0,2023-01-30,32,I,exact_normalized_location,True,True,absolute_round_label,1.0,1.0,0.967742,0.967742,False,2023-1096,Hua Hin,1.0,1.0,2023-405,Osaka,0.064516,0.064516,31,31
2023,Indian Wells,BNP Paribas Open,2023-609,Indian Wells,Hard,Hard,2,95,95,1.0,1.0,pair_overlap_verified+exact_normalized_location+date_window+surface_agreement+draw_compatible+absolute_round_label,accepted,15,WTA1000,Outdoor,2023-03-08,2023-03-19,0,95,1.0,2023-03-06,96,PM,exact_normalized_location,True,True,absolute_round_label,1.0,1.0,1.0,1.0,False,2023-609,Indian Wells,1.0,1.0,2023-902,Miami,0.021053,0.021053,95,95
2023,Lausanne,Ladies Open Lausanne,2023-1094,Lausanne,Clay,Clay,0,31,31,1.0,1.0,pair_overlap_verified+exact_normalized_location+date_window+surface_agreement+draw_compatible+absolute_round_label,accepted,35,WTA250,Outdoor,2023-07-24,2023-07-30,0,31,1.0,2023-07-24,32,I,exact_normalized_location,True,True,absolute_round_label,1.0,1.0,1.0,1.0,False,2023-1094,Lausanne,1.0,1.0,2023-1039,Monterrey,0.032258,0.032258,31,31
2023,Linz,Ladies Linz Open,2023-528,Linz,Hard,Hard,0,31,31,1.0,1.0,pair_overlap_verified+exact_normalized_location+date_window+surface_agreement+draw_compatible+absolute_round_label,accepted,9,WTA250,Indoor,2023-02-06,2023-02-12,0,31,1.0,2023-02-06,32,I,exact_normalized_location,True,True,absolute_round_label,1.0,1.0,1.0,1.0,False,2023-528,Linz,1.0,1.0,2023-1052,Birmingham,0.032258,0.032258,31,31
2023,London,Wimbledon,2023-540,Wimbledon,Grass,Grass,0,127,127,0.992126,0.992126,pair_overlap_verified+exact_normalized_tournament+date_window+surface_agreement+draw_compatible+absolute_round_label,accepted,31,Grand Slam,Outdoor,2023-07-03,2023-07-15,0,127,1.0,2023-07-03,128,G,exact_normalized_tournament,True,True,absolute_round_label,0.992126,0.992126,0.992126,0.992126,False,2023-540,Wimbledon,0.992126,0.992126,2023-580,Australian Open,0.023622,0.023622,127,127
2023,Lyon,Lyon Open,2023-2011,Lyon,Hard,Hard,0,31,31,1.0,1.0,pair_overlap_verified+exact_normalized_location+date_window+surface_agreement+draw_compatible+absolute_round_label,accepted,7,WTA250,Indoor,2023-01-30,2023-02-05,0,31,1.0,2023-01-30,32,I,exact_normalized_location,True,True,absolute_round_label,1.0,1.0,1.0,1.0,False,2023-2011,Lyon,1.0,1.0,2023-9900,United Cup,0.0,0.0,31,31
2023,Madrid,Mutua Madrid Open,2023-1038,Madrid,Clay,Clay,1,95,95,1.0,1.0,pair_overlap_verified+exact_normalized_location+date_window+surface_agreement+draw_compatible+absolute_round_label,accepted,20,WTA1000,Outdoor,2023-04-25,2023-05-06,0,95,1.0,2023-04-24,96,PM,exact_normalized_location,True,True,absolute_round_label,1.0,1.0,1.0,1.0,False,2023-1038,Madrid,1.0,1.0,2023-709,Rome,0.031579,0.031579,95,95
2023,Melbourne,Australian Open,2023-580,Australian Open,Hard,Hard,0,127,127,1.0,1.0,pair_overlap_verified+exact_normalized_tournament+date_window+surface_agreement+draw_compatible+absolute_round_label,accepted,5,Grand Slam,Outdoor,2023-01-16,2023-01-28,0,127,1.0,2023-01-16,128,G,exact_normalized_tournament,True,True,absolute_round_label,1.0,1.0,0.992126,0.992126,False,2023-580,Australian Open,1.0,1.0,2023-540,Wimbledon,0.023622,0.023622,127,127
2023,Merida,Merida Open,2023-2085,Merida,Hard,Hard,0,31,31,1.0,1.0,pair_overlap_verified+exact_normalized_location+date_window+surface_agreement+draw_compatible+absolute_round_label,accepted,12,WTA250,Outdoor,2023-02-20,2023-02-27,0,31,1.0,2023-02-20,32,I,exact_normalized_location,True,True,absolute_round_label,1.0,1.0,1.0,1.0,False,2023-2085,Merida,1.0,1.0,2023-1074,Hong Kong,0.032258,0.032258,31,31
2023,Miami,Miami Open,2023-902,Miami,Hard,Hard,1,95,95,1.0,1.0,pair_overlap_verified+exact_normalized_location+date_window+surface_agreement+draw_compatible+absolute_round_label,accepted,16,WTA1000,Outdoor,2023-03-21,2023-04-01,0,95,1.0,2023-03-20,96,PM,exact_normalized_location,True,True,absolute_round_label,1.0,1.0,0.989474,0.989474,False,2023-902,Miami,1.0,1.0,2023-609,Indian Wells,0.021053,0.021053,95,95
2023,Monastir,Jasmin Open,2023-2072,Monastir,Hard,Hard,0,31,31,1.0,1.0,pair_overlap_verified+exact_normalized_location+date_window+surface_agreement+draw_compatible+absolute_round_label,accepted,54,WTA250,Outdoor,2023-10-16,2023-10-22,0,31,1.0,2023-10-16,32,I,exact_normalized_location,True,True,absolute_round_label,1.0,1.0,1.0,1.0,False,2023-2072,Monastir,1.0,1.0,2023-405,Osaka,0.032258,0.032258,31,31
2023,Monterrey,Monterrey Open,2023-1039,Monterrey,Hard,Hard,0,31,31,1.0,1.0,pair_overlap_verified+exact_normalized_location+date_window+surface_agreement+draw_compatible+absolute_round_label,accepted,14,WTA250,Outdoor,2023-02-27,2023-03-05,0,31,1.0,2023-02-27,32,I,exact_normalized_location,True,True,absolute_round_label,1.0,1.0,1.0,1.0,False,2023-1039,Monterrey,1.0,1.0,2023-1094,Lausanne,0.032258,0.032258,31,31
2023,Montreal,Canadian Open,2023-806,Montreal,Hard,Hard,0,55,55,1.0,1.0,pair_overlap_verified+exact_normalized_location+date_window+surface_agreement+draw_compatible+absolute_round_label,accepted,39,WTA1000,Outdoor,2023-08-07,2023-08-13,0,55,1.0,2023-08-07,64,P,exact_normalized_location,True,True,absolute_round_label,1.0,1.0,1.0,1.0,False,2023-806,Montreal,1.0,1.0,2023-718,Dubai,0.036364,0.036364,55,55
2023,Nanchang,Jiangxi Tennis Open,2023-1077,Nanchang,Hard,Hard,0,31,31,1.0,1.0,pair_overlap_verified+exact_normalized_location+date_window+surface_agreement+draw_compatible+absolute_round_label,accepted,55,WTA250,Outdoor,2023-10-16,2023-10-22,0,31,1.0,2023-10-16,32,I,exact_normalized_location,True,True,absolute_round_label,1.0,1.0,1.0,1.0,False,2023-1077,Nanchang,1.0,1.0,2023-1074,Hong Kong,0.032258,0.032258,31,31
2023,New York,US Open,2023-560,Us Open,Hard,Hard,0,127,127,0.992126,0.992126,pair_overlap_verified+exact_normalized_tournament+date_window+surface_agreement+draw_compatible+absolute_round_label,accepted,42,Grand Slam,Outdoor,2023-08-28,2023-09-09,0,127,1.0,2023-08-28,128,G,exact_normalized_tournament,True,True,absolute_round_label,0.992126,0.992126,0.992126,0.992126,False,2023-560,Us Open,0.992126,0.992126,2023-800,Adelaide 1,0.007874,0.034483,127,127
2023,Ningbo,Ningbo Open,2023-2092,Ningbo,Hard,Hard,0,31,31,1.0,1.0,pair_overlap_verified+exact_normalized_location+date_window+surface_agreement+draw_compatible+absolute_round_label,accepted,47,WTA250,Outdoor,2023-09-25,2023-09-30,0,31,1.0,2023-09-25,32,I,exact_normalized_location,True,True,absolute_round_label,1.0,1.0,1.0,1.0,False,2023-2092,Ningbo,1.0,1.0,2023-9900,United Cup,0.0,0.0,31,31
2023,Nottingham,Nottingham Open,2023-1080,Nottingham,Grass,Grass,0,31,31,1.0,1.0,pair_overlap_verified+exact_normalized_location+date_window+surface_agreement+draw_compatible+absolute_round_label,accepted,26,WTA250,Outdoor,2023-06-12,2023-06-18,0,31,1.0,2023-06-12,32,I,exact_normalized_location,True,True,absolute_round_label,1.0,1.0,1.0,1.0,False,2023-1080,Nottingham,1.0,1.0,2023-1052,Birmingham,0.032258,0.032258,31,31
2023,Osaka,Japan Open,2023-405,Osaka,Hard,Hard,0,31,31,1.0,1.0,pair_overlap_verified+exact_normalized_location+date_window+surface_agreement+draw_compatible+absolute_round_label,accepted,43,WTA250,Outdoor,2023-09-11,2023-09-17,0,31,1.0,2023-09-11,32,I,exact_normalized_location,True,True,absolute_round_label,1.0,1.0,1.0,1.0,False,2023-405,Osaka,1.0,1.0,2023-1096,Hua Hin,0.064516,0.064516,31,31
2023,Palermo,Internazionali Femminili di Palermo,2023-466,Palermo,Clay,Clay,0,31,31,1.0,1.0,pair_overlap_verified+exact_normalized_location+date_window+surface_agreement+draw_compatible+absolute_round_label,accepted,33,WTA250,Outdoor,2023-07-17,2023-07-23,0,31,1.0,2023-07-17,32,I,exact_normalized_location,True,True,absolute_round_label,1.0,1.0,1.0,1.0,False,2023-466,Palermo,1.0,1.0,2023-9900,United Cup,0.0,0.0,31,31
2023,Paris,French Open,2023-520,Roland Garros,Clay,Clay,-1,127,127,1.0,1.0,pair_overlap_verified+name_unmatched+date_window+surface_agreement+draw_compatible+absolute_round_label,accepted,24,Grand Slam,Outdoor,2023-05-28,2023-06-10,0,127,1.0,2023-05-29,128,G,none,True,True,absolute_round_label,1.0,1.0,1.0,1.0,False,2023-520,Roland Garros,1.0,1.0,2023-609,Indian Wells,0.015748,0.021053,127,127
2023,Prague,Prague Open,2023-1082,Prague,Hard,Hard,0,31,31,1.0,1.0,pair_overlap_verified+exact_normalized_location+date_window+surface_agreement+draw_compatible+absolute_round_label,accepted,37,WTA250,Outdoor,2023-07-31,2023-08-07,0,31,1.0,2023-07-31,32,I,exact_normalized_location,True,True,absolute_round_label,1.0,1.0,1.0,1.0,False,2023-1082,Prague,1.0,1.0,2023-9900,United Cup,0.0,0.0,31,31
2023,Rabat,Morocco Open,2023-1005,Rabat,Clay,Clay,-1,31,31,1.0,1.0,pair_overlap_verified+exact_normalized_location+date_window+surface_agreement+draw_compatible+absolute_round_label,accepted,22,WTA250,Outdoor,2023-05-21,2023-05-27,0,31,1.0,2023-05-22,32,I,exact_normalized_location,True,True,absolute_round_label,1.0,1.0,1.0,1.0,False,2023-1005,Rabat,1.0,1.0,2023-9900,United Cup,0.0,0.0,31,31
2023,Rome,Internazionali BNL d'Italia,2023-709,Rome,Clay,Clay,1,95,95,1.0,1.0,pair_overlap_verified+exact_normalized_location+date_window+surface_agreement+draw_compatible+absolute_round_label,accepted,21,WTA1000,Outdoor,2023-05-09,2023-05-20,0,95,1.0,2023-05-08,96,PM,exact_normalized_location,True,True,absolute_round_label,1.0,1.0,1.0,1.0,False,2023-709,Rome,1.0,1.0,2023-1038,Madrid,0.031579,0.031579,95,95
2023,San Diego,San Diego Open,2023-2074,San Diego,Hard,Hard,0,27,27,1.0,1.0,pair_overlap_verified+exact_normalized_location+date_window+surface_agreement+draw_compatible+absolute_round_label,accepted,44,WTA500,Outdoor,2023-09-11,2023-09-17,0,27,1.0,2023-09-11,32,P,exact_normalized_location,True,True,absolute_round_label,1.0,1.0,1.0,1.0,False,2023-2074,San Diego,1.0,1.0,2023-9900,United Cup,0.0,0.0,27,27
2023,Seoul,Korea Open,2023-1024,Seoul,Hard,Hard,0,31,31,1.0,1.0,pair_overlap_verified+exact_normalized_location+date_window+surface_agreement+draw_compatible+absolute_round_label,accepted,51,WTA250,Outdoor,2023-10-09,2023-10-15,0,31,1.0,2023-10-09,32,I,exact_normalized_location,True,True,absolute_round_label,1.0,1.0,1.0,1.0,False,2023-1024,Seoul,1.0,1.0,2023-9900,United Cup,0.0,0.0,31,31
2023,Strasbourg,Internationaux de Strasbourg,2023-406,Strasbourg,Clay,Clay,-1,31,31,1.0,1.0,pair_overlap_verified+exact_normalized_location+date_window+surface_agreement+draw_compatible+absolute_round_label,accepted,23,WTA250,Outdoor,2023-05-21,2023-05-27,0,31,1.0,2023-05-22,32,I,exact_normalized_location,True,True,absolute_round_label,1.0,1.0,1.0,1.0,False,2023-406,Strasbourg,1.0,1.0,2023-9900,United Cup,0.0,0.0,31,31
2023,Stuttgart,Porsche Tennis Grand Prix,2023-1051,Stuttgart,Clay,Clay,0,27,27,1.0,1.0,pair_overlap_verified+exact_normalized_location+date_window+surface_agreement+draw_compatible+absolute_round_label,accepted,19,WTA500,Indoor,2023-04-17,2023-04-23,0,27,1.0,2023-04-17,32,P,exact_normalized_location,True,True,absolute_round_label,1.0,1.0,1.0,1.0,False,2023-1051,Stuttgart,1.0,1.0,2023-718,Dubai,0.074074,0.036364,27,27
2023,Tokyo,Toray Pan Pacific Open Tennis Tournament,2023-1056,Tokyo,Hard,Hard,0,27,27,1.0,1.0,pair_overlap_verified+exact_normalized_location+date_window+surface_agreement+draw_compatible+absolute_round_label,accepted,48,WTA500,Outdoor,2023-09-25,2023-10-01,0,27,1.0,2023-09-25,32,P,exact_normalized_location,True,True,absolute_round_label,1.0,1.0,1.0,1.0,False,2023-1056,Tokyo,1.0,1.0,2023-1003,Doha,0.074074,0.074074,27,27
2023,Warsaw,Poland Open,2023-2037,Warsaw,Clay,Hard,0,31,31,1.0,1.0,pair_overlap_verified+exact_normalized_location+date_window+draw_compatible+absolute_round_label,accepted,36,WTA250,Outdoor,2023-07-24,2023-07-30,0,31,1.0,2023-07-24,32,I,exact_normalized_location,False,True,absolute_round_label,1.0,1.0,1.0,1.0,False,2023-2037,Warsaw,1.0,1.0,2023-1096,Hua Hin,0.032258,0.032258,31,31
2023,Washington,Citi Open,2023-1045,Washington,Hard,Hard,0,27,27,1.0,1.0,pair_overlap_verified+exact_normalized_location+date_window+surface_agreement+draw_compatible+absolute_round_label,accepted,38,WTA500,Outdoor,2023-07-31,2023-08-06,0,27,1.0,2023-07-31,32,P,exact_normalized_location,True,True,absolute_round_label,1.0,1.0,1.0,1.0,False,2023-1045,Washington,1.0,1.0,2023-1050,Hobart,0.037037,0.032258,27,27
2023,Zhengzhou,Zhengzhou Open,2023-2008,Zhengzhou,Hard,Hard,0,27,27,0.962963,0.962963,pair_overlap_verified+exact_normalized_location+date_window+surface_agreement+draw_compatible+absolute_round_label,accepted,52,WTA500,Outdoor,2023-10-09,2023-10-15,0,27,1.0,2023-10-09,32,P,exact_normalized_location,True,True,absolute_round_label,0.962963,0.962963,0.962963,0.962963,False,2023-2008,Zhengzhou,0.962963,0.962963,2023-1056,Tokyo,0.037037,0.037037,27,27
2023,Zhuhai,WTA Elite Trophy,2023-1081,Zhuhai,Hard,Hard,1,15,15,1.0,1.0,pair_overlap_verified+exact_normalized_location+date_window+surface_agreement+draw_compatible+absolute_round_label,accepted,56,Tour Championships,Indoor,2023-10-24,2023-10-29,0,15,1.0,2023-10-23,12,F,exact_normalized_location,True,True,absolute_round_label,1.0,1.0,1.0,1.0,False,2023-1081,Zhuhai,1.0,1.0,2023-9900,United Cup,0.0,0.0,15,15
2024,'s-Hertogenbosch,Rosmalen Grass Court Championships,2024-822,s Hertogenbosch,Grass,Grass,0,31,31,1.0,1.0,pair_overlap_verified+exact_normalized_location+date_window+surface_agreement+draw_compatible+absolute_round_label,accepted,25,WTA250,Outdoor,2024-06-10,2024-06-16,0,31,1.0,2024-06-10,32,I,exact_normalized_location,True,True,absolute_round_label,1.0,1.0,1.0,1.0,False,2024-822,s Hertogenbosch,1.0,1.0,2024-9900,United Cup,0.0,0.0,31,31
2024,Abu Dhabi,Abu Dhabi WTA Women's Tennis Open,2024-2088,Abu Dhabi,Hard,Hard,0,27,27,1.0,1.0,pair_overlap_verified+exact_normalized_location+date_window+surface_agreement+draw_compatible+absolute_round_label,accepted,8,WTA500,Outdoor,2024-02-05,2024-02-11,0,27,1.0,2024-02-05,32,P,exact_normalized_location,True,True,absolute_round_label,1.0,1.0,1.0,1.0,False,2024-2088,Abu Dhabi,1.0,1.0,2024-9900,United Cup,0.0,0.0,27,27
2024,Adelaide,Adelaide International,2024-2014,Adelaide,Hard,Hard,0,29,29,1.0,1.0,pair_overlap_verified+exact_normalized_location+date_window+surface_agreement+draw_compatible+absolute_round_label,accepted,3,WTA500,Outdoor,2024-01-08,2024-01-13,0,29,1.0,2024-01-08,32,P,exact_normalized_location,True,True,absolute_round_label,1.0,1.0,1.0,1.0,False,2024-2014,Adelaide,1.0,1.0,2024-804,Charleston,0.034483,0.021277,29,29
2024,Auckland,ASB Classic,2024-1049,Auckland,Hard,Hard,-1,31,31,1.0,1.0,pair_overlap_verified+exact_normalized_location+date_window+surface_agreement+draw_compatible+absolute_round_label,accepted,1,WTA250,Outdoor,2023-12-31,2024-01-07,0,31,1.0,2024-01-01,32,I,exact_normalized_location,True,True,absolute_round_label,1.0,1.0,1.0,1.0,False,2024-1049,Auckland,1.0,1.0,2024-1023,Guangzhou,0.032258,0.032258,31,31
2024,Austin,ATX Open,2024-2082,Austin,Hard,Hard,0,31,31,1.0,1.0,pair_overlap_verified+exact_normalized_location+date_window+surface_agreement+draw_compatible+absolute_round_label,accepted,12,WTA250,Outdoor,2024-02-26,2024-03-03,0,31,1.0,2024-02-26,32,I,exact_normalized_location,True,True,absolute_round_label,1.0,1.0,1.0,1.0,False,2024-2082,Austin,1.0,1.0,2024-1082,Prague,0.032258,0.032258,31,31
2024,Bad Homburg,Bad Homburg Open,2024-2017,Bad Homburg,Grass,Grass,-1,31,31,1.0,1.0,pair_overlap_verified+exact_normalized_location+date_window+surface_agreement+draw_compatible+absolute_round_label,accepted,29,WTA250,Outdoor,2024-06-23,2024-06-29,0,31,1.0,2024-06-24,32,P,exact_normalized_location,True,True,absolute_round_label,1.0,1.0,1.0,1.0,False,2024-2017,Bad Homburg,1.0,1.0,2024-528,Linz,0.032258,0.037037,31,31
2024,Beijing,China Open,2024-1020,Beijing,Hard,Hard,0,95,95,1.0,1.0,pair_overlap_verified+exact_normalized_location+date_window+surface_agreement+draw_compatible+absolute_round_label,accepted,46,WTA1000,Outdoor,2024-09-25,2024-10-06,0,95,1.0,2024-09-25,128,PM,exact_normalized_location,True,True,absolute_round_label,1.0,1.0,1.0,1.0,False,2024-1020,Beijing,1.0,1.0,2024-609,Indian Wells,0.010526,0.010526,95,95
2024,Berlin,German Open,2024-2012,Berlin,Grass,Grass,0,27,27,1.0,1.0,pair_overlap_verified+exact_normalized_location+date_window+surface_agreement+draw_compatible+absolute_round_label,accepted,27,WTA500,Outdoor,2024-06-17,2024-06-23,0,27,1.0,2024-06-17,32,P,exact_normalized_location,True,True,absolute_round_label,1.0,1.0,1.0,1.0,False,2024-2012,Berlin,1.0,1.0,2024-1051,Stuttgart,0.037037,0.037037,27,27
2024,Birmingham,Rothesay Classic,2024-1052,Birmingham,Grass,Grass,0,31,31,1.0,1.0,pair_overlap_verified+exact_normalized_location+date_window+surface_agreement+draw_compatible+absolute_round_label,accepted,28,WTA250,Outdoor,2024-06-17,2024-06-23,0,31,1.0,2024-06-17,32,I,exact_normalized_location,True,True,absolute_round_label,1.0,1.0,1.0,1.0,False,2024-1052,Birmingham,1.0,1.0,2024-902,Miami,0.032258,0.010526,31,31
2024,Bogota,Copa Colsanitas,2024-894,Bogota,Clay,Clay,0,31,31,1.0,1.0,pair_overlap_verified+exact_normalized_location+date_window+surface_agreement+draw_compatible+absolute_round_label,accepted,16,WTA250,Outdoor,2024-04-01,2024-04-07,0,31,1.0,2024-04-01,32,I,exact_normalized_location,True,True,absolute_round_label,1.0,1.0,1.0,1.0,False,2024-894,Bogota,1.0,1.0,2024-9900,United Cup,0.0,0.0,31,31
2024,Brisbane,Brisbane International,2024-800,Brisbane,Hard,Hard,-1,47,47,1.0,1.0,pair_overlap_verified+exact_normalized_location+date_window+surface_agreement+draw_compatible+absolute_round_label,accepted,2,WTA500,Outdoor,2023-12-31,2024-01-07,0,47,1.0,2024-01-01,64,P,exact_normalized_location,True,True,absolute_round_label,1.0,1.0,1.0,1.0,False,2024-800,Brisbane,1.0,1.0,2024-2012,Berlin,0.021277,0.037037,47,47
2024,Budapest,Budapest Open,2024-2036,Budapest,Clay,Clay,0,31,31,1.0,1.0,pair_overlap_verified+exact_normalized_location+date_window+surface_agreement+draw_compatible+absolute_round_label,accepted,32,WTA250,Outdoor,2024-07-15,2024-07-21,0,31,1.0,2024-07-15,32,I,exact_normalized_location,True,True,absolute_round_label,1.0,1.0,1.0,1.0,False,2024-2036,Budapest,1.0,1.0,2024-9900,United Cup,0.0,0.0,31,31
2024,Charleston,Charleston Open,2024-804,Charleston,Clay,Clay,0,47,47,1.0,1.0,pair_overlap_verified+exact_normalized_location+date_window+surface_agreement+draw_compatible+absolute_round_label,accepted,17,WTA500,Outdoor,2024-04-01,2024-04-07,0,47,1.0,2024-04-01,64,P,exact_normalized_location,True,True,absolute_round_label,1.0,1.0,1.0,1.0,False,2024-804,Charleston,1.0,1.0,2024-2014,Adelaide,0.021277,0.034483,47,47
2024,Cincinnati,Western & Southern Financial Group Women's Open,2024-1017,Cincinnati,Hard,Hard,1,55,55,1.0,1.0,pair_overlap_verified+exact_normalized_location+date_window+surface_agreement+draw_compatible+absolute_round_label,accepted,38,WTA1000,Outdoor,2024-08-13,2024-08-19,0,55,1.0,2024-08-12,64,PM,exact_normalized_location,True,True,absolute_round_label,1.0,1.0,1.0,1.0,False,2024-1017,Cincinnati,1.0,1.0,2024-1038,Madrid,0.018182,0.010526,55,55
2024,Cleveland,Tennis in the Land,2024-2040,Cleveland,Hard,Hard,0,31,31,1.0,1.0,pair_overlap_verified+exact_normalized_location+date_window+surface_agreement+draw_compatible+absolute_round_label,accepted,39,WTA250,Outdoor,2024-08-19,2024-08-24,0,31,1.0,2024-08-19,32,I,exact_normalized_location,True,True,absolute_round_label,1.0,1.0,1.0,1.0,False,2024-2040,Cleveland,1.0,1.0,2024-9900,United Cup,0.0,0.0,31,31
2024,Cluj-Napoca,Transylvania Open,2024-2050,Cluj-Napoca,Hard,Hard,0,31,31,1.0,1.0,pair_overlap_verified+exact_normalized_location+date_window+surface_agreement+draw_compatible+absolute_round_label,accepted,9,WTA250,Indoor,2024-02-05,2024-02-11,0,31,1.0,2024-02-05,32,I,exact_normalized_location,True,True,absolute_round_label,1.0,1.0,1.0,1.0,False,2024-2050,Cluj-Napoca,1.0,1.0,2024-9900,United Cup,0.0,0.0,31,31
2024,Doha,Qatar Open,2024-1003,Doha,Hard,Hard,-1,55,55,1.0,1.0,pair_overlap_verified+exact_normalized_location+date_window+surface_agreement+draw_compatible+absolute_round_label,accepted,10,WTA1000,Outdoor,2024-02-11,2024-02-17,0,55,1.0,2024-02-12,64,P,exact_normalized_location,True,True,absolute_round_label,1.0,1.0,1.0,1.0,False,2024-1003,Doha,1.0,1.0,2024-800,Brisbane,0.018182,0.021277,55,55
2024,Dubai,Dubai Duty Free Tennis Championships,2024-718,Dubai,Hard,Hard,-1,55,55,1.0,1.0,pair_overlap_verified+exact_normalized_location+date_window+surface_agreement+draw_compatible+absolute_round_label,accepted,11,WTA1000,Outdoor,2024-02-18,2024-02-24,0,55,1.0,2024-02-19,64,P,exact_normalized_location,True,True,absolute_round_label,1.0,1.0,1.0,1.0,False,2024-718,Dubai,1.0,1.0,2024-9900,United Cup,0.018182,0.04,55,55
2024,Eastbourne,Rothesay International,2024-710,Eastbourne,Grass,Grass,0,27,27,1.0,1.0,pair_overlap_verified+exact_normalized_location+date_window+surface_agreement+draw_compatible+absolute_round_label,accepted,30,WTA500,Outdoor,2024-06-24,2024-06-29,0,27,1.0,2024-06-24,32,P,exact_normalized_location,True,True,absolute_round_label,1.0,1.0,1.0,1.0,False,2024-710,Eastbourne,1.0,1.0,2024-1024,Seoul,0.037037,0.037037,27,27
2024,Guadalajara,Guadalajara Open,2024-2075,Guadalajara,Hard,Hard,0,27,27,0.962963,0.962963,pair_overlap_verified+exact_normalized_location+date_window+surface_agreement+draw_compatible+absolute_round_label,accepted,42,WTA500,Outdoor,2024-09-09,2024-09-16,0,27,1.0,2024-09-09,32,P,exact_normalized_location,True,True,absolute_round_label,1.0,1.0,0.962963,0.962963,False,2024-2075,Guadalajara,0.962963,0.962963,2024-1077,Jiujiang,0.037037,0.032258,27,27
2024,Guangzhou,Guangzhou Open,2024-1023,Guangzhou,Hard,Hard,0,31,31,1.0,1.0,pair_overlap_verified+exact_normalized_location+date_window+surface_agreement+draw_compatible+absolute_round_label,accepted,50,WTA250,Outdoor,2024-10-21,2024-10-27,0,31,1.0,2024-10-21,32,I,exact_normalized_location,True,True,absolute_round_label,1.0,1.0,1.0,1.0,False,2024-1023,Guangzhou,1.0,1.0,2024-1049,Auckland,0.032258,0.032258,31,31
2024,Hobart,Hobart International,2024-1050,Hobart,Hard,Hard,0,31,31,1.0,1.0,pair_overlap_verified+exact_normalized_location+date_window+surface_agreement+draw_compatible+absolute_round_label,accepted,4,WTA250,Outdoor,2024-01-08,2024-01-13,0,31,1.0,2024-01-08,32,I,exact_normalized_location,True,True,absolute_round_label,1.0,1.0,1.0,1.0,False,2024-1050,Hobart,1.0,1.0,2024-9900,United Cup,0.0,0.0,31,31
2024,Hong Kong,Hong Kong Tennis Open,2024-1074,Hong Kong,Hard,Hard,0,31,31,0.967742,0.967742,pair_overlap_verified+exact_normalized_location+date_window+surface_agreement+draw_compatible+absolute_round_label,accepted,52,WTA250,Outdoor,2024-10-28,2024-11-03,0,31,1.0,2024-10-28,32,I,exact_normalized_location,True,True,absolute_round_label,0.967742,0.967742,0.967742,0.967742,False,2024-1074,Hong Kong,0.967742,0.967742,2024-9900,United Cup,0.0,0.0,31,31
2024,Hua Hin,Thailand Open,2024-1096,Hua Hin,Hard,Hard,0,31,31,1.0,1.0,pair_overlap_verified+exact_normalized_location+date_window+surface_agreement+draw_compatible+absolute_round_label,accepted,6,WTA250,Outdoor,2024-01-29,2024-02-04,0,31,1.0,2024-01-29,32,I,exact_normalized_location,True,True,absolute_round_label,1.0,1.0,1.0,1.0,False,2024-1096,Hua Hin,1.0,1.0,2024-9900,United Cup,0.0,0.0,31,31
2024,Hua Hin,Thailand Open 2,2024-1121,Hua Hin 2,Hard,Hard,0,31,31,1.0,1.0,pair_overlap_verified+core_location+date_window+surface_agreement+draw_compatible+absolute_round_label,accepted,44,WTA250,Outdoor,2024-09-16,2024-09-22,0,31,1.0,2024-09-16,32,I,core_location,True,True,absolute_round_label,1.0,1.0,1.0,1.0,False,2024-1121,Hua Hin 2,1.0,1.0,2024-1075,Wuhan,0.032258,0.018182,31,31
2024,Iasi,Iasi Open,2024-2063,Iasi,Clay,Clay,-1,30,30,1.0,1.0,pair_overlap_verified+exact_normalized_location+date_window+surface_agreement+draw_compatible+absolute_round_label,accepted,34,WTA250,Outdoor,2024-07-21,2024-07-26,0,30,1.0,2024-07-22,32,I,exact_normalized_location,True,True,absolute_round_label,1.0,1.0,1.0,1.0,False,2024-2063,Iasi,1.0,1.0,2024-9900,United Cup,0.0,0.0,30,30
2024,Indian Wells,BNP Paribas Open,2024-609,Indian Wells,Hard,Hard,0,95,95,1.0,1.0,pair_overlap_verified+exact_normalized_location+date_window+surface_agreement+draw_compatible+absolute_round_label,accepted,14,WTA1000,Outdoor,2024-03-06,2024-03-17,0,95,1.0,2024-03-06,128,PM,exact_normalized_location,True,True,absolute_round_label,1.0,1.0,1.0,1.0,False,2024-609,Indian Wells,1.0,1.0,2024-902,Miami,0.042105,0.042105,95,95
2024,Jiujiang,Jiangxi Open,2024-1077,Jiujiang,Hard,Hard,0,31,31,1.0,1.0,pair_overlap_verified+exact_normalized_location+date_window+surface_agreement+draw_compatible+absolute_round_label,accepted,53,WTA250,Outdoor,2024-10-28,2024-11-03,0,31,1.0,2024-10-28,32,I,exact_normalized_location,True,True,absolute_round_label,1.0,1.0,1.0,1.0,False,2024-1077,Jiujiang,1.0,1.0,2024-2075,Guadalajara,0.032258,0.037037,31,31
2024,Linz,Ladies Linz Open,2024-528,Linz,Hard,Hard,0,27,27,1.0,1.0,pair_overlap_verified+exact_normalized_location+date_window+surface_agreement+draw_compatible+absolute_round_label,accepted,7,WTA500,Indoor,2024-01-29,2024-02-04,0,27,1.0,2024-01-29,32,P,exact_normalized_location,True,True,absolute_round_label,1.0,1.0,1.0,1.0,False,2024-528,Linz,1.0,1.0,2024-2017,Bad Homburg,0.037037,0.032258,27,27
2024,London,Wimbledon,2024-540,Wimbledon,Grass,Grass,0,127,127,1.0,1.0,pair_overlap_verified+exact_normalized_tournament+date_window+surface_agreement+draw_compatible+absolute_round_label,accepted,31,Grand Slam,Outdoor,2024-07-01,2024-07-13,0,127,1.0,2024-07-01,128,G,exact_normalized_tournament,True,True,absolute_round_label,1.0,1.0,1.0,1.0,False,2024-540,Wimbledon,1.0,1.0,2024-580,Australian Open,0.023622,0.023622,127,127
2024,Madrid,Mutua Madrid Open,2024-1038,Madrid,Clay,Clay,1,95,95,1.0,1.0,pair_overlap_verified+exact_normalized_location+date_window+surface_agreement+draw_compatible+absolute_round_label,accepted,20,WTA1000,Outdoor,2024-04-23,2024-05-04,0,95,1.0,2024-04-22,128,PM,exact_normalized_location,True,True,absolute_round_label,1.0,1.0,1.0,1.0,False,2024-1038,Madrid,1.0,1.0,2024-520,Roland Garros,0.021053,0.015748,95,95
2024,Melbourne,Australian Open,2024-580,Australian Open,Hard,Hard,-1,127,127,1.0,1.0,pair_overlap_verified+exact_normalized_tournament+date_window+surface_agreement+draw_compatible+absolute_round_label,accepted,5,Grand Slam,Outdoor,2024-01-14,2024-01-27,0,127,1.0,2024-01-15,128,G,exact_normalized_tournament,True,True,absolute_round_label,1.0,1.0,1.0,1.0,False,2024-580,Australian Open,1.0,1.0,2024-540,Wimbledon,0.023622,0.023622,127,127
2024,Merida,Merida Open,2024-2085,Merida,Hard,Hard,0,31,31,1.0,1.0,pair_overlap_verified+exact_normalized_location+date_window+surface_agreement+draw_compatible+absolute_round_label,accepted,54,WTA250,Outdoor,2024-10-28,2024-11-04,0,31,1.0,2024-10-28,32,I,exact_normalized_location,True,True,absolute_round_label,1.0,1.0,0.967742,0.967742,False,2024-2085,Merida,1.0,1.0,2024-9900,United Cup,0.0,0.0,31,31
2024,Miami,Miami Open,2024-902,Miami,Hard,Hard,1,95,95,1.0,1.0,pair_overlap_verified+exact_normalized_location+date_window+surface_agreement+draw_compatible+absolute_round_label,accepted,15,WTA1000,Outdoor,2024-03-19,2024-03-30,0,95,1.0,2024-03-18,128,PM,exact_normalized_location,True,True,absolute_round_label,1.0,1.0,1.0,1.0,False,2024-902,Miami,1.0,1.0,2024-609,Indian Wells,0.042105,0.042105,95,95
2024,Monastir,Jasmin Open,2024-2072,Monastir,Hard,Hard,0,31,31,1.0,1.0,pair_overlap_verified+exact_normalized_location+date_window+surface_agreement+draw_compatible+absolute_round_label,accepted,43,WTA250,Outdoor,2024-09-09,2024-09-15,0,31,1.0,2024-09-09,32,I,exact_normalized_location,True,True,absolute_round_label,1.0,1.0,1.0,1.0,False,2024-2072,Monastir,1.0,1.0,2024-9900,United Cup,0.0,0.0,31,31
2024,Monterrey,Monterrey Open,2024-1039,Monterrey,Hard,Hard,0,27,27,1.0,1.0,pair_overlap_verified+exact_normalized_location+date_window+surface_agreement+draw_compatible+absolute_round_label,accepted,40,WTA500,Outdoor,2024-08-19,2024-08-25,0,27,1.0,2024-08-19,32,P,exact_normalized_location,True,True,absolute_round_label,1.0,1.0,1.0,1.0,False,2024-1039,Monterrey,1.0,1.0,2024-9900,United Cup,0.0,0.0,27,27
2024,New York,US Open,2024-560,Us Open,Hard,Hard,0,127,127,1.0,1.0,pair_overlap_verified+exact_normalized_tournament+date_window+surface_agreement+draw_compatible+absolute_round_label,accepted,41,Grand Slam,Outdoor,2024-08-26,2024-09-07,0,127,1.0,2024-08-26,128,G,exact_normalized_tournament,True,True,absolute_round_label,1.0,1.0,1.0,1.0,False,2024-560,Us Open,1.0,1.0,2024-580,Australian Open,0.007874,0.007874,127,127
2024,Ningbo,Ningbo Open,2024-2092,Ningbo,Hard,Hard,0,27,27,1.0,1.0,pair_overlap_verified+exact_normalized_location+date_window+surface_agreement+draw_compatible+absolute_round_label,accepted,48,WTA500,Outdoor,2024-10-14,2024-10-20,0,27,1.0,2024-10-14,32,P,exact_normalized_location,True,True,absolute_round_label,1.0,1.0,1.0,1.0,False,2024-2092,Ningbo,1.0,1.0,2024-1051,Stuttgart,0.037037,0.037037,27,27
2024,Nottingham,Nottingham Open,2024-1080,Nottingham,Grass,Grass,0,31,31,1.0,1.0,pair_overlap_verified+exact_normalized_location+date_window+surface_agreement+draw_compatible+absolute_round_label,accepted,26,WTA250,Outdoor,2024-06-10,2024-06-16,0,31,1.0,2024-06-10,32,I,exact_normalized_location,True,True,absolute_round_label,1.0,1.0,1.0,1.0,False,2024-1080,Nottingham,1.0,1.0,2024-9900,United Cup,0.0,0.0,31,31
2024,Osaka,Japan Open,2024-405,Osaka,Hard,Hard,0,31,31,1.0,1.0,pair_overlap_verified+exact_normalized_location+date_window+surface_agreement+draw_compatible+absolute_round_label,accepted,49,WTA250,Outdoor,2024-10-14,2024-10-20,0,31,1.0,2024-10-14,32,I,exact_normalized_location,True,True,absolute_round_label,1.0,1.0,1.0,1.0,False,2024-405,Osaka,1.0,1.0,2024-9900,United Cup,0.0,0.0,31,31
2024,Palermo,Internazionali Femminili di Palermo,2024-466,Palermo,Clay,Clay,0,31,31,1.0,1.0,pair_overlap_verified+exact_normalized_location+date_window+surface_agreement+draw_compatible+absolute_round_label,accepted,33,WTA250,Outdoor,2024-07-15,2024-07-21,0,31,1.0,2024-07-15,32,I,exact_normalized_location,True,True,absolute_round_label,1.0,1.0,1.0,1.0,False,2024-466,Palermo,1.0,1.0,2024-9900,United Cup,0.0,0.0,31,31
2024,Paris,French Open,2024-520,Roland Garros,Clay,Clay,-1,127,127,1.0,1.0,pair_overlap_verified+name_unmatched+date_window+surface_agreement+draw_compatible+absolute_round_label,accepted,24,Grand Slam,Outdoor,2024-05-26,2024-06-08,0,127,1.0,2024-05-27,128,G,none,True,True,absolute_round_label,1.0,1.0,1.0,1.0,False,2024-520,Roland Garros,1.0,1.0,2024-1038,Madrid,0.015748,0.021053,127,127
2024,Prague,Prague Open,2024-1082,Prague,Clay,Clay,-1,31,31,1.0,1.0,pair_overlap_verified+exact_normalized_location+date_window+surface_agreement+draw_compatible+absolute_round_label,accepted,35,WTA250,Outdoor,2024-07-21,2024-07-26,0,31,1.0,2024-07-22,32,I,exact_normalized_location,True,True,absolute_round_label,1.0,1.0,0.870968,0.870968,True,2024-1082,Prague,1.0,1.0,2024-2082,Austin,0.032258,0.032258,31,31
2024,Rabat,Morocco Open,2024-1005,Rabat,Clay,Clay,-1,31,31,0.967742,0.967742,pair_overlap_verified+exact_normalized_location+date_window+surface_agreement+draw_compatible+absolute_round_label,accepted,22,WTA250,Outdoor,2024-05-19,2024-05-25,0,31,1.0,2024-05-20,32,I,exact_normalized_location,True,True,absolute_round_label,1.0,1.0,0.967742,0.967742,False,2024-1005,Rabat,0.967742,0.967742,2024-9900,United Cup,0.0,0.0,31,31
2024,Riyadh,WTA Finals,2024-808,Riyadh Finals,Hard,Hard,-2,15,15,0.933333,0.933333,pair_overlap_verified+core_location+date_window+surface_agreement+draw_compatible+absolute_round_label,accepted,55,Tour Championships,Indoor,2024-11-02,2024-11-09,0,15,1.0,2024-11-04,8,F,core_location,True,True,absolute_round_label,0.933333,0.933333,0.933333,0.933333,False,2024-808,Riyadh Finals,0.933333,0.933333,2024-718,Dubai,0.066667,0.018182,15,15
2024,Rome,Internazionali BNL d'Italia,2024-709,Rome,Clay,Clay,1,95,95,1.0,1.0,pair_overlap_verified+exact_normalized_location+date_window+surface_agreement+draw_compatible+absolute_round_label,accepted,21,WTA1000,Outdoor,2024-05-07,2024-05-18,0,95,1.0,2024-05-06,128,PM,exact_normalized_location,True,True,absolute_round_label,1.0,1.0,1.0,1.0,False,2024-709,Rome,1.0,1.0,2024-1051,Stuttgart,0.010526,0.037037,95,95
2024,Rouen,Open de Rouen,2024-2066,Rouen,Clay,Clay,0,31,31,1.0,1.0,pair_overlap_verified+exact_normalized_location+date_window+surface_agreement+draw_compatible+absolute_round_label,accepted,18,WTA250,Indoor,2024-04-15,2024-04-21,0,31,1.0,2024-04-15,32,I,exact_normalized_location,True,True,absolute_round_label,1.0,1.0,1.0,1.0,False,2024-2066,Rouen,1.0,1.0,2024-9900,United Cup,0.0,0.0,31,31
2024,San Diego,San Diego Open,2024-2074,San Diego,Hard,Hard,0,27,27,1.0,1.0,pair_overlap_verified+exact_normalized_location+date_window+surface_agreement+draw_compatible+absolute_round_label,accepted,13,WTA500,Outdoor,2024-02-26,2024-03-03,0,27,1.0,2024-02-26,32,P,exact_normalized_location,True,True,absolute_round_label,1.0,1.0,1.0,1.0,False,2024-2074,San Diego,1.0,1.0,2024-9900,United Cup,0.0,0.0,27,27
2024,Seoul,Korea Open,2024-1024,Seoul,Hard,Hard,0,27,27,1.0,1.0,pair_overlap_verified+exact_normalized_location+date_window+surface_agreement+draw_compatible+absolute_round_label,accepted,45,WTA500,Outdoor,2024-09-16,2024-09-22,0,27,1.0,2024-09-16,32,P,exact_normalized_location,True,True,absolute_round_label,1.0,1.0,1.0,1.0,False,2024-1024,Seoul,1.0,1.0,2024-710,Eastbourne,0.037037,0.037037,27,27
2024,Strasbourg,Internationaux de Strasbourg,2024-406,Strasbourg,Clay,Clay,-1,27,27,1.0,1.0,pair_overlap_verified+exact_normalized_location+date_window+surface_agreement+draw_compatible+absolute_round_label,accepted,23,WTA500,Outdoor,2024-05-19,2024-05-25,0,27,1.0,2024-05-20,32,I,exact_normalized_location,True,True,absolute_round_label,1.0,1.0,1.0,1.0,False,2024-406,Strasbourg,1.0,1.0,2024-1003,Doha,0.037037,0.018182,27,27
2024,Stuttgart,Porsche Tennis Grand Prix,2024-1051,Stuttgart,Clay,Clay,0,27,27,1.0,1.0,pair_overlap_verified+exact_normalized_location+date_window+surface_agreement+draw_compatible+absolute_round_label,accepted,19,WTA500,Indoor,2024-04-15,2024-04-21,0,27,1.0,2024-04-15,32,P,exact_normalized_location,True,True,absolute_round_label,1.0,1.0,1.0,1.0,False,2024-1051,Stuttgart,1.0,1.0,2024-2012,Berlin,0.037037,0.037037,27,27
2024,Tokyo,Toray Pan Pacific Open Tennis Tournament,2024-1056,Tokyo,Hard,Hard,0,27,27,1.0,1.0,pair_overlap_verified+exact_normalized_location+date_window+surface_agreement+draw_compatible+absolute_round_label,accepted,51,WTA500,Outdoor,2024-10-21,2024-10-27,0,27,1.0,2024-10-21,32,P,exact_normalized_location,True,True,absolute_round_label,1.0,1.0,1.0,1.0,False,2024-1056,Tokyo,1.0,1.0,2024-9900,United Cup,0.0,0.0,27,27
2024,Toronto,Canadian Open,2024-806,Toronto,Hard,Hard,1,55,55,1.0,1.0,pair_overlap_verified+exact_normalized_location+date_window+surface_agreement+draw_compatible+absolute_round_label,accepted,37,WTA1000,Outdoor,2024-08-06,2024-08-12,0,55,1.0,2024-08-05,64,PM,exact_normalized_location,True,True,absolute_round_label,1.0,1.0,1.0,1.0,False,2024-806,Toronto,1.0,1.0,2024-609,Indian Wells,0.018182,0.010526,55,55
2024,Washington,Citi Open,2024-1045,Washington,Hard,Hard,0,27,27,1.0,1.0,pair_overlap_verified+exact_normalized_location+date_window+surface_agreement+draw_compatible+absolute_round_label,accepted,36,WTA500,Outdoor,2024-07-29,2024-08-04,0,27,1.0,2024-07-29,32,P,exact_normalized_location,True,True,absolute_round_label,1.0,1.0,1.0,1.0,False,2024-1045,Washington,1.0,1.0,2024-9900,United Cup,0.0,0.0,27,27
2024,Wuhan,Wuhan Open,2024-1075,Wuhan,Hard,Hard,0,55,55,1.0,1.0,pair_overlap_verified+exact_normalized_location+date_window+surface_agreement+draw_compatible+absolute_round_label,accepted,47,WTA1000,Outdoor,2024-10-07,2024-10-13,0,55,1.0,2024-10-07,64,PM,exact_normalized_location,True,True,absolute_round_label,1.0,1.0,1.0,1.0,False,2024-1075,Wuhan,1.0,1.0,2024-2082,Austin,0.018182,0.032258,55,55
